{
	"credit": "Made with Blockbench",
	"textures": {
		"0": "tardis:item/disk/blacker_plastic",
		"1": "tardis:item/glow_sticks/light_gray_plastic",
		"2": "tardis:item/glow_sticks/light_gray_glow",
		"particle": "tardis:item/disk/blacker_plastic"
	},
	"elements": [
		{
			"from": [5, 0, 5],
			"to": [11, 7, 11],
			"rotation": {"angle": 0, "axis": "y", "origin": [13, 8, 13]},
			"faces": {
				"north": {"uv": [0, 2, 6, 9], "texture": "#1"},
				"east": {"uv": [0, 2, 6, 9], "texture": "#1"},
				"south": {"uv": [0, 2, 6, 9], "texture": "#1"},
				"west": {"uv": [0, 2, 6, 9], "texture": "#1"},
				"up": {"uv": [0, 2, 6, 8], "texture": "#1"},
				"down": {"uv": [0, 2, 6, 8], "texture": "#1", "cullface": "down"}
			}
		},
		{
			"from": [5.5, 7, 5.5],
			"to": [10.5, 10, 10.5],
			"rotation": {"angle": 0, "axis": "y", "origin": [13.5, 8, 13.5]},
			"faces": {
				"north": {"uv": [0, 2, 5, 5], "texture": "#1"},
				"east": {"uv": [0, 2, 5, 5], "texture": "#1"},
				"south": {"uv": [0, 2, 5, 5], "texture": "#1"},
				"west": {"uv": [0, 2, 5, 5], "texture": "#1"}
			}
		},
		{
			"from": [6.5, 17, 6.5],
			"to": [9.5, 18, 9.5],
			"rotation": {"angle": 0, "axis": "y", "origin": [14.5, 8, 14.5]},
			"faces": {
				"north": {"uv": [0, 2, 3, 3], "texture": "#1", "cullface": "up"},
				"east": {"uv": [0, 2, 3, 3], "texture": "#1", "cullface": "up"},
				"south": {"uv": [0, 2, 3, 3], "texture": "#1", "cullface": "up"},
				"west": {"uv": [0, 2, 3, 3], "texture": "#1", "cullface": "up"}
			}
		},
		{
			"from": [6.5, 18, 6.5],
			"to": [9.5, 20, 9.5],
			"rotation": {"angle": 0, "axis": "y", "origin": [14.5, 8, 14.5]},
			"faces": {
				"north": {"uv": [0, 0, 3, 2], "texture": "#0", "cullface": "up"},
				"east": {"uv": [0, 0, 3, 2], "texture": "#0", "cullface": "up"},
				"south": {"uv": [0, 0, 3, 2], "texture": "#0", "cullface": "up"},
				"west": {"uv": [0, 0, 3, 2], "texture": "#0", "cullface": "up"},
				"up": {"uv": [13, 0, 16, 3], "texture": "#0", "cullface": "up"}
			}
		},
		{
			"from": [5, 10, 5],
			"to": [11, 17, 11],
			"rotation": {"angle": 0, "axis": "y", "origin": [13, 8, 13]},
			"faces": {
				"north": {"uv": [0, 2, 6, 9], "texture": "#1"},
				"east": {"uv": [0, 2, 6, 9], "texture": "#1"},
				"south": {"uv": [0, 2, 6, 9], "texture": "#1"},
				"west": {"uv": [0, 2, 6, 9], "texture": "#1"},
				"up": {"uv": [0, 2, 6, 8], "texture": "#1", "cullface": "up"},
				"down": {"uv": [0, 2, 6, 8], "texture": "#1"}
			}
		},
		{
			"from": [5.7, 0.5, 5.7],
			"to": [10.3, 13.5, 10.3],
			"rotation": {"angle": 0, "axis": "y", "origin": [13.7, 8, 13.7]},
			"faces": {
				"north": {"uv": [0, 1, 4.6, 14], "texture": "#2"},
				"east": {"uv": [0, 1, 4.6, 14], "texture": "#2"},
				"south": {"uv": [0, 1, 4.6, 14], "texture": "#2"},
				"west": {"uv": [0, 1, 4.6, 14], "texture": "#2"},
				"up": {"uv": [0, 1, 4.6, 5.6], "texture": "#2"},
				"down": {"uv": [0, 1, 4.6, 5.6], "texture": "#2"}
			}
		}
	],
	"display": {
		"thirdperson_righthand": {
			"rotation": [35, 0, 0],
			"translation": [0, 1, 1],
			"scale": [0.3, 0.3, 0.3]
		},
		"thirdperson_lefthand": {
			"rotation": [35, 0, 0],
			"translation": [0, 1, 1],
			"scale": [0.3, 0.3, 0.3]
		},
		"firstperson_righthand": {
			"rotation": [0, 90, -25],
			"translation": [1.13, 3.2, 1.13],
			"scale": [0.4, 0.4, 0.4]
		},
		"firstperson_lefthand": {
			"rotation": [0, -90, 25],
			"translation": [1.13, 3.2, 1.13],
			"scale": [0.4, 0.4, 0.4]
		},
		"ground": {
			"translation": [0, 3, 0],
			"scale": [0.5, 0.5, 0.5]
		},
		"gui": {
			"rotation": [35, 46, 0],
			"translation": [0, -1, 0],
			"scale": [0.7, 0.7, 0.7]
		},
		"fixed": {
			"translation": [0, -1.25, 0],
			"scale": [0.82, 0.82, 0.82]
		}
	}
}