{
	"credit": "Made with Blockbench",
	"textures": {
		"0": "tardis:block/ice",
		"particle": "tardis:block/ice"
	},
	"elements": [
		{
			"from": [6, 0.5, 6],
			"to": [10, 4.5, 10],
			"rotation": {"angle": 0, "axis": "y", "origin": [14, 8, 14]},
			"faces": {
				"north": {"uv": [5.75, 5.875, 9.75, 9.875], "texture": "#0"},
				"east": {"uv": [5.75, 5.875, 9.75, 9.875], "texture": "#0"},
				"south": {"uv": [5.75, 5.875, 9.75, 9.875], "texture": "#0"},
				"west": {"uv": [5.75, 5.875, 9.75, 9.875], "texture": "#0"},
				"up": {"uv": [5.75, 5.875, 9.75, 9.875], "texture": "#0"},
				"down": {"uv": [5.75, 5.875, 9.75, 9.875], "texture": "#0"}
			}
		},
		{
			"from": [6.5, 0, 6.5],
			"to": [9.5, 0.5, 9.5],
			"rotation": {"angle": 0, "axis": "y", "origin": [14.5, 8, 14.5]},
			"faces": {
				"north": {"uv": [5.75, 5.875, 8.75, 6.375], "texture": "#0"},
				"east": {"uv": [5.75, 5.875, 8.75, 6.375], "texture": "#0"},
				"south": {"uv": [5.75, 5.875, 8.75, 6.375], "texture": "#0"},
				"west": {"uv": [5.75, 5.875, 8.75, 6.375], "texture": "#0"},
				"down": {"uv": [5.75, 5.875, 8.75, 8.875], "texture": "#0", "cullface": "down"}
			}
		},
		{
			"from": [10, 1, 6.5],
			"to": [10.5, 4, 9.5],
			"rotation": {"angle": 0, "axis": "y", "origin": [8, 2.5, 8]},
			"faces": {
				"north": {"uv": [5.75, 5.875, 8.75, 6.375], "rotation": 270, "texture": "#0"},
				"east": {"uv": [5.75, 5.875, 8.75, 8.875], "rotation": 270, "texture": "#0"},
				"south": {"uv": [5.75, 5.875, 8.75, 6.375], "rotation": 270, "texture": "#0"},
				"up": {"uv": [5.75, 5.875, 8.75, 6.375], "rotation": 270, "texture": "#0"},
				"down": {"uv": [5.75, 5.875, 8.75, 6.375], "rotation": 270, "texture": "#0"}
			}
		},
		{
			"from": [6.5, 1, 10],
			"to": [9.5, 4, 10.5],
			"rotation": {"angle": 0, "axis": "y", "origin": [8, 2.5, 8]},
			"faces": {
				"east": {"uv": [5.75, 5.875, 8.75, 6.375], "rotation": 270, "texture": "#0"},
				"south": {"uv": [5.75, 5.875, 8.75, 8.875], "rotation": 270, "texture": "#0"},
				"west": {"uv": [5.75, 5.875, 8.75, 6.375], "rotation": 270, "texture": "#0"},
				"up": {"uv": [5.75, 5.875, 6.25, 8.875], "rotation": 270, "texture": "#0"},
				"down": {"uv": [5.75, 5.875, 6.25, 8.875], "rotation": 270, "texture": "#0"}
			}
		},
		{
			"from": [6.5, 4.5, 6.5],
			"to": [9.5, 5, 9.5],
			"rotation": {"angle": 0, "axis": "y", "origin": [14.5, 15.75, 14.5]},
			"faces": {
				"north": {"uv": [5.75, 5.875, 8.75, 6.375], "texture": "#0"},
				"east": {"uv": [5.75, 5.875, 8.75, 6.375], "texture": "#0"},
				"south": {"uv": [5.75, 5.875, 8.75, 6.375], "texture": "#0"},
				"west": {"uv": [5.75, 5.875, 8.75, 6.375], "texture": "#0"},
				"up": {"uv": [5.75, 5.875, 8.75, 8.875], "texture": "#0"}
			}
		},
		{
			"from": [5.5, 1, 6.5],
			"to": [6, 4, 9.5],
			"rotation": {"angle": 0, "axis": "y", "origin": [8, 2.5, 8]},
			"faces": {
				"north": {"uv": [5.75, 5.875, 8.75, 6.375], "rotation": 270, "texture": "#0"},
				"south": {"uv": [5.75, 5.875, 8.75, 6.375], "rotation": 270, "texture": "#0"},
				"west": {"uv": [5.75, 5.875, 8.75, 8.875], "rotation": 270, "texture": "#0"},
				"up": {"uv": [5.75, 5.875, 8.75, 6.375], "rotation": 270, "texture": "#0"},
				"down": {"uv": [5.75, 5.875, 8.75, 6.375], "rotation": 270, "texture": "#0"}
			}
		},
		{
			"from": [6.5, 1, 5.5],
			"to": [9.5, 4, 6],
			"rotation": {"angle": 0, "axis": "y", "origin": [8, 2.5, 8]},
			"faces": {
				"north": {"uv": [5.75, 5.875, 8.75, 8.875], "rotation": 270, "texture": "#0"},
				"east": {"uv": [5.75, 5.875, 8.75, 6.375], "rotation": 270, "texture": "#0"},
				"west": {"uv": [5.75, 5.875, 8.75, 6.375], "rotation": 270, "texture": "#0"},
				"up": {"uv": [5.75, 5.875, 6.25, 8.875], "rotation": 270, "texture": "#0"},
				"down": {"uv": [5.75, 5.875, 6.25, 8.875], "rotation": 270, "texture": "#0"}
			}
		}
	],
	"display": {
		"thirdperson_righthand": {
			"translation": [0, 3, 1],
			"scale": [0.55, 0.55, 0.55]
		},
		"thirdperson_lefthand": {
			"translation": [0, 3, 1],
			"scale": [0.55, 0.55, 0.55]
		},
		"firstperson_righthand": {
			"rotation": [0, -90, 25],
			"translation": [1, 5, 1],
			"scale": [0.68, 0.68, 0.68]
		},
		"firstperson_lefthand": {
			"rotation": [0, -90, 25],
			"translation": [1, 5, 1],
			"scale": [0.68, 0.68, 0.68]
		},
		"ground": {
			"translation": [0, 3, 0],
			"scale": [0.5, 0.5, 0.5]
		},
		"gui": {
			"rotation": [45, -45, 0],
			"translation": [0, 4, 0],
			"scale": [1.5, 1.5, 1.5]
		},
		"fixed": {
			"rotation": [0, 180, 0],
			"translation": [0, 3, 0]
		}
	}
}