{
	"credit": "Made with Blockbench",
	"textures": {
		"0": "tardis:item/chemistry/super_fertiliser_1",
		"1": "tardis:item/chemistry/super_fertiliser_2",
		"particle": "tardis:item/chemistry/super_fertiliser_1"
	},
	"elements": [
		{
			"from": [2, 0, 6],
			"to": [14, 16, 10],
			"rotation": {"angle": 0, "axis": "y", "origin": [10, 8, 14]},
			"faces": {
				"north": {"uv": [0, 0, 12, 16], "texture": "#0"},
				"east": {"uv": [12, 0, 16, 16], "texture": "#0"},
				"south": {"uv": [0, 0, 12, 16], "texture": "#0"},
				"west": {"uv": [12, 0, 16, 16], "texture": "#1"},
				"up": {"uv": [0, 0, 12, 4], "texture": "#1"},
				"down": {"uv": [0, 12, 12, 16], "texture": "#1"}
			}
		},
		{
			"from": [10, 14, 6.35],
			"to": [11.5, 17, 6.85],
			"rotation": {"angle": -22.5, "axis": "z", "origin": [8, 8, 8]},
			"faces": {
				"north": {"uv": [0, 0, 1, 2.8], "texture": "#0"},
				"east": {"uv": [12.5, 0.625, 15.3, 3.625], "texture": "#0"},
				"south": {"uv": [14, 0.75, 15, 3.55], "texture": "#0"},
				"west": {"uv": [12.5, 0.625, 15.3, 3.625], "texture": "#0"},
				"up": {"uv": [14.25, 1.25, 15, 3.425], "texture": "#1"},
				"down": {"uv": [0, 0, 1, 2.8], "texture": "#0"}
			}
		},
		{
			"from": [11.5, 14, 6.35],
			"to": [12, 17, 9.6],
			"rotation": {"angle": -22.5, "axis": "z", "origin": [8, 8, 8]},
			"faces": {
				"north": {"uv": [0, 0, 1, 2.8], "texture": "#0"},
				"east": {"uv": [12.5, 0.625, 15.3, 3.625], "texture": "#1"},
				"south": {"uv": [0, 0, 1, 2.8], "texture": "#0"},
				"west": {"uv": [12.5, 0.625, 15.3, 3.625], "texture": "#0"},
				"up": {"uv": [14.25, 1.25, 15, 3.425], "texture": "#1"},
				"down": {"uv": [0, 0, 1, 2.8], "texture": "#0"}
			}
		},
		{
			"from": [10, 14, 9.1],
			"to": [11.5, 17, 9.6],
			"rotation": {"angle": -22.5, "axis": "z", "origin": [8, 8, 8]},
			"faces": {
				"north": {"uv": [13.25, 0.875, 14.25, 3.675], "texture": "#0"},
				"east": {"uv": [12.5, 0.625, 15.3, 3.625], "texture": "#0"},
				"south": {"uv": [0, 0, 1, 2.8], "texture": "#0"},
				"west": {"uv": [12.5, 0.625, 15.3, 3.625], "texture": "#0"},
				"up": {"uv": [14.25, 1.25, 15, 3.425], "texture": "#1"},
				"down": {"uv": [0, 0, 1, 2.8], "texture": "#0"}
			}
		}
	],
	"display": {
		"thirdperson_righthand": {
			"rotation": [0, 90, 30],
			"translation": [0, 3.75, 0.5],
			"scale": [0.55, 0.55, 0.55]
		},
		"thirdperson_lefthand": {
			"rotation": [0, -90, -30],
			"translation": [0, 3.75, 0.5],
			"scale": [0.55, 0.55, 0.55]
		},
		"firstperson_righthand": {
			"rotation": [0, 90, -25],
			"translation": [1.13, 3.2, 1.13],
			"scale": [0.68, 0.68, 0.68]
		},
		"firstperson_lefthand": {
			"rotation": [0, -90, 25],
			"translation": [1.13, 3.2, 1.13],
			"scale": [0.68, 0.68, 0.68]
		},
		"ground": {
			"translation": [0, 3, 0],
			"scale": [0.5, 0.5, 0.5]
		},
		"gui": {
			"rotation": [25, -30, 0],
			"scale": [0.8, 0.8, 0.8]
		},
		"head": {
			"rotation": [0, 180, 0],
			"translation": [0, 12.75, 0],
			"scale": [0.8, 0.8, 0.8]
		},
		"fixed": {
			"rotation": [0, 180, 0]
		}
	}
}