{
	"credit": "Made with Blockbench",
	"textures": {
		"0": "tardis:item/chemistry/tonic_1",
		"1": "tardis:item/chemistry/tonic_2",
		"particle": "tardis:item/chemistry/tonic_1"
	},
	"elements": [
		{
			"from": [5, 0, 4.5],
			"to": [11, 7, 11.5],
			"rotation": {"angle": 0, "axis": "y", "origin": [15, 8, 13.5]},
			"faces": {
				"north": {"uv": [1.625, 4.125, 10.875, 16], "texture": "#1"},
				"east": {"uv": [0, 4.125, 11.875, 16], "texture": "#0"},
				"south": {"uv": [1.625, 4.125, 11.25, 16], "texture": "#1"},
				"west": {"uv": [0, 4.125, 11.875, 16], "texture": "#0"},
				"up": {"uv": [1.125, 4.125, 10.375, 16], "texture": "#1"},
				"down": {"uv": [1.125, 4.125, 10.375, 16], "texture": "#1", "cullface": "down"}
			}
		},
		{
			"from": [5.5, 7, 5.5],
			"to": [10.5, 9, 10.5],
			"rotation": {"angle": 0, "axis": "y", "origin": [14.5, 8, 13.5]},
			"faces": {
				"north": {"uv": [0, 0, 3, 2], "texture": "#0"},
				"east": {"uv": [0, 0, 3, 2], "texture": "#0"},
				"south": {"uv": [0, 0, 3, 2], "texture": "#0"},
				"west": {"uv": [0, 0, 3, 2], "texture": "#0"},
				"up": {"uv": [0, 0, 3, 3], "texture": "#0"}
			}
		},
		{
			"from": [6, 9, 6],
			"to": [10, 10.5, 10],
			"rotation": {"angle": 0, "axis": "y", "origin": [15, 8, 14]},
			"faces": {
				"north": {"uv": [0, 0, 2, 1.5], "texture": "#0"},
				"east": {"uv": [0, 0, 2, 1.5], "texture": "#0"},
				"south": {"uv": [0, 0, 2, 1.5], "texture": "#0"},
				"west": {"uv": [0, 0, 2, 1.5], "texture": "#0"},
				"up": {"uv": [0, 0, 2, 2], "texture": "#0"}
			}
		}
	],
	"display": {
		"thirdperson_righthand": {
			"translation": [0, 3, 0.5],
			"scale": [0.4, 0.4, 0.4]
		},
		"thirdperson_lefthand": {
			"translation": [0, 3, 0.5],
			"scale": [0.4, 0.4, 0.4]
		},
		"firstperson_righthand": {
			"rotation": [0, -90, 25],
			"translation": [1.13, 4.5, 1.13],
			"scale": [0.4, 0.4, 0.4]
		},
		"firstperson_lefthand": {
			"rotation": [0, -90, 25],
			"translation": [1.13, 4.5, 1.13],
			"scale": [0.4, 0.4, 0.4]
		},
		"ground": {
			"scale": [0.3, 0.3, 0.3]
		},
		"gui": {
			"rotation": [35, 45, 0],
			"translation": [0, -1, 0],
			"scale": [0.75, 0.75, 0.75]
		},
		"head": {
			"rotation": [0, 180, 0]
		},
		"fixed": {
			"rotation": [0, 90, 0],
			"scale": [0.75, 0.75, 0.75]
		}
	}
}