{
	"credit": "Made with Blockbench",
	"textures": {
		"0": "tardis:item/sonic/eighth",
		"particle": "tardis:item/sonic/eighth"
	},
	"elements": [
		{
			"from": [7.1, 0, 8.1],
			"to": [7.9, 0.75, 8.9],
			"faces": {
				"north": {"uv": [0, 0, 1, 0.999], "texture": "#0"},
				"east": {"uv": [0, 0, 1, 1], "texture": "#0"},
				"south": {"uv": [0, 0, 1, 1], "texture": "#0"},
				"west": {"uv": [0, 0, 1, 1], "texture": "#0"},
				"down": {"uv": [0, 0, 1, 1], "texture": "#0"}
			}
		},
		{
			"from": [7, 0.75, 8],
			"to": [8, 0.95, 9],
			"faces": {
				"north": {"uv": [0, 0, 1, 1], "texture": "#0"},
				"east": {"uv": [0, 0, 1, 1], "texture": "#0"},
				"south": {"uv": [0, 0, 1, 1], "texture": "#0"},
				"west": {"uv": [0, 0, 1, 1], "texture": "#0"},
				"up": {"uv": [0, 0, 1, 1], "texture": "#0"},
				"down": {"uv": [0, 0, 1, 1], "texture": "#0"}
			}
		},
		{
			"from": [7.1, 0.95, 8.1],
			"to": [7.9, 1.05, 8.9],
			"faces": {
				"north": {"uv": [2.166, 12.5, 3.166, 13.5], "texture": "#0"},
				"east": {"uv": [2.166, 12.5, 3.166, 13.5], "texture": "#0"},
				"south": {"uv": [2.166, 12.5, 3.166, 13.5], "texture": "#0"},
				"west": {"uv": [2.166, 12.5, 3.166, 13.5], "texture": "#0"}
			}
		},
		{
			"from": [7.1, 1.15, 8.1],
			"to": [7.9, 1.25, 8.9],
			"faces": {
				"north": {"uv": [3.333, 13.5, 4.333, 14.5], "texture": "#0"},
				"east": {"uv": [3.333, 13.5, 4.333, 14.5], "texture": "#0"},
				"south": {"uv": [3.333, 13.5, 4.333, 14.5], "texture": "#0"},
				"west": {"uv": [3.333, 13.5, 4.333, 14.5], "texture": "#0"}
			}
		},
		{
			"from": [7, 1.05, 8],
			"to": [8, 1.15, 9],
			"faces": {
				"north": {"uv": [0, 0, 1, 1], "texture": "#0"},
				"east": {"uv": [0, 0, 1, 1], "texture": "#0"},
				"south": {"uv": [0, 0, 1, 1], "texture": "#0"},
				"west": {"uv": [0, 0, 1, 1], "texture": "#0"},
				"up": {"uv": [0, 0, 1, 1], "texture": "#0"},
				"down": {"uv": [0, 0, 1, 1], "texture": "#0"}
			}
		},
		{
			"from": [7.1, 1.35, 8.1],
			"to": [7.9, 1.45, 8.9],
			"faces": {
				"north": {"uv": [1.5, 12.167, 2.5, 13.167], "texture": "#0"},
				"east": {"uv": [1.5, 12.167, 2.5, 13.167], "texture": "#0"},
				"south": {"uv": [1.5, 12.167, 2.5, 13.167], "texture": "#0"},
				"west": {"uv": [1.5, 12.167, 2.5, 13.167], "texture": "#0"}
			}
		},
		{
			"from": [7, 1.25, 8],
			"to": [8, 1.35, 9],
			"faces": {
				"north": {"uv": [0, 0, 1, 1], "texture": "#0"},
				"east": {"uv": [0, 0, 1, 1], "texture": "#0"},
				"south": {"uv": [0, 0, 1, 1], "texture": "#0"},
				"west": {"uv": [0, 0, 1, 1], "texture": "#0"},
				"up": {"uv": [0, 0, 1, 1], "texture": "#0"},
				"down": {"uv": [0, 0, 1, 1], "texture": "#0"}
			}
		},
		{
			"from": [7, 1.45, 8],
			"to": [8, 1.65, 9],
			"faces": {
				"north": {"uv": [0, 0, 1, 1], "texture": "#0"},
				"east": {"uv": [0, 0, 1, 1], "texture": "#0"},
				"south": {"uv": [0, 0, 1, 1], "texture": "#0"},
				"west": {"uv": [0, 0, 1, 1], "texture": "#0"},
				"up": {"uv": [0, 0, 1, 1], "texture": "#0"},
				"down": {"uv": [0, 0, 1, 1], "texture": "#0"}
			}
		},
		{
			"from": [7.1, 1.65, 8.1],
			"to": [7.9, 3.4, 8.9],
			"faces": {
				"north": {"uv": [0, 0, 1, 1], "texture": "#0"},
				"east": {"uv": [0, 0, 1, 1], "texture": "#0"},
				"south": {"uv": [0, 0, 1, 1], "texture": "#0"},
				"west": {"uv": [0, 0, 1, 1], "texture": "#0"},
				"up": {"uv": [0, 0, 2, 2], "texture": "#0"},
				"down": {"uv": [0, 0, 1, 1], "texture": "#0"}
			}
		},
		{
			"from": [7.15, 3.4, 8.15],
			"to": [7.85, 3.5, 8.85],
			"faces": {
				"north": {"uv": [0, 14, 1, 15], "texture": "#0"},
				"east": {"uv": [0, 14, 1, 15], "texture": "#0"},
				"south": {"uv": [0, 14, 1, 15], "texture": "#0"},
				"west": {"uv": [0, 14, 1, 15], "texture": "#0"}
			}
		},
		{
			"from": [7.1, 3.5, 8.1],
			"to": [7.9, 3.6, 8.9],
			"faces": {
				"north": {"uv": [0, 0, 1, 1], "texture": "#0"},
				"east": {"uv": [0, 0, 1, 1], "texture": "#0"},
				"south": {"uv": [0, 0, 1, 1], "texture": "#0"},
				"west": {"uv": [0, 0, 1, 1], "texture": "#0"},
				"up": {"uv": [0, 0, 1, 1], "texture": "#0"},
				"down": {"uv": [0, 0, 1, 1], "texture": "#0"}
			}
		},
		{
			"from": [7.15, 3.6, 8.15],
			"to": [7.85, 3.7, 8.85],
			"faces": {
				"north": {"uv": [3, 14, 4, 15], "texture": "#0"},
				"east": {"uv": [3, 14, 4, 15], "texture": "#0"},
				"south": {"uv": [3, 14, 4, 15], "texture": "#0"},
				"west": {"uv": [3, 14, 4, 15], "texture": "#0"}
			}
		},
		{
			"from": [7.1, 3.7, 8.1],
			"to": [7.9, 3.8, 8.9],
			"faces": {
				"north": {"uv": [0, 0, 1, 1], "texture": "#0"},
				"east": {"uv": [0, 0, 1, 1], "texture": "#0"},
				"south": {"uv": [0, 0, 1, 1], "texture": "#0"},
				"west": {"uv": [0, 0, 1, 1], "texture": "#0"},
				"up": {"uv": [0, 0, 1, 1], "texture": "#0"},
				"down": {"uv": [0, 0, 1, 1], "texture": "#0"}
			}
		},
		{
			"from": [7, 3.8, 8],
			"to": [8, 9.8, 9],
			"faces": {
				"north": {"uv": [0, 0, 1, 1], "texture": "#0"},
				"east": {"uv": [0, 0, 1, 1], "texture": "#0"},
				"south": {"uv": [0, 0, 1, 1], "texture": "#0"},
				"west": {"uv": [0, 0, 1, 1], "texture": "#0"},
				"up": {"uv": [0, 0, 1, 1], "texture": "#0"},
				"down": {"uv": [0, 0, 1, 1], "texture": "#0"}
			}
		},
		{
			"from": [7.9, 2.1, 8.25],
			"to": [8.4, 3.1, 8.75],
			"rotation": {"angle": 22.5, "axis": "z", "origin": [7.5, 0.5, 11.5]},
			"faces": {
				"north": {"uv": [0, 0, 0.5, 1], "rotation": 180, "texture": "#0"},
				"east": {"uv": [0, 0, 0.5, 1], "rotation": 180, "texture": "#0"},
				"south": {"uv": [0, 0, 0.5, 1], "rotation": 180, "texture": "#0"},
				"west": {"uv": [0, 0, 0.5, 1], "rotation": 180, "texture": "#0"},
				"up": {"uv": [0, 0, 0.5, 1], "rotation": 180, "texture": "#0"},
				"down": {"uv": [0, 0, 0.5, 1], "rotation": 180, "texture": "#0"}
			}
		},
		{
			"from": [6.6, 2.1, 8.25],
			"to": [7.1, 3.1, 8.75],
			"rotation": {"angle": -22.5, "axis": "z", "origin": [7.5, 0.5, 11.5]},
			"faces": {
				"north": {"uv": [0, 0, 0.5, 1], "rotation": 180, "texture": "#0"},
				"east": {"uv": [0, 0, 0.5, 1], "rotation": 180, "texture": "#0"},
				"south": {"uv": [0, 0, 0.5, 1], "rotation": 180, "texture": "#0"},
				"west": {"uv": [0, 0, 0.5, 1], "rotation": 180, "texture": "#0"},
				"up": {"uv": [0, 0, 0.5, 1], "rotation": 180, "texture": "#0"},
				"down": {"uv": [0, 0, 0.5, 1], "rotation": 180, "texture": "#0"}
			}
		},
		{
			"from": [7.25, 1, 7.82],
			"to": [7.75, 2, 8.32],
			"rotation": {"angle": 22.5, "axis": "x", "origin": [7.5, 0.5, 11.5]},
			"faces": {
				"north": {"uv": [0, 0, 0.5, 1], "rotation": 180, "texture": "#0"},
				"east": {"uv": [0, 0, 0.5, 1], "rotation": 180, "texture": "#0"},
				"south": {"uv": [0, 0, 0.5, 1], "rotation": 180, "texture": "#0"},
				"west": {"uv": [0, 0, 0.5, 1], "rotation": 180, "texture": "#0"},
				"up": {"uv": [0, 0, 0.5, 1], "rotation": 180, "texture": "#0"},
				"down": {"uv": [0, 0, 0.5, 1], "rotation": 180, "texture": "#0"}
			}
		},
		{
			"from": [7.25, 3.25, 9.13],
			"to": [7.75, 4.25, 9.63],
			"rotation": {"angle": -22.5, "axis": "x", "origin": [7.5, 0.5, 11.5]},
			"faces": {
				"north": {"uv": [0, 0, 0.5, 1], "rotation": 180, "texture": "#0"},
				"east": {"uv": [0, 0, 0.5, 1], "rotation": 180, "texture": "#0"},
				"south": {"uv": [0, 0, 0.5, 1], "rotation": 180, "texture": "#0"},
				"west": {"uv": [0, 0, 0.5, 1], "rotation": 180, "texture": "#0"},
				"up": {"uv": [0, 0, 0.5, 1], "rotation": 180, "texture": "#0"},
				"down": {"uv": [0, 0, 0.5, 1], "rotation": 180, "texture": "#0"}
			}
		},
		{
			"from": [7.15, 3.8, 7.9],
			"to": [7.85, 9.8, 8],
			"faces": {
				"north": {"uv": [10.667, 0, 12.5, 16], "texture": "#0"},
				"east": {"uv": [6, 0.5, 7.833, 3.499], "texture": "#0"},
				"south": {"uv": [6, 0.5, 7.833, 3.499], "texture": "#0"},
				"west": {"uv": [6, 0.5, 7.833, 3.499], "texture": "#0"},
				"up": {"uv": [6, 0.5, 7.833, 3.499], "texture": "#0"},
				"down": {"uv": [6, 0.5, 7.833, 3.499], "texture": "#0"}
			}
		},
		{
			"from": [7.15, 3.8, 9],
			"to": [7.85, 9.8, 9.1],
			"faces": {
				"north": {"uv": [6, 0.5, 7.833, 3.499], "texture": "#0"},
				"east": {"uv": [6, 0.5, 7.833, 3.499], "texture": "#0"},
				"south": {"uv": [10.667, 0, 12.5, 15.999], "texture": "#0"},
				"west": {"uv": [6, 0.5, 7.833, 3.499], "texture": "#0"},
				"up": {"uv": [6, 0.5, 7.833, 3.499], "texture": "#0"},
				"down": {"uv": [6, 0.5, 7.833, 3.499], "texture": "#0"}
			}
		},
		{
			"from": [8, 3.8, 8.15],
			"to": [8.1, 9.8, 8.85],
			"faces": {
				"north": {"uv": [6, 0.5, 7.833, 3.499], "texture": "#0"},
				"east": {"uv": [10.667, 0, 12.5, 15.999], "texture": "#0"},
				"south": {"uv": [6, 0.5, 7.833, 3.499], "texture": "#0"},
				"west": {"uv": [6, 0.5, 7.833, 3.499], "texture": "#0"},
				"up": {"uv": [6, 0.5, 7.833, 3.499], "texture": "#0"},
				"down": {"uv": [6, 0.5, 7.833, 3.499], "texture": "#0"}
			}
		},
		{
			"from": [6.8, 9.8, 7.8],
			"to": [8.2, 10.3, 9.2],
			"faces": {
				"north": {"uv": [0, 0, 1, 1], "texture": "#0"},
				"east": {"uv": [0, 0, 1, 1], "texture": "#0"},
				"south": {"uv": [0, 0, 1, 1], "texture": "#0"},
				"west": {"uv": [0, 0, 1, 1], "texture": "#0"},
				"up": {"uv": [0, 0, 1, 1], "texture": "#0"},
				"down": {"uv": [0, 0, 1, 1], "texture": "#0"}
			}
		},
		{
			"from": [6.9, 10.3, 7.9],
			"to": [8.1, 10.5, 9.1],
			"faces": {
				"north": {"uv": [0, 0, 1, 1], "texture": "#0"},
				"east": {"uv": [0, 0, 1, 1], "texture": "#0"},
				"south": {"uv": [0, 0, 1, 1], "texture": "#0"},
				"west": {"uv": [0, 0, 1, 1], "texture": "#0"},
				"up": {"uv": [0, 0, 1, 1], "texture": "#0"}
			}
		},
		{
			"from": [7.1, 10.5, 8.1],
			"to": [7.9, 11, 8.9],
			"faces": {
				"north": {"uv": [0, 0, 1, 1], "texture": "#0"},
				"east": {"uv": [0, 0, 1, 1], "texture": "#0"},
				"south": {"uv": [0, 0, 1, 1], "texture": "#0"},
				"west": {"uv": [0, 0, 1, 1], "texture": "#0"}
			}
		},
		{
			"from": [6.3, 10.7, 8.3],
			"to": [7.1, 11.5, 8.7],
			"faces": {
				"north": {"uv": [0, 0, 1, 1], "texture": "#0"},
				"east": {"uv": [0, 0, 1, 1], "texture": "#0"},
				"south": {"uv": [0, 0, 1, 1], "texture": "#0"},
				"west": {"uv": [0, 0, 1, 1], "texture": "#0"},
				"up": {"uv": [0, 0, 1, 1], "texture": "#0"},
				"down": {"uv": [0, 0, 1, 1], "texture": "#0"}
			}
		},
		{
			"from": [6.7, 11.5, 8.3],
			"to": [7.5, 12.7, 8.7],
			"rotation": {"angle": -45, "axis": "z", "origin": [6.5, 12, 8.5]},
			"faces": {
				"north": {"uv": [0, 0, 1, 1], "texture": "#0"},
				"east": {"uv": [0, 0, 1, 1], "texture": "#0"},
				"south": {"uv": [0, 0, 1, 1], "texture": "#0"},
				"west": {"uv": [0, 0, 1, 1], "texture": "#0"},
				"up": {"uv": [0, 0, 1, 1], "texture": "#0"}
			}
		},
		{
			"from": [7.9, 10.7, 8.3],
			"to": [8.7, 11.5, 8.7],
			"faces": {
				"north": {"uv": [0, 0, 1, 1], "texture": "#0"},
				"east": {"uv": [0, 0, 1, 1], "texture": "#0"},
				"south": {"uv": [0, 0, 1, 1], "texture": "#0"},
				"west": {"uv": [0, 0, 1, 1], "texture": "#0"},
				"up": {"uv": [0, 0, 1, 1], "texture": "#0"},
				"down": {"uv": [0, 0, 1, 1], "texture": "#0"}
			}
		},
		{
			"from": [7.48, 11.5, 8.3],
			"to": [8.28, 12.7, 8.7],
			"rotation": {"angle": 45, "axis": "z", "origin": [8.5, 12, 8.5]},
			"faces": {
				"north": {"uv": [0, 0, 1, 1], "texture": "#0"},
				"east": {"uv": [0, 0, 1, 1], "texture": "#0"},
				"south": {"uv": [0, 0, 1, 1], "texture": "#0"},
				"west": {"uv": [0, 0, 1, 1], "texture": "#0"},
				"up": {"uv": [0, 0, 1, 1], "texture": "#0"}
			}
		},
		{
			"from": [7.3, 11.5, 8.5],
			"to": [7.7, 12.7, 9.3],
			"rotation": {"angle": -45, "axis": "x", "origin": [7.5, 12, 9.5]},
			"faces": {
				"north": {"uv": [0, 14, 1, 15], "texture": "#0"},
				"east": {"uv": [0, 0, 1, 1], "texture": "#0"},
				"south": {"uv": [0, 0, 1, 1], "texture": "#0"},
				"west": {"uv": [0, 0, 1, 1], "texture": "#0"},
				"up": {"uv": [0, 0, 1, 1], "rotation": 270, "texture": "#0"}
			}
		},
		{
			"from": [7.3, 10.7, 8.9],
			"to": [7.7, 11.5, 9.7],
			"faces": {
				"north": {"uv": [0, 14, 1, 15], "texture": "#0"},
				"east": {"uv": [0, 0, 1, 1], "texture": "#0"},
				"south": {"uv": [0, 0, 1, 1], "texture": "#0"},
				"west": {"uv": [0, 0, 1, 1], "texture": "#0"},
				"up": {"uv": [0, 0, 1, 1], "texture": "#0"},
				"down": {"uv": [0, 0, 1, 1], "texture": "#0"}
			}
		},
		{
			"from": [7.3, 11.5, 7.7],
			"to": [7.7, 12.7, 8.5],
			"rotation": {"angle": 45, "axis": "x", "origin": [7.5, 12, 7.5]},
			"faces": {
				"north": {"uv": [0, 14, 1, 15], "texture": "#0"},
				"east": {"uv": [0, 0, 1, 1], "texture": "#0"},
				"south": {"uv": [0, 0, 1, 1], "texture": "#0"},
				"west": {"uv": [0, 0, 1, 1], "texture": "#0"},
				"up": {"uv": [0, 0, 1, 1], "rotation": 90, "texture": "#0"}
			}
		},
		{
			"from": [7.3, 10.7, 7.3],
			"to": [7.7, 11.5, 8.1],
			"faces": {
				"north": {"uv": [0, 0, 1, 1], "rotation": 90, "texture": "#0"},
				"east": {"uv": [0, 0, 1, 1], "rotation": 90, "texture": "#0"},
				"south": {"uv": [0, 0, 1, 1], "rotation": 90, "texture": "#0"},
				"west": {"uv": [0, 0, 1, 1], "rotation": 90, "texture": "#0"},
				"up": {"uv": [0, 0, 1, 1], "rotation": 90, "texture": "#0"},
				"down": {"uv": [0, 0, 1, 1], "rotation": 90, "texture": "#0"}
			}
		},
		{
			"from": [7.25, 12.5, 8.25],
			"to": [7.75, 12.75, 8.75],
			"faces": {
				"north": {"uv": [2, 6, 4, 8], "texture": "#0"},
				"east": {"uv": [2, 6, 4, 8], "texture": "#0"},
				"south": {"uv": [2, 6, 4, 8], "texture": "#0"},
				"west": {"uv": [2, 6, 4, 8], "texture": "#0"}
			}
		},
		{
			"from": [7.1, 12.75, 8.1],
			"to": [7.9, 13, 8.9],
			"faces": {
				"north": {"uv": [2, 6, 4, 8], "texture": "#0"},
				"east": {"uv": [2, 6, 4, 8], "texture": "#0"},
				"south": {"uv": [2, 6, 4, 8], "texture": "#0"},
				"west": {"uv": [2, 6, 4, 8], "texture": "#0"},
				"up": {"uv": [2, 6, 4, 8], "texture": "#0"},
				"down": {"uv": [2, 6, 4, 8], "texture": "#0"}
			}
		},
		{
			"from": [7.25, 13, 8.25],
			"to": [7.75, 13.75, 8.75],
			"faces": {
				"north": {"uv": [2, 6, 4, 8], "texture": "#0"},
				"east": {"uv": [2, 6, 4, 8], "texture": "#0"},
				"south": {"uv": [2, 6, 4, 8], "texture": "#0"},
				"west": {"uv": [2, 6, 4, 8], "texture": "#0"},
				"up": {"uv": [2, 6, 4, 8], "texture": "#0"}
			}
		},
		{
			"from": [7.1, 12, 8.1],
			"to": [7.9, 12.5, 8.9],
			"faces": {
				"north": {"uv": [0, 0, 1, 1], "texture": "#0"},
				"east": {"uv": [0, 0, 1, 1], "texture": "#0"},
				"south": {"uv": [0, 0, 1, 1], "texture": "#0"},
				"west": {"uv": [0, 0, 1, 1], "texture": "#0"},
				"up": {"uv": [0, 0, 1, 1], "texture": "#0"}
			}
		},
		{
			"from": [7.1, 11, 8.1],
			"to": [7.9, 12, 8.9],
			"faces": {
				"north": {"uv": [6, 6, 8, 8], "texture": "#0"},
				"east": {"uv": [6, 6, 8, 8], "texture": "#0"},
				"south": {"uv": [6, 6, 8, 8], "texture": "#0"},
				"west": {"uv": [6, 6, 8, 8], "texture": "#0"}
			}
		},
		{
			"from": [6.6, 12.75, 8.4],
			"to": [7.1, 13, 8.6],
			"faces": {
				"north": {"uv": [6, 2, 8, 4], "texture": "#0"},
				"east": {"uv": [6, 2, 8, 4], "texture": "#0"},
				"south": {"uv": [6, 2, 8, 4], "texture": "#0"},
				"west": {"uv": [6, 2, 8, 4], "texture": "#0"},
				"up": {"uv": [6, 2, 8, 4], "texture": "#0"},
				"down": {"uv": [6, 2, 8, 4], "texture": "#0"}
			}
		},
		{
			"from": [7.9, 12.75, 8.4],
			"to": [8.4, 13, 8.6],
			"faces": {
				"north": {"uv": [6, 2, 8, 4], "texture": "#0"},
				"east": {"uv": [6, 2, 8, 4], "texture": "#0"},
				"south": {"uv": [6, 2, 8, 4], "texture": "#0"},
				"west": {"uv": [6, 2, 8, 4], "texture": "#0"},
				"up": {"uv": [6, 2, 8, 4], "texture": "#0"},
				"down": {"uv": [6, 2, 8, 4], "texture": "#0"}
			}
		},
		{
			"from": [7.4, 12.74996, 7.6],
			"to": [7.6, 12.99996, 8.1],
			"faces": {
				"north": {"uv": [6, 2, 8, 4], "texture": "#0"},
				"east": {"uv": [6, 2, 8, 4], "texture": "#0"},
				"south": {"uv": [6, 2, 8, 4], "texture": "#0"},
				"west": {"uv": [6, 2, 8, 4], "texture": "#0"},
				"up": {"uv": [6, 2, 8, 4], "rotation": 270, "texture": "#0"},
				"down": {"uv": [6, 2, 8, 4], "rotation": 90, "texture": "#0"}
			}
		},
		{
			"from": [7.4, 12.74996, 8.9],
			"to": [7.6, 12.99996, 9.4],
			"faces": {
				"north": {"uv": [6, 2, 8, 4], "texture": "#0"},
				"east": {"uv": [6, 2, 8, 4], "texture": "#0"},
				"south": {"uv": [6, 2, 8, 4], "texture": "#0"},
				"west": {"uv": [6, 2, 8, 4], "texture": "#0"},
				"up": {"uv": [6, 2, 8, 4], "rotation": 270, "texture": "#0"},
				"down": {"uv": [6, 2, 8, 4], "rotation": 90, "texture": "#0"}
			}
		},
		{
			"from": [6.6, 11.8, 8.4],
			"to": [6.85, 12.75, 8.6],
			"faces": {
				"north": {"uv": [6, 2, 8, 4], "rotation": 90, "texture": "#0"},
				"east": {"uv": [6, 2, 8, 4], "rotation": 270, "texture": "#0"},
				"south": {"uv": [6, 2, 8, 4], "rotation": 270, "texture": "#0"},
				"west": {"uv": [6, 2, 8, 4], "rotation": 90, "texture": "#0"},
				"up": {"uv": [6, 2, 8, 4], "rotation": 270, "texture": "#0"},
				"down": {"uv": [6, 2, 8, 4], "rotation": 270, "texture": "#0"}
			}
		},
		{
			"from": [8.15, 11.8, 8.4],
			"to": [8.4, 12.75, 8.6],
			"faces": {
				"north": {"uv": [6, 2, 8, 4], "rotation": 90, "texture": "#0"},
				"east": {"uv": [6, 2, 8, 4], "rotation": 270, "texture": "#0"},
				"south": {"uv": [6, 2, 8, 4], "rotation": 270, "texture": "#0"},
				"west": {"uv": [6, 2, 8, 4], "rotation": 90, "texture": "#0"},
				"up": {"uv": [6, 2, 8, 4], "rotation": 270, "texture": "#0"},
				"down": {"uv": [6, 2, 8, 4], "rotation": 270, "texture": "#0"}
			}
		},
		{
			"from": [7.4, 11.80122, 7.6],
			"to": [7.6, 12.75122, 7.85],
			"faces": {
				"north": {"uv": [6, 2, 8, 4], "rotation": 270, "texture": "#0"},
				"east": {"uv": [6, 2, 8, 4], "rotation": 270, "texture": "#0"},
				"south": {"uv": [6, 2, 8, 4], "rotation": 90, "texture": "#0"},
				"west": {"uv": [6, 2, 8, 4], "rotation": 90, "texture": "#0"},
				"up": {"uv": [6, 2, 8, 4], "rotation": 180, "texture": "#0"},
				"down": {"uv": [6, 2, 8, 4], "texture": "#0"}
			}
		},
		{
			"from": [7.4, 11.80122, 9.15],
			"to": [7.6, 12.75122, 9.4],
			"faces": {
				"north": {"uv": [6, 2, 8, 4], "rotation": 270, "texture": "#0"},
				"east": {"uv": [6, 2, 8, 4], "rotation": 270, "texture": "#0"},
				"south": {"uv": [6, 2, 8, 4], "rotation": 90, "texture": "#0"},
				"west": {"uv": [6, 2, 8, 4], "rotation": 90, "texture": "#0"},
				"up": {"uv": [6, 2, 8, 4], "rotation": 180, "texture": "#0"},
				"down": {"uv": [6, 2, 8, 4], "texture": "#0"}
			}
		},
		{
			"from": [6.9, 3.8, 8.15],
			"to": [7, 7.8, 8.85],
			"faces": {
				"north": {"uv": [6, 0.5, 7.833, 3.499], "texture": "#0"},
				"east": {"uv": [6, 0.5, 7.833, 3.499], "texture": "#0"},
				"south": {"uv": [6, 0.5, 7.833, 3.499], "texture": "#0"},
				"west": {"uv": [12.5, 5.5, 14.333, 15.998], "texture": "#0"},
				"up": {"uv": [6, 0.5, 7.833, 3.499], "texture": "#0"},
				"down": {"uv": [6, 0.5, 7.833, 3.499], "texture": "#0"}
			}
		},
		{
			"from": [6.9, 8.6, 8.3],
			"to": [7, 9, 8.7],
			"faces": {
				"north": {"uv": [1, 12, 3, 14], "texture": "#0"},
				"east": {"uv": [1, 12, 3, 14], "texture": "#0"},
				"south": {"uv": [1, 12, 3, 14], "texture": "#0"},
				"west": {"uv": [2.166, 12.666, 4.166, 14.666], "texture": "#0"},
				"up": {"uv": [1, 12, 3, 14], "texture": "#0"},
				"down": {"uv": [1, 12, 3, 14], "texture": "#0"}
			}
		}
	],
	"display": {
		"thirdperson_righthand": {
			"translation": [0.75, 3, 1.25]
		},
		"thirdperson_lefthand": {
			"translation": [-0.75, 3, 1.25]
		},
		"firstperson_righthand": {
			"rotation": [-40, 0, 0],
			"translation": [-1, 4.5, -1],
			"scale": [1.25, 1, 1.25]
		},
		"firstperson_lefthand": {
			"rotation": [-40, 0, 0],
			"translation": [-1, 4.5, -1],
			"scale": [1.25, 1, 1.25]
		},
		"gui": {
			"rotation": [30, 50, -75],
			"translation": [0.5, 0.75, 0],
			"scale": [1.5, 1.5, 1.5]
		}
	}
}