{
	"credit": "Made with Blockbench",
	"textures": {
		"0": "tardis:item/sonic/eleventh",
		"1": "tardis:item/sonic/lime_glass"
	},
	"elements": [
		{
			"name": "Cube",
			"from": [7.7, 0, 7.7],
			"to": [8.3, 1.5, 8.3],
			"faces": {
				"north": {"uv": [2, 1, 2.6, 2.5], "texture": "#0"},
				"east": {"uv": [0, 0, 0.6, 1.5], "texture": "#0"},
				"south": {"uv": [0, 0, 0.6, 1.5], "texture": "#0"},
				"west": {"uv": [0, 0, 0.6, 1.5], "texture": "#0"},
				"up": {"uv": [0, 0, 0.6, 0.6], "texture": "#0"},
				"down": {"uv": [0, 0, 0.6, 0.6], "texture": "#0"}
			}
		},
		{
			"name": "Cube",
			"from": [7.6, 0.3, 7.6],
			"to": [8.4, 0.5, 8.4],
			"faces": {
				"north": {"uv": [0, 0, 0.8, 0.2], "texture": "#0"},
				"east": {"uv": [0, 0, 0.8, 0.2], "texture": "#0"},
				"south": {"uv": [0, 0, 0.8, 0.2], "texture": "#0"},
				"west": {"uv": [0, 0, 0.8, 0.2], "texture": "#0"},
				"up": {"uv": [0, 0, 0.8, 0.8], "texture": "#0"},
				"down": {"uv": [0, 0, 0.8, 0.8], "texture": "#0"}
			}
		},
		{
			"name": "Cube",
			"from": [7.5, 1.5, 7.5],
			"to": [8.5, 1.7, 8.5],
			"faces": {
				"north": {"uv": [0, 0, 1, 0.2], "texture": "#0"},
				"east": {"uv": [0, 0, 1, 0.2], "texture": "#0"},
				"south": {"uv": [0, 0, 1, 0.2], "texture": "#0"},
				"west": {"uv": [0, 0, 1, 0.2], "texture": "#0"},
				"up": {"uv": [0, 0, 1, 1], "texture": "#0"},
				"down": {"uv": [0, 0, 1, 1], "texture": "#0"}
			}
		},
		{
			"name": "Cube",
			"from": [7.8, 1.7, 7.5],
			"to": [8.2, 3.2, 8.5],
			"faces": {
				"north": {"uv": [8, 7, 8.4, 8.5], "texture": "#0"},
				"east": {"uv": [7, 8, 8, 9.5], "texture": "#0"},
				"south": {"uv": [9, 7, 9.4, 8.5], "texture": "#0"},
				"west": {"uv": [7, 6, 8, 7.5], "texture": "#0"},
				"up": {"uv": [7, 7, 7.4, 8], "texture": "#0"},
				"down": {"uv": [8, 7, 8.4, 8], "texture": "#0"}
			}
		},
		{
			"name": "Cube",
			"from": [7.5, 1.7, 7.8],
			"to": [8.5, 3.2, 8.2],
			"faces": {
				"north": {"uv": [8, 7, 9, 8.5], "texture": "#0"},
				"east": {"uv": [7, 8, 7.4, 9.5], "texture": "#0"},
				"south": {"uv": [9, 7, 10, 8.5], "texture": "#0"},
				"west": {"uv": [7, 6, 7.4, 7.5], "texture": "#0"},
				"up": {"uv": [7, 7, 8, 7.4], "texture": "#0"},
				"down": {"uv": [8, 7, 9, 7.4], "texture": "#0"}
			}
		},
		{
			"name": "Cube",
			"from": [7.5, 1.7, 7.8],
			"to": [8.5, 3.2, 8.2],
			"rotation": {"angle": 45, "axis": "y", "origin": [8, 8, 8]},
			"faces": {
				"north": {"uv": [8, 7, 9, 8.5], "texture": "#0"},
				"east": {"uv": [7, 8, 7.4, 9.5], "texture": "#0"},
				"south": {"uv": [9, 7, 10, 8.5], "texture": "#0"},
				"west": {"uv": [7, 6, 7.4, 7.5], "texture": "#0"},
				"up": {"uv": [7, 7, 8, 7.4], "texture": "#0"},
				"down": {"uv": [8, 7, 9, 7.4], "texture": "#0"}
			}
		},
		{
			"name": "Cube",
			"from": [7.5, 1.7, 7.8],
			"to": [8.5, 3.2, 8.2],
			"rotation": {"angle": -45, "axis": "y", "origin": [8, 8, 8]},
			"faces": {
				"north": {"uv": [8, 7, 9, 8.5], "texture": "#0"},
				"east": {"uv": [7, 8, 7.4, 9.5], "texture": "#0"},
				"south": {"uv": [9, 7, 10, 8.5], "texture": "#0"},
				"west": {"uv": [7, 6, 7.4, 7.5], "texture": "#0"},
				"up": {"uv": [7, 7, 8, 7.4], "texture": "#0"},
				"down": {"uv": [8, 7, 9, 7.4], "texture": "#0"}
			}
		},
		{
			"name": "Cube",
			"from": [7.5, 3.2, 7.5],
			"to": [8.5, 3.4, 8.5],
			"faces": {
				"north": {"uv": [0, 0, 1, 0.2], "texture": "#0"},
				"east": {"uv": [0, 0, 1, 0.2], "texture": "#0"},
				"south": {"uv": [0, 0, 1, 0.2], "texture": "#0"},
				"west": {"uv": [0, 0, 1, 0.2], "texture": "#0"},
				"up": {"uv": [0, 0, 1, 1], "texture": "#0"},
				"down": {"uv": [0, 0, 1, 1], "texture": "#0"}
			}
		},
		{
			"name": "Cube",
			"from": [7.6, 1, 7.6],
			"to": [8.4, 1.5, 8.4],
			"faces": {
				"north": {"uv": [0, 0, 0.8, 0.5], "texture": "#0"},
				"east": {"uv": [0, 0, 0.8, 0.5], "texture": "#0"},
				"south": {"uv": [0, 0, 0.8, 0.5], "texture": "#0"},
				"west": {"uv": [0, 0, 0.8, 0.5], "texture": "#0"},
				"up": {"uv": [0, 0, 0.8, 0.8], "texture": "#0"},
				"down": {"uv": [0, 0, 0.8, 0.8], "texture": "#0"}
			}
		},
		{
			"name": "Cube",
			"from": [7.6, 3.3, 7.6],
			"to": [8.4, 4.8, 8.4],
			"faces": {
				"north": {"uv": [2, 6, 2.8, 7.5], "texture": "#0"},
				"east": {"uv": [1, 5, 1.8, 6.5], "texture": "#0"},
				"south": {"uv": [0, 5, 0.8, 6.5], "texture": "#0"},
				"west": {"uv": [2, 5, 2.8, 6.5], "texture": "#0"},
				"up": {"uv": [2, 6, 2.8, 6.8], "texture": "#0"},
				"down": {"uv": [2, 7, 2.8, 7.8], "texture": "#0"}
			}
		},
		{
			"name": "Cube",
			"from": [7.5, 4.8, 7.5],
			"to": [8.5, 5.2, 8.5],
			"faces": {
				"north": {"uv": [0, 0, 1, 0.4], "texture": "#0"},
				"east": {"uv": [0, 0, 1, 0.4], "texture": "#0"},
				"south": {"uv": [0, 0, 1, 0.4], "texture": "#0"},
				"west": {"uv": [0, 0, 1, 0.4], "texture": "#0"},
				"up": {"uv": [0, 0, 1, 1], "texture": "#0"},
				"down": {"uv": [0, 0, 1, 1], "texture": "#0"}
			}
		},
		{
			"name": "Cube",
			"from": [7.6, 4.8, 7.6],
			"to": [7.8, 6.8, 7.8],
			"faces": {
				"north": {"uv": [0, 0, 0.2, 2], "texture": "#0"},
				"east": {"uv": [0, 0, 0.2, 2], "texture": "#0"},
				"south": {"uv": [0, 0, 0.2, 2], "texture": "#0"},
				"west": {"uv": [0, 0, 0.2, 2], "texture": "#0"},
				"up": {"uv": [0, 0, 0.2, 0.2], "texture": "#0"},
				"down": {"uv": [0, 0, 0.2, 0.2], "texture": "#0"}
			}
		},
		{
			"name": "Cube",
			"from": [8.2, 4.8, 7.6],
			"to": [8.4, 6.8, 7.8],
			"faces": {
				"north": {"uv": [0, 0, 0.2, 2], "texture": "#0"},
				"east": {"uv": [0, 0, 0.2, 2], "texture": "#0"},
				"south": {"uv": [0, 0, 0.2, 2], "texture": "#0"},
				"west": {"uv": [0, 0, 0.2, 2], "texture": "#0"},
				"up": {"uv": [0, 0, 0.2, 0.2], "texture": "#0"},
				"down": {"uv": [0, 0, 0.2, 0.2], "texture": "#0"}
			}
		},
		{
			"name": "Cube",
			"from": [8.2, 4.8, 8.2],
			"to": [8.4, 6.8, 8.4],
			"faces": {
				"north": {"uv": [0, 0, 0.2, 2], "texture": "#0"},
				"east": {"uv": [0, 0, 0.2, 2], "texture": "#0"},
				"south": {"uv": [0, 0, 0.2, 2], "texture": "#0"},
				"west": {"uv": [0, 0, 0.2, 2], "texture": "#0"},
				"up": {"uv": [0, 0, 0.2, 0.2], "texture": "#0"},
				"down": {"uv": [0, 0, 0.2, 0.2], "texture": "#0"}
			}
		},
		{
			"name": "Cube",
			"from": [7.6, 4.8, 8.2],
			"to": [7.8, 6.8, 8.4],
			"faces": {
				"north": {"uv": [0, 0, 0.2, 2], "texture": "#0"},
				"east": {"uv": [0, 0, 0.2, 2], "texture": "#0"},
				"south": {"uv": [0, 0, 0.2, 2], "texture": "#0"},
				"west": {"uv": [0, 0, 0.2, 2], "texture": "#0"},
				"up": {"uv": [0, 0, 0.2, 0.2], "texture": "#0"},
				"down": {"uv": [0, 0, 0.2, 0.2], "texture": "#0"}
			}
		},
		{
			"name": "Cube",
			"from": [7.8, 4.8, 8.2],
			"to": [8.2, 6.8, 8.4],
			"faces": {
				"north": {"uv": [7, 1, 7.4, 3], "texture": "#0"},
				"east": {"uv": [9, 2, 9.2, 4], "texture": "#0"},
				"south": {"uv": [6, 2, 6.4, 4], "texture": "#0"},
				"west": {"uv": [9, 3, 9.2, 5], "texture": "#0"},
				"up": {"uv": [6, 2, 6.4, 2.2], "texture": "#0"},
				"down": {"uv": [8, 3, 8.4, 3.2], "texture": "#0"}
			}
		},
		{
			"name": "Cube",
			"from": [7.8, 4.8, 7.6],
			"to": [8.2, 6.8, 7.8],
			"faces": {
				"north": {"uv": [8, 2, 8.4, 4], "texture": "#0"},
				"east": {"uv": [7, 1, 7.2, 3], "texture": "#0"},
				"south": {"uv": [9, 1, 9.4, 3], "texture": "#0"},
				"west": {"uv": [9, 1, 9.2, 3], "texture": "#0"},
				"up": {"uv": [6, 2, 6.4, 2.2], "texture": "#0"},
				"down": {"uv": [8, 2, 8.4, 2.2], "texture": "#0"}
			}
		},
		{
			"name": "Cube",
			"from": [7.6, 4.8, 7.8],
			"to": [7.8, 6.8, 8.2],
			"faces": {
				"north": {"uv": [8, 2, 8.2, 4], "texture": "#0"},
				"east": {"uv": [8, 0, 8.4, 2], "texture": "#0"},
				"south": {"uv": [7, 1, 7.2, 3], "texture": "#0"},
				"west": {"uv": [9, 0, 9.4, 2], "texture": "#0"},
				"up": {"uv": [6, 4, 6.2, 4.4], "texture": "#0"},
				"down": {"uv": [8, 4, 8.2, 4.4], "texture": "#0"}
			}
		},
		{
			"name": "Cube",
			"from": [8.2, 4.8, 7.8],
			"to": [8.4, 6.8, 8.2],
			"faces": {
				"north": {"uv": [8, 2, 8.2, 4], "texture": "#0"},
				"east": {"uv": [9, 1, 9.4, 3], "texture": "#0"},
				"south": {"uv": [8, 1, 8.2, 3], "texture": "#0"},
				"west": {"uv": [9, 1, 9.4, 3], "texture": "#0"},
				"up": {"uv": [7, 2, 7.2, 2.4], "texture": "#0"},
				"down": {"uv": [7, 2, 7.2, 2.4], "texture": "#0"}
			}
		},
		{
			"name": "Cube",
			"from": [7.8, 4.8, 7.8],
			"to": [8.2, 6.8, 8.2],
			"faces": {
				"north": {"uv": [8, 7, 8.4, 9], "texture": "#1"},
				"east": {"uv": [8, 6, 8.4, 8], "texture": "#1"},
				"south": {"uv": [7, 7, 7.4, 9], "texture": "#1"},
				"west": {"uv": [9, 7, 9.4, 9], "texture": "#1"},
				"up": {"uv": [6, 7, 6.4, 7.4], "texture": "#1"},
				"down": {"uv": [8, 6, 8.4, 6.4], "texture": "#1"}
			}
		},
		{
			"name": "Cube",
			"from": [7.6, 6.8, 7.6],
			"to": [8.4, 7, 8.4],
			"faces": {
				"north": {"uv": [8, 2, 8.8, 2.2], "texture": "#0"},
				"east": {"uv": [7, 1, 7.8, 1.2], "texture": "#0"},
				"south": {"uv": [6, 2, 6.8, 2.2], "texture": "#0"},
				"west": {"uv": [6, 2, 6.8, 2.2], "texture": "#0"},
				"up": {"uv": [8, 3, 8.8, 3.8], "texture": "#0"},
				"down": {"uv": [7, 3, 7.8, 3.8], "texture": "#0"}
			}
		},
		{
			"name": "Cube",
			"from": [7.6, 7, 7.6],
			"to": [8.4, 7.2, 8.4],
			"faces": {
				"north": {"uv": [8, 2, 8.8, 2.2], "texture": "#0"},
				"east": {"uv": [7, 1, 7.8, 1.2], "texture": "#0"},
				"south": {"uv": [6, 2, 6.8, 2.2], "texture": "#0"},
				"west": {"uv": [6, 2, 6.8, 2.2], "texture": "#0"},
				"up": {"uv": [8, 3, 8.8, 3.8], "texture": "#0"},
				"down": {"uv": [7, 3, 7.8, 3.8], "texture": "#0"}
			}
		},
		{
			"name": "Cube",
			"from": [7.8, 7.2, 7.8],
			"to": [8.2, 7.4, 8.2],
			"faces": {
				"north": {"uv": [8, 2, 8.4, 2.2], "texture": "#1"},
				"east": {"uv": [7, 1, 7.4, 1.2], "texture": "#1"},
				"south": {"uv": [6, 2, 6.4, 2.2], "texture": "#1"},
				"west": {"uv": [6, 2, 6.4, 2.2], "texture": "#1"},
				"up": {"uv": [8, 3, 8.4, 3.4], "texture": "#1"},
				"down": {"uv": [7, 3, 7.4, 3.4], "texture": "#1"}
			}
		},
		{
			"name": "Cube",
			"from": [7.7, 7.4, 7.7],
			"to": [8.3, 7.6, 8.3],
			"faces": {
				"north": {"uv": [8, 2, 8.6, 2.2], "texture": "#1"},
				"east": {"uv": [7, 1, 7.6, 1.2], "texture": "#1"},
				"south": {"uv": [6, 2, 6.6, 2.2], "texture": "#1"},
				"west": {"uv": [6, 2, 6.6, 2.2], "texture": "#1"},
				"up": {"uv": [8, 3, 8.6, 3.6], "texture": "#1"},
				"down": {"uv": [7, 3, 7.6, 3.6], "texture": "#1"}
			}
		},
		{
			"name": "Cube",
			"from": [7.8, 7.6, 7.8],
			"to": [8.2, 7.8, 8.2],
			"faces": {
				"north": {"uv": [8, 2, 8.4, 2.2], "texture": "#1"},
				"east": {"uv": [7, 1, 7.4, 1.2], "texture": "#1"},
				"south": {"uv": [6, 2, 6.4, 2.2], "texture": "#1"},
				"west": {"uv": [6, 2, 6.4, 2.2], "texture": "#1"},
				"up": {"uv": [8, 3, 8.4, 3.4], "texture": "#1"},
				"down": {"uv": [7, 3, 7.4, 3.4], "texture": "#1"}
			}
		},
		{
			"name": "Cube",
			"from": [8.3, 7, 7.9],
			"to": [8.5, 7.8, 8.1],
			"rotation": {"angle": 22.5, "axis": "z", "origin": [8, 7.2, 8]},
			"faces": {
				"north": {"uv": [8, 2, 8.2, 2.8], "texture": "#0"},
				"east": {"uv": [7, 1, 7.2, 1.8], "texture": "#0"},
				"south": {"uv": [6, 2, 6.2, 2.8], "texture": "#0"},
				"west": {"uv": [6, 2, 6.2, 2.8], "texture": "#0"},
				"up": {"uv": [8, 3, 8.2, 3.2], "texture": "#0"},
				"down": {"uv": [7, 3, 7.2, 3.2], "texture": "#0"}
			}
		},
		{
			"name": "Cube",
			"from": [7.9, 7, 8],
			"to": [8.1, 7.8, 8.2],
			"rotation": {"angle": -22.5, "axis": "x", "origin": [8, 8, 8]},
			"faces": {
				"north": {"uv": [8, 2, 8.2, 2.8], "texture": "#0"},
				"east": {"uv": [7, 1, 7.2, 1.8], "texture": "#0"},
				"south": {"uv": [6, 2, 6.2, 2.8], "texture": "#0"},
				"west": {"uv": [6, 2, 6.2, 2.8], "texture": "#0"},
				"up": {"uv": [8, 3, 8.2, 3.2], "texture": "#0"},
				"down": {"uv": [7, 3, 7.2, 3.2], "texture": "#0"}
			}
		},
		{
			"name": "Cube",
			"from": [7.5, 7, 7.9],
			"to": [7.7, 7.8, 8.1],
			"rotation": {"angle": -22.5, "axis": "z", "origin": [8, 7.2, 8]},
			"faces": {
				"north": {"uv": [8, 2, 8.2, 2.8], "texture": "#0"},
				"east": {"uv": [7, 1, 7.2, 1.8], "texture": "#0"},
				"south": {"uv": [6, 2, 6.2, 2.8], "texture": "#0"},
				"west": {"uv": [6, 2, 6.2, 2.8], "texture": "#0"},
				"up": {"uv": [8, 3, 8.2, 3.2], "texture": "#0"},
				"down": {"uv": [7, 3, 7.2, 3.2], "texture": "#0"}
			}
		},
		{
			"name": "Cube",
			"from": [7.9, 7, 7.8],
			"to": [8.1, 7.8, 8],
			"rotation": {"angle": 22.5, "axis": "x", "origin": [8, 8, 8]},
			"faces": {
				"north": {"uv": [8, 2, 8.2, 2.8], "texture": "#0"},
				"east": {"uv": [7, 1, 7.2, 1.8], "texture": "#0"},
				"south": {"uv": [6, 2, 6.2, 2.8], "texture": "#0"},
				"west": {"uv": [6, 2, 6.2, 2.8], "texture": "#0"},
				"up": {"uv": [8, 3, 8.2, 3.2], "texture": "#0"},
				"down": {"uv": [7, 3, 7.2, 3.2], "texture": "#0"}
			}
		}
	],
	"display": {
		"thirdperson_righthand": {
			"translation": [0, 8, 1.5],
			"scale": [1.5, 1.5, 1.5]
		},
		"thirdperson_lefthand": {
			"translation": [0, 8, 1.5],
			"scale": [1.5, 1.5, 1.5]
		},
		"firstperson_righthand": {
			"rotation": [-40, 0, 0],
			"translation": [-1, 9, -1],
			"scale": [1.5, 1.5, 1.5]
		},
		"firstperson_lefthand": {
			"rotation": [-40, 0, 0],
			"translation": [-1, 9, -1],
			"scale": [1.5, 1.5, 1.5]
		},
		"ground": {
			"rotation": [80, 0, 0],
			"translation": [0, 1, 0]
		},
		"gui": {
			"rotation": [30, 50, -75],
			"translation": [6.5, 6.5, 0],
			"scale": [2.5, 2.5, 2.5]
		},
		"fixed": {
			"translation": [0, 8, 0],
			"scale": [2, 2, 2]
		}
	},
	"groups": [
		{
			"name": "blaze_rod",
			"children": [0, 1, 2, 3, 4, 5, 6, 7, 8, 9, 10, 11, 12, 13, 14, 15, 16, 17, 18, 19, 20, 21, 22, 23, 24, 25, 26, 27, 28]
		}
	]
}