{
	"credit": "Made with Blockbench",
	"textures": {
		"0": "tardis:item/sonic/mark4"
	},
	"elements": [
		{
			"name": "Cube",
			"from": [7.5, 3, 7.5],
			"to": [8.5, 4, 8.5],
			"faces": {
				"north": {"uv": [4, 0, 8, 4], "texture": "#0"},
				"east": {"uv": [4, 0, 8, 4], "texture": "#0"},
				"south": {"uv": [4, 0, 8, 4], "texture": "#0"},
				"west": {"uv": [4, 0, 8, 4], "texture": "#0"},
				"up": {"uv": [4, 0, 8, 4], "texture": "#0"}
			}
		},
		{
			"name": "Cube",
			"from": [7.7, 4, 7.7],
			"to": [8.3, 6, 8.3],
			"faces": {
				"north": {"uv": [0, 3.5, 4, 10.5], "texture": "#0"},
				"east": {"uv": [0, 3.5, 4, 10.5], "texture": "#0"},
				"south": {"uv": [0, 3.5, 4, 10.5], "texture": "#0"},
				"west": {"uv": [0, 3.5, 4, 10.5], "texture": "#0"}
			}
		},
		{
			"name": "Cube",
			"from": [7.5, 6, 7.5],
			"to": [8.5, 6.2, 8.5],
			"faces": {
				"north": {"uv": [5, 11, 8, 13.999], "texture": "#0"},
				"east": {"uv": [5, 11, 8, 13.999], "texture": "#0"},
				"south": {"uv": [5, 11, 8, 13.999], "texture": "#0"},
				"west": {"uv": [5, 11, 8, 13.999], "texture": "#0"},
				"up": {"uv": [5, 11, 8, 13.999], "texture": "#0"},
				"down": {"uv": [5, 11, 8, 13.999], "texture": "#0"}
			}
		},
		{
			"name": "Cube",
			"from": [7.7, 6, 7.7],
			"to": [7.9, 6.5, 8.3],
			"rotation": {"angle": -22.5, "axis": "z", "origin": [8, 6.5, 8]},
			"faces": {
				"north": {"uv": [5, 12, 7, 14], "texture": "#0"},
				"east": {"uv": [5, 12, 7, 14], "texture": "#0"},
				"south": {"uv": [5, 12, 7, 14], "texture": "#0"},
				"west": {"uv": [5, 12, 7, 14], "texture": "#0"},
				"up": {"uv": [5, 12, 7, 14], "texture": "#0"},
				"down": {"uv": [5, 12, 7, 14], "texture": "#0"}
			}
		},
		{
			"name": "Cube",
			"from": [8.1, 6, 7.7],
			"to": [8.3, 6.5, 8.3],
			"rotation": {"angle": 22.5, "axis": "z", "origin": [8, 6.5, 8]},
			"faces": {
				"north": {"uv": [5, 12, 7, 14], "texture": "#0"},
				"east": {"uv": [5, 12, 7, 14], "texture": "#0"},
				"south": {"uv": [5, 12, 7, 14], "texture": "#0"},
				"west": {"uv": [5, 12, 7, 14], "texture": "#0"},
				"up": {"uv": [5, 12, 7, 14], "texture": "#0"},
				"down": {"uv": [5, 12, 7, 14], "texture": "#0"}
			}
		},
		{
			"name": "Cube",
			"from": [7.7, 6, 7.7],
			"to": [8.3, 6.5, 7.9],
			"rotation": {"angle": 22.5, "axis": "x", "origin": [8, 6.5, 8]},
			"faces": {
				"north": {"uv": [6, 11, 8, 13], "texture": "#0"},
				"east": {"uv": [6, 11, 8, 13], "texture": "#0"},
				"south": {"uv": [6, 11, 8, 13], "texture": "#0"},
				"west": {"uv": [6, 11, 8, 13], "texture": "#0"},
				"up": {"uv": [6, 11, 8, 13], "texture": "#0"},
				"down": {"uv": [6, 11, 8, 13], "texture": "#0"}
			}
		},
		{
			"name": "Cube",
			"from": [7.7, 6, 8.1],
			"to": [8.3, 6.5, 8.3],
			"rotation": {"angle": -22.5, "axis": "x", "origin": [8, 6.5, 8]},
			"faces": {
				"north": {"uv": [6, 11, 8, 13], "texture": "#0"},
				"east": {"uv": [6, 11, 8, 13], "texture": "#0"},
				"south": {"uv": [6, 11, 8, 13], "texture": "#0"},
				"west": {"uv": [6, 11, 8, 13], "texture": "#0"},
				"up": {"uv": [6, 11, 8, 13], "texture": "#0"},
				"down": {"uv": [6, 11, 8, 13], "texture": "#0"}
			}
		},
		{
			"name": "Cube",
			"from": [7.9, 6.3, 7.9],
			"to": [8.1, 6.7, 8.1],
			"faces": {
				"north": {"uv": [10, 11, 12, 13], "texture": "#0"},
				"east": {"uv": [10, 11, 12, 13], "texture": "#0"},
				"south": {"uv": [10, 11, 12, 13], "texture": "#0"},
				"west": {"uv": [10, 11, 12, 13], "texture": "#0"}
			}
		},
		{
			"name": "Cube",
			"from": [7.8, 7, 7.9],
			"to": [8.2, 7.4, 8.1],
			"faces": {
				"north": {"uv": [7, 7, 7.4, 7.4], "texture": "#0"},
				"east": {"uv": [6, 6, 6.2, 6.4], "texture": "#0"},
				"south": {"uv": [7, 8, 7.4, 8.4], "texture": "#0"},
				"west": {"uv": [8, 7, 8.2, 7.4], "texture": "#0"},
				"up": {"uv": [7, 6, 7.4, 6.2], "texture": "#0"},
				"down": {"uv": [8, 7, 8.4, 7.2], "texture": "#0"}
			}
		},
		{
			"name": "Cube",
			"from": [7.9, 6.9, 7.9],
			"to": [8.1, 7, 8.1],
			"faces": {
				"north": {"uv": [10, 10, 12, 12], "texture": "#0"},
				"east": {"uv": [10, 10, 12, 12], "texture": "#0"},
				"south": {"uv": [10, 10, 12, 12], "texture": "#0"},
				"west": {"uv": [10, 10, 12, 12], "texture": "#0"}
			}
		},
		{
			"name": "Cube",
			"from": [7.9, 7.3, 7.95],
			"to": [8.1, 7.5, 8.05],
			"rotation": {"angle": -45, "axis": "z", "origin": [8, 7.2, 8]},
			"faces": {
				"north": {"uv": [10, 11, 12, 13], "texture": "#0"},
				"east": {"uv": [10, 11, 12, 13], "texture": "#0"},
				"south": {"uv": [10, 11, 12, 13], "texture": "#0"},
				"west": {"uv": [10, 11, 12, 13], "texture": "#0"},
				"up": {"uv": [10, 11, 12, 13], "texture": "#0"},
				"down": {"uv": [10, 11, 12, 13], "texture": "#0"}
			}
		},
		{
			"name": "Cube",
			"from": [7.9, 7.3, 7.95],
			"to": [8.1, 7.5, 8.05],
			"rotation": {"angle": 45, "axis": "z", "origin": [8, 7.2, 8]},
			"faces": {
				"north": {"uv": [10, 11, 12, 13], "texture": "#0"},
				"east": {"uv": [10, 11, 12, 13], "texture": "#0"},
				"south": {"uv": [10, 11, 12, 13], "texture": "#0"},
				"west": {"uv": [10, 11, 12, 13], "texture": "#0"},
				"up": {"uv": [10, 11, 12, 13], "texture": "#0"},
				"down": {"uv": [10, 11, 12, 13], "texture": "#0"}
			}
		},
		{
			"name": "Cube",
			"from": [7.8, 7.5, 7.9],
			"to": [8.2, 7.7, 8.1],
			"faces": {
				"north": {"uv": [1, 10, 4, 16], "texture": "#0"},
				"east": {"uv": [1, 10, 4, 16], "texture": "#0"},
				"south": {"uv": [1, 10, 4, 16], "texture": "#0"},
				"west": {"uv": [1, 10, 4, 16], "texture": "#0"},
				"up": {"uv": [1, 10, 4, 16], "texture": "#0"},
				"down": {"uv": [1, 10, 4, 16], "texture": "#0"}
			}
		},
		{
			"name": "Cube",
			"from": [7.8, 7.5, 7.9],
			"to": [8.2, 7.7, 8.1],
			"rotation": {"angle": 45, "axis": "z", "origin": [8, 7.2, 8]},
			"faces": {
				"north": {"uv": [1, 10, 3, 13], "texture": "#0"},
				"east": {"uv": [1, 10, 3, 13], "texture": "#0"},
				"south": {"uv": [1, 10, 3, 13], "texture": "#0"},
				"west": {"uv": [1, 10, 3, 13], "texture": "#0"},
				"up": {"uv": [1, 10, 3, 13], "texture": "#0"},
				"down": {"uv": [1, 10, 3, 13], "texture": "#0"}
			}
		},
		{
			"name": "Cube",
			"from": [7.8, 7.5, 7.9],
			"to": [8.2, 7.7, 8.1],
			"rotation": {"angle": -45, "axis": "z", "origin": [8, 7.2, 8]},
			"faces": {
				"north": {"uv": [1, 10, 3, 13], "texture": "#0"},
				"east": {"uv": [1, 10, 3, 13], "texture": "#0"},
				"south": {"uv": [1, 10, 3, 13], "texture": "#0"},
				"west": {"uv": [1, 10, 3, 13], "texture": "#0"},
				"up": {"uv": [1, 10, 3, 13], "texture": "#0"},
				"down": {"uv": [1, 10, 3, 13], "texture": "#0"}
			}
		},
		{
			"name": "Cube",
			"from": [7.8, 6.7, 7.9],
			"to": [8.2, 6.9, 8.1],
			"faces": {
				"north": {"uv": [1, 10, 3, 13], "texture": "#0"},
				"east": {"uv": [1, 10, 3, 13], "texture": "#0"},
				"south": {"uv": [1, 10, 3, 13], "texture": "#0"},
				"west": {"uv": [1, 10, 3, 13], "texture": "#0"},
				"up": {"uv": [1, 10, 3, 13], "texture": "#0"},
				"down": {"uv": [1, 10, 3, 13], "texture": "#0"}
			}
		},
		{
			"name": "Cube",
			"from": [7.8, 6.7, 7.9],
			"to": [8.2, 6.9, 8.1],
			"rotation": {"angle": -45, "axis": "z", "origin": [8, 7.2, 8]},
			"faces": {
				"north": {"uv": [1, 10, 3, 13], "texture": "#0"},
				"east": {"uv": [1, 10, 3, 13], "texture": "#0"},
				"south": {"uv": [1, 10, 3, 13], "texture": "#0"},
				"west": {"uv": [1, 10, 3, 13], "texture": "#0"},
				"up": {"uv": [1, 10, 3, 13], "texture": "#0"},
				"down": {"uv": [1, 10, 3, 13], "texture": "#0"}
			}
		},
		{
			"name": "Cube",
			"from": [7.8, 6.7, 7.9],
			"to": [8.2, 6.9, 8.1],
			"rotation": {"angle": 45, "axis": "z", "origin": [8, 7.2, 8]},
			"faces": {
				"north": {"uv": [1, 10, 3, 13], "texture": "#0"},
				"east": {"uv": [1, 10, 3, 13], "texture": "#0"},
				"south": {"uv": [1, 10, 3, 13], "texture": "#0"},
				"west": {"uv": [1, 10, 3, 13], "texture": "#0"},
				"up": {"uv": [1, 10, 3, 13], "texture": "#0"},
				"down": {"uv": [1, 10, 3, 13], "texture": "#0"}
			}
		},
		{
			"name": "Cube",
			"from": [8.3, 7, 7.9],
			"to": [8.5, 7.4, 8.1],
			"faces": {
				"north": {"uv": [2, 10, 3, 12], "texture": "#0"},
				"east": {"uv": [2, 10, 3, 12], "texture": "#0"},
				"south": {"uv": [2, 10, 3, 12], "texture": "#0"},
				"west": {"uv": [2, 10, 3, 12], "texture": "#0"},
				"up": {"uv": [2, 10, 3, 12], "texture": "#0"},
				"down": {"uv": [2, 10, 3, 12], "texture": "#0"}
			}
		},
		{
			"name": "Cube",
			"from": [7.5, 7, 7.9],
			"to": [7.7, 7.4, 8.1],
			"faces": {
				"north": {"uv": [1, 10, 3, 13], "texture": "#0"},
				"east": {"uv": [1, 10, 3, 13], "texture": "#0"},
				"south": {"uv": [1, 10, 3, 13], "texture": "#0"},
				"west": {"uv": [1, 10, 3, 13], "texture": "#0"},
				"up": {"uv": [1, 10, 3, 13], "texture": "#0"},
				"down": {"uv": [1, 10, 3, 13], "texture": "#0"}
			}
		},
		{
			"name": "Cube",
			"from": [7.5, 2.5, 7.5],
			"to": [8.5, 3, 8.5],
			"faces": {
				"north": {"uv": [4, 10, 8, 14], "texture": "#0"},
				"east": {"uv": [4, 10, 8, 14], "texture": "#0"},
				"south": {"uv": [4, 10, 8, 14], "texture": "#0"},
				"west": {"uv": [4, 10, 8, 14], "texture": "#0"}
			}
		},
		{
			"name": "Cube",
			"from": [7.5, 0.5, 7.5],
			"to": [8.5, 2.5, 8.5],
			"faces": {
				"north": {"uv": [4, 0, 8, 4], "texture": "#0"},
				"east": {"uv": [4, 0, 8, 4], "texture": "#0"},
				"south": {"uv": [4, 0, 8, 4], "texture": "#0"},
				"west": {"uv": [4, 0, 8, 4], "texture": "#0"}
			}
		},
		{
			"name": "Cube",
			"from": [7.5, 0, 7.5],
			"to": [8.5, 0.5, 8.5],
			"faces": {
				"north": {"uv": [9, 10, 13, 14], "texture": "#0"},
				"east": {"uv": [9, 10, 13, 14], "texture": "#0"},
				"south": {"uv": [9, 10, 13, 14], "texture": "#0"},
				"west": {"uv": [9, 10, 13, 14], "texture": "#0"},
				"down": {"uv": [9, 10, 13, 14], "texture": "#0"}
			}
		}
	],
	"display": {
		"thirdperson_righthand": {
			"translation": [0, 8, 1.5],
			"scale": [1.5, 1.5, 1.5]
		},
		"thirdperson_lefthand": {
			"translation": [0, 8, 1.5],
			"scale": [1.5, 1.5, 1.5]
		},
		"firstperson_righthand": {
			"rotation": [-40, 0, 0],
			"translation": [-1, 9, -1],
			"scale": [1.5, 1.5, 1.5]
		},
		"firstperson_lefthand": {
			"rotation": [-40, 0, 0],
			"translation": [-1, 9, -1],
			"scale": [1.5, 1.5, 1.5]
		},
		"ground": {
			"rotation": [80, 0, 0],
			"translation": [0, 1, 0]
		},
		"gui": {
			"rotation": [30, 50, -75],
			"translation": [5.75, 5.75, 0],
			"scale": [2.25, 2.25, 2.25]
		},
		"fixed": {
			"translation": [0, 8, 0],
			"scale": [2, 2, 2]
		}
	}
}