{
	"credit": "Made with Blockbench",
	"textures": {
		"0": "tardis:item/sonic/mark3"
	},
	"elements": [
		{
			"name": "Cube",
			"from": [7.5, 0, 7.5],
			"to": [8.5, 4, 8.5],
			"faces": {
				"north": {"uv": [0, 0, 4, 16], "texture": "#0"},
				"east": {"uv": [0, 0, 4, 16], "texture": "#0"},
				"south": {"uv": [0, 0, 4, 16], "texture": "#0"},
				"west": {"uv": [0, 0, 4, 16], "texture": "#0"},
				"up": {"uv": [0, 12, 4, 16], "texture": "#0"},
				"down": {"uv": [0, 12, 4, 16], "texture": "#0"}
			}
		},
		{
			"name": "Cube",
			"from": [7.7, 4, 7.7],
			"to": [8.3, 6, 8.3],
			"faces": {
				"north": {"uv": [9, 0, 13, 6], "texture": "#0"},
				"east": {"uv": [9, 0, 13, 6], "texture": "#0"},
				"south": {"uv": [9, 0, 13, 6], "texture": "#0"},
				"west": {"uv": [9, 0, 13, 6], "texture": "#0"},
				"up": {"uv": [9, 0, 11, 1], "texture": "#0"},
				"down": {"uv": [10, 0, 10.6, 0.6], "texture": "#0"}
			}
		},
		{
			"name": "Cube",
			"from": [7.5, 6, 7.5],
			"to": [8.5, 6.2, 8.5],
			"faces": {
				"north": {"uv": [7, 12, 8, 12.2], "texture": "#0"},
				"east": {"uv": [5, 12, 6, 12.2], "texture": "#0"},
				"south": {"uv": [7, 14, 8, 14.2], "texture": "#0"},
				"west": {"uv": [8, 13, 9, 13.2], "texture": "#0"},
				"up": {"uv": [7, 12, 8, 13], "texture": "#0"},
				"down": {"uv": [6, 12, 7, 13], "texture": "#0"}
			}
		},
		{
			"name": "Cube",
			"from": [7.7, 6, 7.7],
			"to": [7.9, 6.5, 8.3],
			"rotation": {"angle": -22.5, "axis": "z", "origin": [8, 6.5, 8]},
			"faces": {
				"north": {"uv": [6, 0, 8.2, 2.5], "texture": "#0"},
				"east": {"uv": [5, 0, 8.6, 4.5], "texture": "#0"},
				"south": {"uv": [5, 0, 8.2, 4.5], "texture": "#0"},
				"west": {"uv": [5, 0, 8.6, 3.5], "texture": "#0"},
				"up": {"uv": [5, 1, 7.2, 3.6], "texture": "#0"},
				"down": {"uv": [6, 0, 8.2, 4.6], "texture": "#0"}
			}
		},
		{
			"name": "Cube",
			"from": [8.1, 6, 7.7],
			"to": [8.3, 6.5, 8.3],
			"rotation": {"angle": 22.5, "axis": "z", "origin": [8, 6.5, 8]},
			"faces": {
				"north": {"uv": [6, 2, 6.2, 2.5], "texture": "#0"},
				"east": {"uv": [6, 4, 6.6, 4.5], "texture": "#0"},
				"south": {"uv": [7, 4, 7.2, 4.5], "texture": "#0"},
				"west": {"uv": [4, 3, 4.6, 3.5], "texture": "#0"},
				"up": {"uv": [5, 3, 5.2, 3.6], "texture": "#0"},
				"down": {"uv": [7, 2, 7.2, 2.6], "texture": "#0"}
			}
		},
		{
			"name": "Cube",
			"from": [7.7, 6, 7.7],
			"to": [8.3, 6.5, 7.9],
			"rotation": {"angle": 22.5, "axis": "x", "origin": [8, 6.5, 8]},
			"faces": {
				"north": {"uv": [5, 2, 5.6, 2.5], "texture": "#0"},
				"east": {"uv": [6, 4, 6.2, 4.5], "texture": "#0"},
				"south": {"uv": [5, 2, 5.6, 2.5], "texture": "#0"},
				"west": {"uv": [7, 4, 7.2, 4.5], "texture": "#0"},
				"up": {"uv": [6, 3, 6.6, 3.2], "texture": "#0"},
				"down": {"uv": [7, 2, 7.6, 2.2], "texture": "#0"}
			}
		},
		{
			"name": "Cube",
			"from": [7.7, 6, 8.1],
			"to": [8.3, 6.5, 8.3],
			"rotation": {"angle": -22.5, "axis": "x", "origin": [8, 6.5, 8]},
			"faces": {
				"north": {"uv": [5, 2, 5.6, 2.5], "texture": "#0"},
				"east": {"uv": [5, 3, 5.2, 3.5], "texture": "#0"},
				"south": {"uv": [5, 2, 5.6, 2.5], "texture": "#0"},
				"west": {"uv": [6, 3, 6.2, 3.5], "texture": "#0"},
				"up": {"uv": [5, 3, 5.6, 3.2], "texture": "#0"},
				"down": {"uv": [6, 2, 6.6, 2.2], "texture": "#0"}
			}
		},
		{
			"name": "Cube",
			"from": [7.9, 6.3, 7.9],
			"to": [8.1, 6.7, 8.1],
			"faces": {
				"north": {"uv": [7, 7, 7.2, 7.4], "texture": "#0"},
				"east": {"uv": [6, 6, 6.2, 6.4], "texture": "#0"},
				"south": {"uv": [7, 8, 7.2, 8.4], "texture": "#0"},
				"west": {"uv": [8, 7, 8.2, 7.4], "texture": "#0"},
				"up": {"uv": [7, 6, 7.2, 6.2], "texture": "#0"},
				"down": {"uv": [8, 7, 8.2, 7.2], "texture": "#0"}
			}
		},
		{
			"name": "Cube",
			"from": [7.8, 7, 7.9],
			"to": [8.2, 7.4, 8.1],
			"faces": {
				"north": {"uv": [7, 7, 7.4, 7.4], "texture": "#0"},
				"east": {"uv": [6, 6, 6.2, 6.4], "texture": "#0"},
				"south": {"uv": [7, 8, 7.4, 8.4], "texture": "#0"},
				"west": {"uv": [8, 7, 8.2, 7.4], "texture": "#0"},
				"up": {"uv": [7, 6, 7.4, 6.2], "texture": "#0"},
				"down": {"uv": [8, 7, 8.4, 7.2], "texture": "#0"}
			}
		},
		{
			"name": "Cube",
			"from": [7.9, 6.9, 7.9],
			"to": [8.1, 7, 8.1],
			"faces": {
				"north": {"uv": [7, 7, 7.2, 7.1], "texture": "#0"},
				"east": {"uv": [6, 6, 6.2, 6.1], "texture": "#0"},
				"south": {"uv": [7, 8, 7.2, 8.1], "texture": "#0"},
				"west": {"uv": [8, 7, 8.2, 7.1], "texture": "#0"},
				"up": {"uv": [7, 6, 7.2, 6.2], "texture": "#0"},
				"down": {"uv": [8, 7, 8.2, 7.2], "texture": "#0"}
			}
		},
		{
			"name": "Cube",
			"from": [7.9, 7.3, 7.9],
			"to": [8.1, 7.5, 8.1],
			"rotation": {"angle": -45, "axis": "z", "origin": [8, 7.2, 8]},
			"faces": {
				"north": {"uv": [7, 7, 7.2, 7.2], "texture": "#0"},
				"east": {"uv": [6, 6, 6.2, 6.2], "texture": "#0"},
				"south": {"uv": [7, 8, 7.2, 8.2], "texture": "#0"},
				"west": {"uv": [8, 7, 8.2, 7.2], "texture": "#0"},
				"up": {"uv": [7, 6, 7.2, 6.2], "texture": "#0"},
				"down": {"uv": [8, 7, 8.2, 7.2], "texture": "#0"}
			}
		},
		{
			"name": "Cube",
			"from": [7.9, 7.3, 7.9],
			"to": [8.1, 7.5, 8.1],
			"rotation": {"angle": 45, "axis": "z", "origin": [8, 7.2, 8]},
			"faces": {
				"north": {"uv": [7, 7, 7.2, 7.2], "texture": "#0"},
				"east": {"uv": [6, 6, 6.2, 6.2], "texture": "#0"},
				"south": {"uv": [7, 8, 7.2, 8.2], "texture": "#0"},
				"west": {"uv": [8, 7, 8.2, 7.2], "texture": "#0"},
				"up": {"uv": [7, 6, 7.2, 6.2], "texture": "#0"},
				"down": {"uv": [8, 7, 8.2, 7.2], "texture": "#0"}
			}
		},
		{
			"name": "Cube",
			"from": [7.8, 7.5, 7.9],
			"to": [8.2, 7.7, 8.1],
			"faces": {
				"north": {"uv": [11, 8, 11.4, 8.2], "texture": "#0"},
				"east": {"uv": [11, 8, 11.2, 8.2], "texture": "#0"},
				"south": {"uv": [10, 8, 10.4, 8.2], "texture": "#0"},
				"west": {"uv": [10, 8, 10.2, 8.2], "texture": "#0"},
				"up": {"uv": [11, 8, 11.4, 8.2], "texture": "#0"},
				"down": {"uv": [11, 8, 11.4, 8.2], "texture": "#0"}
			}
		},
		{
			"name": "Cube",
			"from": [7.8, 7.5, 7.9],
			"to": [8.2, 7.7, 8.1],
			"rotation": {"angle": 45, "axis": "z", "origin": [8, 7.2, 8]},
			"faces": {
				"north": {"uv": [12, 7, 12.4, 7.2], "texture": "#0"},
				"east": {"uv": [11, 8, 11.2, 8.2], "texture": "#0"},
				"south": {"uv": [10, 9, 10.4, 9.2], "texture": "#0"},
				"west": {"uv": [10, 7, 10.2, 7.2], "texture": "#0"},
				"up": {"uv": [11, 9, 11.4, 9.2], "texture": "#0"},
				"down": {"uv": [12, 8, 12.4, 8.2], "texture": "#0"}
			}
		},
		{
			"name": "Cube",
			"from": [7.8, 7.5, 7.9],
			"to": [8.2, 7.7, 8.1],
			"rotation": {"angle": -45, "axis": "z", "origin": [8, 7.2, 8]},
			"faces": {
				"north": {"uv": [11, 8, 11.4, 8.2], "texture": "#0"},
				"east": {"uv": [10, 9, 10.2, 9.2], "texture": "#0"},
				"south": {"uv": [9, 8, 9.4, 8.2], "texture": "#0"},
				"west": {"uv": [9, 8, 9.2, 8.2], "texture": "#0"},
				"up": {"uv": [11, 8, 11.4, 8.2], "texture": "#0"},
				"down": {"uv": [12, 9, 12.4, 9.2], "texture": "#0"}
			}
		},
		{
			"name": "Cube",
			"from": [7.8, 6.7, 7.9],
			"to": [8.2, 6.9, 8.1],
			"faces": {
				"north": {"uv": [11, 8, 11.4, 8.2], "texture": "#0"},
				"east": {"uv": [10, 8, 10.2, 8.2], "texture": "#0"},
				"south": {"uv": [9, 7, 9.4, 7.2], "texture": "#0"},
				"west": {"uv": [12, 8, 12.2, 8.2], "texture": "#0"},
				"up": {"uv": [10, 8, 10.4, 8.2], "texture": "#0"},
				"down": {"uv": [10, 9, 10.4, 9.2], "texture": "#0"}
			}
		},
		{
			"name": "Cube",
			"from": [7.8, 6.7, 7.9],
			"to": [8.2, 6.9, 8.1],
			"rotation": {"angle": -45, "axis": "z", "origin": [8, 7.2, 8]},
			"faces": {
				"north": {"uv": [10, 9, 10.4, 9.2], "texture": "#0"},
				"east": {"uv": [10, 9, 10.2, 9.2], "texture": "#0"},
				"south": {"uv": [10, 9, 10.4, 9.2], "texture": "#0"},
				"west": {"uv": [10, 8, 10.2, 8.2], "texture": "#0"},
				"up": {"uv": [10, 7, 10.4, 7.2], "texture": "#0"},
				"down": {"uv": [11, 7, 11.4, 7.2], "texture": "#0"}
			}
		},
		{
			"name": "Cube",
			"from": [7.8, 6.7, 7.9],
			"to": [8.2, 6.9, 8.1],
			"rotation": {"angle": 45, "axis": "z", "origin": [8, 7.2, 8]},
			"faces": {
				"north": {"uv": [12, 7, 12.4, 7.2], "texture": "#0"},
				"east": {"uv": [10, 9, 10.2, 9.2], "texture": "#0"},
				"south": {"uv": [9, 7, 9.4, 7.2], "texture": "#0"},
				"west": {"uv": [10, 9, 10.2, 9.2], "texture": "#0"},
				"up": {"uv": [10, 7, 10.4, 7.2], "texture": "#0"},
				"down": {"uv": [10, 8, 10.4, 8.2], "texture": "#0"}
			}
		},
		{
			"name": "Cube",
			"from": [8.3, 7, 7.9],
			"to": [8.5, 7.4, 8.1],
			"faces": {
				"north": {"uv": [12, 8, 12.2, 8.4], "texture": "#0"},
				"east": {"uv": [10, 7, 10.2, 7.4], "texture": "#0"},
				"south": {"uv": [10, 9, 10.2, 9.4], "texture": "#0"},
				"west": {"uv": [10, 7, 10.2, 7.4], "texture": "#0"},
				"up": {"uv": [9, 9, 9.2, 9.2], "texture": "#0"},
				"down": {"uv": [10, 9, 10.2, 9.2], "texture": "#0"}
			}
		},
		{
			"name": "Cube",
			"from": [7.5, 7, 7.9],
			"to": [7.7, 7.4, 8.1],
			"faces": {
				"north": {"uv": [11, 7, 11.2, 7.4], "texture": "#0"},
				"east": {"uv": [10, 9, 10.2, 9.4], "texture": "#0"},
				"south": {"uv": [12, 8, 12.2, 8.4], "texture": "#0"},
				"west": {"uv": [11, 9, 11.2, 9.4], "texture": "#0"},
				"up": {"uv": [11, 7, 11.2, 7.2], "texture": "#0"},
				"down": {"uv": [12, 9, 12.2, 9.2], "texture": "#0"}
			}
		}
	],
	"display": {
		"thirdperson_righthand": {
			"translation": [0, 8, 1.5],
			"scale": [1.5, 1.5, 1.5]
		},
		"thirdperson_lefthand": {
			"translation": [0, 8, 1.5],
			"scale": [1.5, 1.5, 1.5]
		},
		"firstperson_righthand": {
			"rotation": [-40, 0, 0],
			"translation": [-1, 9, -1],
			"scale": [1.5, 1.5, 1.5]
		},
		"firstperson_lefthand": {
			"rotation": [-40, 0, 0],
			"translation": [-1, 9, -1],
			"scale": [1.5, 1.5, 1.5]
		},
		"ground": {
			"rotation": [80, 0, 0],
			"translation": [0, 1, 0]
		},
		"gui": {
			"rotation": [30, 50, -75],
			"translation": [5.75, 5.75, 0],
			"scale": [2.25, 2.25, 2.25]
		},
		"fixed": {
			"translation": [0, 8, 0],
			"scale": [2, 2, 2]
		}
	}
}