{
	"credit": "Made with Blockbench",
	"textures": {
		"0": "tardis:item/disk/silver",
		"1": "tardis:item/sonic/gold",
		"3": "tardis:item/sonic/greenish",
		"1_1": "tardis:item/disk/silver_metal"
	},
	"elements": [
		{
			"from": [7.184, 18.33, 7.2],
			"to": [7.684, 19.33, 7.7],
			"faces": {
				"north": {"uv": [0, 0, 0.5, 1], "rotation": 180, "texture": "#0"},
				"east": {"uv": [0, 0, 0.5, 1], "rotation": 180, "texture": "#0"},
				"south": {"uv": [0, 0, 0.5, 1], "rotation": 180, "texture": "#0"},
				"west": {"uv": [0, 0, 0.5, 1], "texture": "#0"},
				"up": {"uv": [0, 0, 0.5, 1], "rotation": 180, "texture": "#0"},
				"down": {"uv": [0, 0, 0.5, 1], "texture": "#0"}
			}
		},
		{
			"from": [8.084, 18.33, 7.2],
			"to": [8.584, 19.83, 7.7],
			"faces": {
				"north": {"uv": [0, 0, 0.5, 1.5], "rotation": 180, "texture": "#0"},
				"east": {"uv": [0, 0, 0.5, 1.5], "rotation": 180, "texture": "#0"},
				"south": {"uv": [0, 0, 0.5, 1.5], "rotation": 180, "texture": "#0"},
				"west": {"uv": [0, 0, 0.5, 1.5], "texture": "#0"},
				"up": {"uv": [0, 0, 0.5, 1.5], "rotation": 180, "texture": "#0"},
				"down": {"uv": [0, 0, 0.5, 1.5], "texture": "#0"}
			}
		},
		{
			"from": [7.184, 18.33, 8],
			"to": [7.684, 19.83, 8.5],
			"faces": {
				"north": {"uv": [0, 0, 0.5, 1.5], "rotation": 180, "texture": "#0"},
				"east": {"uv": [0, 0, 0.5, 1.5], "rotation": 180, "texture": "#0"},
				"south": {"uv": [0, 0, 0.5, 1.5], "rotation": 180, "texture": "#0"},
				"west": {"uv": [0, 0, 0.5, 1.5], "texture": "#0"},
				"up": {"uv": [0, 0, 0.5, 1.5], "rotation": 180, "texture": "#0"},
				"down": {"uv": [0, 0, 0.5, 1.5], "texture": "#0"}
			}
		},
		{
			"from": [8.084, 18.33, 8],
			"to": [8.584, 19.33, 8.5],
			"faces": {
				"north": {"uv": [0, 0, 0.5, 1], "rotation": 180, "texture": "#0"},
				"east": {"uv": [0, 0, 0.5, 1], "rotation": 180, "texture": "#0"},
				"south": {"uv": [0, 0, 0.5, 1], "rotation": 180, "texture": "#0"},
				"west": {"uv": [0, 0, 0.5, 1], "texture": "#0"},
				"up": {"uv": [0, 0, 0.5, 1], "rotation": 180, "texture": "#0"},
				"down": {"uv": [0, 0, 0.5, 1], "texture": "#0"}
			}
		},
		{
			"from": [7.084, 17.33, 7],
			"to": [8.784, 18.33, 8.7],
			"faces": {
				"north": {"uv": [0, 0, 1.7, 1], "rotation": 180, "texture": "#1_1"},
				"east": {"uv": [0, 0, 1.7, 1], "rotation": 180, "texture": "#1_1"},
				"south": {"uv": [0, 0, 1.7, 1], "rotation": 180, "texture": "#1_1"},
				"west": {"uv": [0, 0, 1.7, 1], "texture": "#1_1"},
				"up": {"uv": [0, 0, 1.7, 1], "rotation": 180, "texture": "#1_1"},
				"down": {"uv": [0, 0, 1.7, 1], "texture": "#1_1"}
			}
		},
		{
			"from": [6.934, 15.83, 6.85],
			"to": [8.934, 17.33, 8.85],
			"faces": {
				"north": {"uv": [0, 0, 1.7, 1], "rotation": 180, "texture": "#0"},
				"east": {"uv": [0, 0, 1.7, 1], "rotation": 180, "texture": "#0"},
				"south": {"uv": [0, 0, 1.7, 1], "rotation": 180, "texture": "#0"},
				"west": {"uv": [0, 0, 1.7, 1], "texture": "#0"},
				"up": {"uv": [0, 0, 1.7, 1], "rotation": 180, "texture": "#0"},
				"down": {"uv": [0, 0, 1.7, 1.7], "texture": "#0"}
			}
		},
		{
			"from": [6.834, 15.33, 6.75],
			"to": [9.034, 15.83, 8.95],
			"faces": {
				"north": {"uv": [0, 0, 1.7, 1.7], "rotation": 180, "texture": "#1"},
				"east": {"uv": [0, 0, 1.7, 1.7], "rotation": 180, "texture": "#1"},
				"south": {"uv": [0, 0, 1.7, 1.7], "rotation": 180, "texture": "#1"},
				"west": {"uv": [0, 0, 1.7, 1.7], "texture": "#1"},
				"up": {"uv": [0, 0, 1.7, 1.7], "rotation": 180, "texture": "#1"},
				"down": {"uv": [0, 0, 1.7, 1.7], "texture": "#1"}
			}
		},
		{
			"from": [6.934, 14.83, 6.85],
			"to": [8.934, 15.33, 8.85],
			"faces": {
				"north": {"uv": [0, 0, 1.7, 1], "rotation": 180, "texture": "#0"},
				"east": {"uv": [0, 0, 1.7, 1], "rotation": 180, "texture": "#0"},
				"south": {"uv": [0, 0, 1.7, 1], "rotation": 180, "texture": "#0"},
				"west": {"uv": [0, 0, 1.7, 1], "texture": "#0"},
				"up": {"uv": [0, 0, 1.7, 1], "rotation": 180, "texture": "#0"},
				"down": {"uv": [0, 0, 1.7, 1.7], "texture": "#0"}
			}
		},
		{
			"from": [7.384, 13.58, 7.4],
			"to": [8.384, 14.83, 8.4],
			"faces": {
				"north": {"uv": [0, 0, 1.7, 1.7], "rotation": 180, "texture": "#1"},
				"east": {"uv": [0, 0, 1.7, 1.7], "rotation": 180, "texture": "#1"},
				"south": {"uv": [0, 0, 1.7, 1.7], "rotation": 180, "texture": "#1"},
				"west": {"uv": [0, 0, 1.7, 1.7], "texture": "#1"},
				"up": {"uv": [0, 0, 1.7, 1.7], "rotation": 180, "texture": "#1"},
				"down": {"uv": [0, 0, 1.7, 1.7], "texture": "#1"}
			}
		},
		{
			"from": [7.384, 0.58, 7.3],
			"to": [8.384, 1.08, 8.3],
			"faces": {
				"north": {"uv": [0, 0, 1.6, 0.5], "texture": "#1"},
				"east": {"uv": [0, 0, 1.6, 0.5], "texture": "#1"},
				"south": {"uv": [0, 0, 1.6, 0.5], "texture": "#1"},
				"west": {"uv": [0, 0, 1.6, 0.5], "rotation": 180, "texture": "#1"},
				"up": {"uv": [0, 0, 1.6, 0.5], "texture": "#1"},
				"down": {"uv": [0, 0, 1.6, 0.5], "rotation": 180, "texture": "#1"}
			}
		},
		{
			"from": [7.084, 1.08, 7],
			"to": [8.684, 1.58, 8.6],
			"faces": {
				"north": {"uv": [0, 0, 1.6, 0.5], "texture": "#1"},
				"east": {"uv": [0, 0, 1.6, 0.5], "texture": "#1"},
				"south": {"uv": [0, 0, 1.6, 0.5], "texture": "#1"},
				"west": {"uv": [0, 0, 1.6, 0.5], "rotation": 180, "texture": "#1"},
				"up": {"uv": [0, 0, 1.6, 0.5], "texture": "#1"},
				"down": {"uv": [0, 0, 1.6, 0.5], "rotation": 180, "texture": "#1"}
			}
		},
		{
			"from": [6.684, 1.83, 6.7],
			"to": [9.084, 4.83, 9.1],
			"faces": {
				"north": {"uv": [0, 0, 2.4, 4.25], "texture": "#0"},
				"east": {"uv": [6, 0, 8.4, 4.25], "texture": "#0"},
				"south": {"uv": [3, 0, 5.4, 4.25], "texture": "#0"},
				"west": {"uv": [9, 0, 11.4, 4.25], "rotation": 180, "texture": "#0"},
				"up": {"uv": [0, 0, 2.4, 4.25], "texture": "#0"},
				"down": {"uv": [0, 0, 2.4, 4.25], "rotation": 180, "texture": "#0"}
			}
		},
		{
			"from": [6.384, 4.83, 6.4],
			"to": [9.384, 5.83, 9.4],
			"faces": {
				"north": {"uv": [0, 0, 3, 1], "texture": "#1"},
				"east": {"uv": [0, 0, 3, 1], "texture": "#1"},
				"south": {"uv": [0, 0, 3, 1], "texture": "#1"},
				"west": {"uv": [0, 0, 3, 1], "rotation": 180, "texture": "#1"},
				"up": {"uv": [0, 0, 3, 1], "texture": "#1"},
				"down": {"uv": [0, 0, 3, 1], "rotation": 180, "texture": "#1"}
			}
		},
		{
			"from": [6.684, 5.83, 6.7],
			"to": [9.084, 6.08, 9.1],
			"faces": {
				"north": {"uv": [0, 0, 2.4, 0.25], "texture": "#1_1"},
				"east": {"uv": [0, 0, 2.4, 0.25], "texture": "#1_1"},
				"south": {"uv": [0, 0, 2.4, 0.25], "texture": "#1_1"},
				"west": {"uv": [0, 0, 2.4, 0.25], "rotation": 180, "texture": "#1_1"}
			}
		},
		{
			"from": [6.384, 6.08, 6.4],
			"to": [9.384, 7.08, 9.4],
			"faces": {
				"north": {"uv": [0, 0, 3, 1], "texture": "#1"},
				"east": {"uv": [0, 0, 3, 1], "texture": "#1"},
				"south": {"uv": [0, 0, 3, 1], "texture": "#1"},
				"west": {"uv": [0, 0, 3, 1], "rotation": 180, "texture": "#1"},
				"up": {"uv": [0, 0, 3, 1], "texture": "#1"},
				"down": {"uv": [0, 0, 3, 1], "rotation": 180, "texture": "#1"}
			}
		},
		{
			"from": [6.684, 7.08, 6.7],
			"to": [9.084, 7.33, 9.1],
			"faces": {
				"north": {"uv": [0, 0, 2.4, 0.25], "texture": "#1_1"},
				"east": {"uv": [0, 0, 2.4, 0.25], "texture": "#1_1"},
				"south": {"uv": [0, 0, 2.4, 0.25], "texture": "#1_1"},
				"west": {"uv": [0, 0, 2.4, 0.25], "rotation": 180, "texture": "#1_1"},
				"up": {"uv": [0, 0, 2.4, 0.25], "rotation": 180, "texture": "#1_1"},
				"down": {"uv": [0, 0, 2.4, 0.25], "texture": "#1_1"}
			}
		},
		{
			"from": [6.684, 7.33, 6.7],
			"to": [9.084, 8.83, 9.1],
			"faces": {
				"north": {"uv": [0, 0, 2.4, 1.5], "texture": "#0"},
				"east": {"uv": [0, 0, 2.4, 1.5], "texture": "#0"},
				"south": {"uv": [0, 0, 2.4, 1.5], "texture": "#0"},
				"west": {"uv": [0, 0, 2.4, 1.5], "rotation": 180, "texture": "#0"},
				"up": {"uv": [0, 0, 2.4, 1.5], "texture": "#0"},
				"down": {"uv": [0, 0, 2.4, 1.5], "rotation": 180, "texture": "#0"}
			}
		},
		{
			"from": [6.684, 8.83, 7.1],
			"to": [9.084, 13.33, 9.1],
			"faces": {
				"north": {"uv": [0, 0, 2.4, 5.25], "texture": "#0"},
				"east": {"uv": [0, 0, 2.4, 5.25], "texture": "#0"},
				"south": {"uv": [0, 0, 2.4, 5.25], "texture": "#0"},
				"west": {"uv": [0, 0, 2.4, 5.25], "rotation": 180, "texture": "#0"},
				"up": {"uv": [0, 0, 2.4, 5.25], "rotation": 180, "texture": "#0"}
			}
		},
		{
			"from": [6.684, 8.83, 6.7],
			"to": [9.084, 13.33, 7.1],
			"faces": {
				"north": {"uv": [0, 0, 2, 4], "texture": "#1_1"},
				"east": {"uv": [0, 0, 2.4, 5.25], "texture": "#1_1"},
				"south": {"uv": [0, 0, 2.4, 5.25], "texture": "#1_1"},
				"west": {"uv": [0, 0, 2.4, 5.25], "rotation": 180, "texture": "#1_1"},
				"up": {"uv": [0, 0, 2.4, 5.25], "rotation": 180, "texture": "#1_1"}
			}
		},
		{
			"from": [6.684, 13.33, 6.7],
			"to": [9.084, 13.58, 9.1],
			"faces": {
				"north": {"uv": [0, 0, 2.4, 0.25], "texture": "#1"},
				"east": {"uv": [0, 0, 2.4, 0.25], "texture": "#1"},
				"south": {"uv": [0, 0, 2.4, 0.25], "texture": "#1"},
				"west": {"uv": [0, 0, 2.4, 0.25], "rotation": 180, "texture": "#1"},
				"up": {"uv": [0, 0, 2.4, 2.4], "rotation": 180, "texture": "#1"}
			}
		},
		{
			"from": [6.684, 1.58, 6.7],
			"to": [9.084, 1.83, 9.1],
			"faces": {
				"north": {"uv": [0, 0, 2.4, 0.25], "texture": "#1"},
				"east": {"uv": [0, 0, 2.4, 0.25], "texture": "#1"},
				"south": {"uv": [0, 0, 2.4, 0.25], "texture": "#1"},
				"west": {"uv": [0, 0, 2.4, 0.25], "rotation": 180, "texture": "#1"},
				"up": {"uv": [0, 0, 2.4, 0.25], "texture": "#1"},
				"down": {"uv": [0, 0, 2.4, 0.25], "rotation": 180, "texture": "#1"}
			}
		},
		{
			"from": [9.084, 7.83, 7.4],
			"to": [9.284, 12.83, 8.4],
			"faces": {
				"north": {"uv": [0, 0, 16, 16], "texture": "#1_1"},
				"east": {"uv": [0, 0, 2, 11], "texture": "#1_1"},
				"south": {"uv": [0, 0, 16, 16], "texture": "#1_1"},
				"west": {"uv": [0, 0, 16, 16], "rotation": 180, "texture": "#1_1"},
				"up": {"uv": [0, 0, 16, 16], "texture": "#1_1"},
				"down": {"uv": [0, 0, 16, 16], "rotation": 180, "texture": "#1_1"}
			}
		},
		{
			"from": [6.484, 7.83, 7.4],
			"to": [6.684, 12.83, 8.4],
			"faces": {
				"north": {"uv": [0, 0, 16, 16], "texture": "#1_1"},
				"east": {"uv": [0, 0, 16, 16], "texture": "#1_1"},
				"south": {"uv": [0, 0, 16, 16], "texture": "#1_1"},
				"west": {"uv": [4, 0, 6, 11], "rotation": 180, "texture": "#1_1"},
				"up": {"uv": [0, 0, 16, 16], "texture": "#1_1"},
				"down": {"uv": [0, 0, 16, 16], "rotation": 180, "texture": "#1_1"}
			}
		},
		{
			"from": [6.284, 8.83, 7.6],
			"to": [6.484, 12.33, 8.2],
			"faces": {
				"north": {"uv": [0, 0, 16, 16], "texture": "#3"},
				"east": {"uv": [0, 0, 16, 16], "texture": "#3"},
				"south": {"uv": [0, 0, 16, 16], "texture": "#3"},
				"west": {"uv": [0, 0, 16, 16], "rotation": 180, "texture": "#3"},
				"up": {"uv": [0, 0, 16, 16], "texture": "#3"},
				"down": {"uv": [0, 0, 16, 16], "rotation": 180, "texture": "#3"}
			}
		},
		{
			"from": [9.284, 8.83, 7.6],
			"to": [9.484, 12.33, 8.2],
			"faces": {
				"north": {"uv": [0, 0, 16, 16], "texture": "#3"},
				"east": {"uv": [0, 0, 16, 16], "texture": "#3"},
				"south": {"uv": [0, 0, 16, 16], "texture": "#3"},
				"west": {"uv": [0, 0, 16, 16], "rotation": 180, "texture": "#3"},
				"up": {"uv": [0, 0, 16, 16], "texture": "#3"},
				"down": {"uv": [0, 0, 16, 16], "rotation": 180, "texture": "#3"}
			}
		}
	],
	"display": {
		"thirdperson_righthand": {
			"translation": [0, 1.5, 1],
			"scale": [0.35, 0.35, 0.35]
		},
		"thirdperson_lefthand": {
			"translation": [0, 1.5, 1],
			"scale": [0.35, 0.35, 0.35]
		},
		"firstperson_righthand": {
			"rotation": [0, -90, 25],
			"translation": [1.13, 3.2, 1.13],
			"scale": [0.68, 0.68, 0.68]
		},
		"firstperson_lefthand": {
			"rotation": [0, -90, 25],
			"translation": [1.13, 3.2, 1.13],
			"scale": [0.68, 0.68, 0.68]
		},
		"ground": {
			"translation": [0, 3, 0],
			"scale": [0.5, 0.5, 0.5]
		},
		"gui": {
			"rotation": [30, 50, -75],
			"translation": [-1.5, -1.5, 0],
			"scale": [0.9, 0.9, 0.9]
		},
		"head": {
			"rotation": [0, 180, 0],
			"translation": [0, 13, 7]
		},
		"fixed": {
			"translation": [0, -1.5, 0],
			"scale": [0.87, 0.87, 0.87]
		}
	},
	"groups": [0, 1, 2, 3, 4, 5, 6, 7, 8,
		{
			"name": "river_song",
			"children": [9, 10, 11, 12, 13, 14, 15, 16, 17, 18, 19, 20, 21, 22, 23, 24]
		}
	]
}