{
	"credit": "Made with Blockbench",
	"textures": {
		"0": "tardis:item/disk/silver",
		"1": "tardis:item/disk/silver_metal",
		"2": "tardis:item/disk/black_plastic",
		"3": "tardis:item/sonic/greenish",
		"4": "tardis:item/disk/blacker_plastic",
		"5": "tardis:item/sonic/blue_glass",
		"6": "tardis:item/sonic/gold",
		"particle": "tardis:item/disk/silver"
	},
	"elements": [
		{
			"from": [7, 0, 8],
			"to": [8, 0.5, 9],
			"faces": {
				"north": {"uv": [0, 0, 1, 0.5], "texture": "#4"},
				"east": {"uv": [0, 0, 1, 0.5], "texture": "#4"},
				"south": {"uv": [0, 0, 1, 0.5], "texture": "#4"},
				"west": {"uv": [0, 0, 1, 0.5], "texture": "#4"},
				"up": {"uv": [0, 0, 1, 0.5], "texture": "#4"},
				"down": {"uv": [0, 0, 1, 0.5], "texture": "#4"}
			}
		},
		{
			"from": [6.7, 0.5, 7.7],
			"to": [8.3, 1, 9.3],
			"faces": {
				"north": {"uv": [0, 0, 1.6, 0.5], "texture": "#4"},
				"east": {"uv": [0, 0, 1.6, 0.5], "texture": "#4"},
				"south": {"uv": [0, 0, 1.6, 0.5], "texture": "#4"},
				"west": {"uv": [0, 0, 1.6, 0.5], "texture": "#4"},
				"up": {"uv": [0, 0, 1.6, 0.5], "texture": "#4"},
				"down": {"uv": [0, 0, 1.6, 0.5], "texture": "#4"}
			}
		},
		{
			"from": [6.3, 1, 7.3],
			"to": [8.7, 3, 9.7],
			"faces": {
				"north": {"uv": [0, 0, 2.4, 2], "texture": "#4"},
				"east": {"uv": [0, 0, 2.4, 2], "texture": "#4"},
				"south": {"uv": [0, 0, 2.4, 2], "texture": "#4"},
				"west": {"uv": [0, 0, 2.4, 2], "texture": "#4"},
				"up": {"uv": [0, 0, 2.4, 2], "texture": "#4"},
				"down": {"uv": [0, 0, 2.4, 2], "texture": "#4"}
			}
		},
		{
			"from": [6, 3, 7],
			"to": [9, 3.5, 10],
			"faces": {
				"north": {"uv": [0, 0, 3, 0.5], "texture": "#4"},
				"east": {"uv": [0, 0, 3, 0.5], "texture": "#4"},
				"south": {"uv": [0, 0, 3, 0.5], "texture": "#4"},
				"west": {"uv": [0, 0, 3, 0.5], "texture": "#4"},
				"up": {"uv": [0, 0, 3, 0.5], "texture": "#4"},
				"down": {"uv": [0, 0, 3, 0.5], "texture": "#4"}
			}
		},
		{
			"from": [6.3, 3.5, 7.3],
			"to": [8.7, 4.5, 9.7],
			"faces": {
				"north": {"uv": [0, 0, 2.4, 1], "texture": "#4"},
				"east": {"uv": [0, 0, 2.4, 1], "texture": "#4"},
				"south": {"uv": [0, 0, 2.4, 1], "texture": "#4"},
				"west": {"uv": [0, 0, 2.4, 1], "texture": "#4"},
				"up": {"uv": [0, 0, 2.4, 1], "texture": "#4"},
				"down": {"uv": [0, 0, 2.4, 1], "texture": "#4"}
			}
		},
		{
			"from": [6, 4.5, 7],
			"to": [9, 5, 10],
			"faces": {
				"north": {"uv": [0, 0, 3, 0.5], "texture": "#4"},
				"east": {"uv": [0, 0, 3, 0.5], "texture": "#4"},
				"south": {"uv": [0, 0, 3, 0.5], "texture": "#4"},
				"west": {"uv": [0, 0, 3, 0.5], "texture": "#4"},
				"up": {"uv": [0, 0, 3, 0.5], "texture": "#4"},
				"down": {"uv": [0, 0, 3, 0.5], "texture": "#4"}
			}
		},
		{
			"from": [6.3, 5, 7.3],
			"to": [8.7, 5.25, 9.7],
			"faces": {
				"north": {"uv": [0, 0, 2.4, 0.25], "texture": "#2"},
				"east": {"uv": [0, 0, 2.4, 0.25], "texture": "#2"},
				"south": {"uv": [0, 0, 2.4, 0.25], "texture": "#2"},
				"west": {"uv": [0, 0, 2.4, 0.25], "texture": "#2"},
				"up": {"uv": [0, 0, 2.4, 0.25], "texture": "#2"},
				"down": {"uv": [0, 0, 2.4, 0.25], "texture": "#2"}
			}
		},
		{
			"from": [6, 5.25, 7],
			"to": [9, 5.75, 10],
			"faces": {
				"north": {"uv": [0, 0, 3, 0.5], "texture": "#4"},
				"east": {"uv": [0, 0, 3, 0.5], "texture": "#4"},
				"south": {"uv": [0, 0, 3, 0.5], "texture": "#4"},
				"west": {"uv": [0, 0, 3, 0.5], "texture": "#4"},
				"up": {"uv": [0, 0, 3, 0.5], "texture": "#4"},
				"down": {"uv": [0, 0, 3, 0.5], "texture": "#4"}
			}
		},
		{
			"from": [6.3, 5.75, 7.3],
			"to": [8.7, 6, 9.7],
			"faces": {
				"north": {"uv": [0, 0, 2.4, 0.25], "texture": "#2"},
				"east": {"uv": [0, 0, 2.4, 0.25], "texture": "#2"},
				"south": {"uv": [0, 0, 2.4, 0.25], "texture": "#2"},
				"west": {"uv": [0, 0, 2.4, 0.25], "texture": "#2"},
				"up": {"uv": [0, 0, 2.4, 0.25], "texture": "#2"},
				"down": {"uv": [0, 0, 2.4, 0.25], "texture": "#2"}
			}
		},
		{
			"from": [6, 6, 7],
			"to": [9, 7, 10],
			"faces": {
				"north": {"uv": [0, 0, 3, 1], "texture": "#3"},
				"east": {"uv": [0, 0, 3, 1], "texture": "#3"},
				"south": {"uv": [0, 0, 3, 1], "texture": "#3"},
				"west": {"uv": [0, 0, 3, 1], "texture": "#3"},
				"up": {"uv": [0, 0, 3, 1], "texture": "#3"},
				"down": {"uv": [0, 0, 3, 1], "texture": "#3"}
			}
		},
		{
			"from": [6.3, 7, 7.3],
			"to": [8.7, 7.25, 9.7],
			"faces": {
				"north": {"uv": [0, 0, 2.4, 0.25], "texture": "#2"},
				"east": {"uv": [0, 0, 2.4, 0.25], "texture": "#2"},
				"south": {"uv": [0, 0, 2.4, 0.25], "texture": "#2"},
				"west": {"uv": [0, 0, 2.4, 0.25], "texture": "#2"},
				"up": {"uv": [0, 0, 2.4, 0.25], "texture": "#2"},
				"down": {"uv": [0, 0, 2.4, 0.25], "texture": "#2"}
			}
		},
		{
			"from": [6, 7.25, 7],
			"to": [9, 8.25, 10],
			"faces": {
				"north": {"uv": [0, 0, 3, 1], "texture": "#3"},
				"east": {"uv": [0, 0, 3, 1], "texture": "#3"},
				"south": {"uv": [0, 0, 3, 1], "texture": "#3"},
				"west": {"uv": [0, 0, 3, 1], "texture": "#3"},
				"up": {"uv": [0, 0, 3, 1], "texture": "#3"},
				"down": {"uv": [0, 0, 3, 1], "texture": "#3"}
			}
		},
		{
			"from": [6.3, 8.25, 7.3],
			"to": [8.7, 8.5, 9.7],
			"faces": {
				"north": {"uv": [0, 0, 2.4, 0.25], "texture": "#1"},
				"east": {"uv": [0, 0, 2.4, 0.25], "texture": "#1"},
				"south": {"uv": [0, 0, 2.4, 0.25], "texture": "#1"},
				"west": {"uv": [0, 0, 2.4, 0.25], "texture": "#1"},
				"up": {"uv": [0, 0, 2.4, 0.25], "texture": "#1"},
				"down": {"uv": [0, 0, 2.4, 0.25], "texture": "#1"}
			}
		},
		{
			"from": [6.3, 8.5, 7.3],
			"to": [8.7, 11, 9.7],
			"faces": {
				"north": {"uv": [0, 0, 2.4, 5.25], "texture": "#0"},
				"east": {"uv": [0, 0, 2.4, 5.25], "texture": "#0"},
				"south": {"uv": [0, 0, 2.4, 5.25], "texture": "#0"},
				"west": {"uv": [0, 0, 2.4, 5.25], "texture": "#0"},
				"up": {"uv": [0, 0, 2.4, 5.25], "texture": "#0"},
				"down": {"uv": [0, 0, 2.4, 5.25], "texture": "#0"}
			}
		},
		{
			"from": [6.3, 11, 7.3],
			"to": [8.7, 14.5, 9.3],
			"faces": {
				"north": {"uv": [0, 0, 2.4, 5.25], "texture": "#0"},
				"east": {"uv": [0, 0, 2.4, 5.25], "texture": "#0"},
				"south": {"uv": [0, 0, 2.4, 5.25], "texture": "#0"},
				"west": {"uv": [0, 0, 2.4, 5.25], "texture": "#0"},
				"up": {"uv": [0, 0, 2.4, 5.25], "texture": "#0"},
				"down": {"uv": [0, 0, 2.4, 5.25], "texture": "#0"}
			}
		},
		{
			"from": [6.3, 11, 9.3],
			"to": [8.7, 14.5, 9.7],
			"faces": {
				"north": {"uv": [0, 0, 2.4, 5.25], "texture": "#3"},
				"east": {"uv": [0, 0, 2.4, 5.25], "texture": "#3"},
				"south": {"uv": [0, 0, 2.4, 5.25], "texture": "#3"},
				"west": {"uv": [0, 0, 2.4, 5.25], "texture": "#3"},
				"up": {"uv": [0, 0, 2.4, 5.25], "texture": "#3"},
				"down": {"uv": [0, 0, 2.4, 5.25], "texture": "#3"}
			}
		},
		{
			"from": [6.3, 14.5, 7.3],
			"to": [8.7, 14.75, 9.7],
			"faces": {
				"north": {"uv": [0, 0, 2.4, 0.25], "texture": "#3"},
				"east": {"uv": [0, 0, 2.4, 0.25], "texture": "#3"},
				"south": {"uv": [0, 0, 2.4, 0.25], "texture": "#3"},
				"west": {"uv": [0, 0, 2.4, 0.25], "texture": "#3"},
				"up": {"uv": [0, 0, 2.4, 0.25], "texture": "#3"},
				"down": {"uv": [0, 0, 2.4, 0.25], "texture": "#3"}
			}
		},
		{
			"from": [6.5, 14.75, 7.5],
			"to": [8.5, 15, 9.5],
			"faces": {
				"north": {"uv": [0, 0, 2.4, 0.25], "texture": "#3"},
				"east": {"uv": [0, 0, 2.4, 0.25], "texture": "#3"},
				"south": {"uv": [0, 0, 2.4, 0.25], "texture": "#3"},
				"west": {"uv": [0, 0, 2.4, 0.25], "texture": "#3"},
				"up": {"uv": [0, 0, 2.4, 0.25], "texture": "#3"},
				"down": {"uv": [0, 0, 2.4, 0.25], "texture": "#3"}
			}
		},
		{
			"from": [6.7, 15, 7.7],
			"to": [8.2, 16, 9.2],
			"faces": {
				"north": {"uv": [0, 0, 2.4, 0.25], "texture": "#3"},
				"east": {"uv": [0, 0, 2.4, 0.25], "texture": "#3"},
				"south": {"uv": [0, 0, 2.4, 0.25], "texture": "#3"},
				"west": {"uv": [0, 0, 2.4, 0.25], "texture": "#3"},
				"up": {"uv": [0, 0, 2.4, 0.25], "texture": "#3"},
				"down": {"uv": [0, 0, 2.4, 0.25], "texture": "#3"}
			}
		},
		{
			"from": [6.5, 16, 7.5],
			"to": [8.5, 16.5, 9.5],
			"faces": {
				"north": {"uv": [0, 0, 2.4, 0.25], "texture": "#3"},
				"east": {"uv": [0, 0, 2.4, 0.25], "texture": "#3"},
				"south": {"uv": [0, 0, 2.4, 0.25], "texture": "#3"},
				"west": {"uv": [0, 0, 2.4, 0.25], "texture": "#3"},
				"up": {"uv": [0, 0, 2.4, 0.25], "texture": "#3"},
				"down": {"uv": [0, 0, 2.4, 0.25], "texture": "#3"}
			}
		},
		{
			"from": [6.3, 16.5, 7.3],
			"to": [8.7, 18.5, 9.7],
			"faces": {
				"north": {"uv": [0, 0, 2.4, 0.25], "texture": "#3"},
				"east": {"uv": [0, 0, 2.4, 0.25], "texture": "#3"},
				"south": {"uv": [0, 0, 2.4, 0.25], "texture": "#3"},
				"west": {"uv": [0, 0, 2.4, 0.25], "texture": "#3"},
				"up": {"uv": [0, 0, 2.4, 0.25], "texture": "#3"},
				"down": {"uv": [0, 0, 2.4, 0.25], "texture": "#3"}
			}
		},
		{
			"from": [6.5, 18.5, 7.5],
			"to": [8.5, 19, 9.5],
			"faces": {
				"north": {"uv": [0, 0, 2.4, 0.25], "texture": "#3"},
				"east": {"uv": [0, 0, 2.4, 0.25], "texture": "#3"},
				"south": {"uv": [0, 0, 2.4, 0.25], "texture": "#3"},
				"west": {"uv": [0, 0, 2.4, 0.25], "texture": "#3"},
				"up": {"uv": [0, 0, 2.4, 0.25], "texture": "#3"},
				"down": {"uv": [0, 0, 2.4, 0.25], "texture": "#3"}
			}
		},
		{
			"from": [6.7, 19, 7.7],
			"to": [8.2, 20, 9.2],
			"faces": {
				"north": {"uv": [2, 6, 4.4, 8.81], "texture": "#5"},
				"east": {"uv": [2, 6, 4.4, 8.81], "texture": "#5"},
				"south": {"uv": [2, 6, 4.4, 8.81], "texture": "#5"},
				"west": {"uv": [2, 6, 4.4, 8.81], "texture": "#5"},
				"up": {"uv": [2, 6, 4.4, 8.81], "texture": "#5"},
				"down": {"uv": [2, 6, 4.4, 8.81], "texture": "#5"}
			}
		},
		{
			"from": [6.9, 20, 7.9],
			"to": [8, 20.5, 9],
			"faces": {
				"north": {"uv": [2, 6, 4.4, 8.81], "texture": "#5"},
				"east": {"uv": [2, 6, 4.4, 8.81], "texture": "#5"},
				"south": {"uv": [2, 6, 4.4, 8.81], "texture": "#5"},
				"west": {"uv": [2, 6, 4.4, 8.81], "texture": "#5"},
				"up": {"uv": [2, 6, 4.4, 8.81], "texture": "#5"}
			}
		},
		{
			"from": [7.5, 7, 6.5],
			"to": [8, 10, 7],
			"faces": {
				"north": {"uv": [0, 0, 0.5, 3], "texture": "#6"},
				"east": {"uv": [0, 0, 0.5, 3], "texture": "#6"},
				"south": {"uv": [0, 0, 0.5, 3], "texture": "#6"},
				"west": {"uv": [0, 0, 0.5, 3], "texture": "#6"},
				"up": {"uv": [0, 0, 0.5, 3], "texture": "#6"},
				"down": {"uv": [0, 0, 0.5, 3], "texture": "#6"}
			}
		},
		{
			"from": [7.5, 10, 6.5],
			"to": [8, 10.5, 7],
			"faces": {
				"north": {"uv": [0, 0, 0.5, 3], "texture": "#1"},
				"east": {"uv": [0, 0, 0.5, 3], "texture": "#1"},
				"south": {"uv": [0, 0, 0.5, 3], "texture": "#1"},
				"west": {"uv": [0, 0, 0.5, 3], "texture": "#1"},
				"up": {"uv": [0, 0, 0.5, 3], "texture": "#1"},
				"down": {"uv": [0, 0, 0.5, 3], "texture": "#1"}
			}
		},
		{
			"from": [7.5, 10.5, 6.5],
			"to": [8, 11, 7],
			"faces": {
				"north": {"uv": [0, 0, 0.5, 3], "texture": "#4"},
				"east": {"uv": [0, 0, 0.5, 3], "texture": "#4"},
				"south": {"uv": [0, 0, 0.5, 3], "texture": "#4"},
				"west": {"uv": [0, 0, 0.5, 3], "texture": "#4"},
				"up": {"uv": [0, 0, 0.5, 3], "texture": "#4"},
				"down": {"uv": [0, 0, 0.5, 3], "texture": "#4"}
			}
		},
		{
			"from": [7.5, 11, 6.5],
			"to": [8, 14, 7],
			"faces": {
				"north": {"uv": [0, 0, 0.5, 3], "texture": "#1"},
				"east": {"uv": [0, 0, 0.5, 3], "texture": "#1"},
				"south": {"uv": [0, 0, 0.5, 3], "texture": "#1"},
				"west": {"uv": [0, 0, 0.5, 3], "texture": "#1"},
				"up": {"uv": [0, 0, 0.5, 3], "texture": "#1"},
				"down": {"uv": [0, 0, 0.5, 3], "texture": "#1"}
			}
		},
		{
			"from": [7.5, 14, 6.5],
			"to": [8, 14.5, 7],
			"faces": {
				"north": {"uv": [0, 0, 0.5, 3], "texture": "#4"},
				"east": {"uv": [0, 0, 0.5, 3], "texture": "#4"},
				"south": {"uv": [0, 0, 0.5, 3], "texture": "#4"},
				"west": {"uv": [0, 0, 0.5, 3], "texture": "#4"},
				"up": {"uv": [0, 0, 0.5, 3], "texture": "#4"},
				"down": {"uv": [0, 0, 0.5, 3], "texture": "#4"}
			}
		},
		{
			"from": [7.5, 14.5, 6.5],
			"to": [8, 15, 7.5],
			"faces": {
				"north": {"uv": [0, 0, 0.5, 3], "texture": "#3"},
				"east": {"uv": [0, 0, 0.5, 3], "texture": "#3"},
				"south": {"uv": [0, 0, 0.5, 3], "texture": "#3"},
				"west": {"uv": [0, 0, 0.5, 3], "texture": "#3"},
				"up": {"uv": [0, 0, 0.5, 3], "texture": "#3"},
				"down": {"uv": [0, 0, 0.5, 3], "texture": "#3"}
			}
		},
		{
			"from": [7.5, 8, 4.5],
			"to": [8, 9, 5],
			"faces": {
				"north": {"uv": [0, 0, 0.5, 3], "texture": "#6"},
				"east": {"uv": [0, 0, 0.5, 3], "texture": "#6"},
				"south": {"uv": [0, 0, 0.5, 3], "texture": "#6"},
				"west": {"uv": [0, 0, 0.5, 3], "texture": "#6"},
				"up": {"uv": [0, 0, 0.5, 3], "texture": "#6"},
				"down": {"uv": [0, 0, 0.5, 3], "texture": "#6"}
			}
		},
		{
			"from": [7.5, 7.5, 5],
			"to": [8, 8, 6],
			"faces": {
				"north": {"uv": [0, 0, 0.5, 3], "texture": "#6"},
				"east": {"uv": [0, 0, 0.5, 3], "texture": "#6"},
				"south": {"uv": [0, 0, 0.5, 3], "texture": "#6"},
				"west": {"uv": [0, 0, 0.5, 3], "texture": "#6"},
				"up": {"uv": [0, 0, 0.5, 3], "texture": "#6"},
				"down": {"uv": [0, 0, 0.5, 3], "texture": "#6"}
			}
		},
		{
			"from": [7.5, 9, 5],
			"to": [8, 9.5, 6],
			"faces": {
				"north": {"uv": [0, 0, 0.5, 3], "texture": "#6"},
				"east": {"uv": [0, 0, 0.5, 3], "texture": "#6"},
				"south": {"uv": [0, 0, 0.5, 3], "texture": "#6"},
				"west": {"uv": [0, 0, 0.5, 3], "texture": "#6"},
				"up": {"uv": [0, 0, 0.5, 3], "texture": "#6"},
				"down": {"uv": [0, 0, 0.5, 3], "texture": "#6"}
			}
		},
		{
			"from": [7.5, 8, 6],
			"to": [8, 9, 6.5],
			"faces": {
				"north": {"uv": [0, 0, 0.5, 3], "texture": "#6"},
				"east": {"uv": [0, 0, 0.5, 3], "texture": "#6"},
				"south": {"uv": [0, 0, 0.5, 3], "texture": "#6"},
				"west": {"uv": [0, 0, 0.5, 3], "texture": "#6"},
				"up": {"uv": [0, 0, 0.5, 3], "texture": "#6"},
				"down": {"uv": [0, 0, 0.5, 3], "texture": "#6"}
			}
		},
		{
			"from": [6.7, 12.5, 9.7],
			"to": [8.2, 14, 9.9],
			"faces": {
				"north": {"uv": [0, 0, 2.4, 5.25], "texture": "#6"},
				"east": {"uv": [0, 0, 2.4, 5.25], "texture": "#6"},
				"south": {"uv": [0, 0, 2.4, 5.25], "texture": "#6"},
				"west": {"uv": [0, 0, 2.4, 5.25], "texture": "#6"},
				"up": {"uv": [0, 0, 2.4, 5.25], "texture": "#6"},
				"down": {"uv": [0, 0, 2.4, 5.25], "texture": "#6"}
			}
		},
		{
			"from": [7.3, 17.25, 9.7],
			"to": [7.8, 17.75, 9.9],
			"faces": {
				"north": {"uv": [0, 0, 2.4, 5.25], "texture": "#6"},
				"east": {"uv": [0, 0, 2.4, 5.25], "texture": "#6"},
				"south": {"uv": [0, 0, 2.4, 5.25], "texture": "#6"},
				"west": {"uv": [0, 0, 2.4, 5.25], "texture": "#6"},
				"up": {"uv": [0, 0, 2.4, 5.25], "texture": "#6"},
				"down": {"uv": [0, 0, 2.4, 5.25], "texture": "#6"}
			}
		},
		{
			"from": [7.3, 17.25, 7.1],
			"to": [7.8, 17.75, 7.3],
			"faces": {
				"north": {"uv": [0, 0, 2.4, 5.25], "texture": "#6"},
				"east": {"uv": [0, 0, 2.4, 5.25], "texture": "#6"},
				"south": {"uv": [0, 0, 2.4, 5.25], "texture": "#6"},
				"west": {"uv": [0, 0, 2.4, 5.25], "texture": "#6"},
				"up": {"uv": [0, 0, 2.4, 5.25], "texture": "#6"},
				"down": {"uv": [0, 0, 2.4, 5.25], "texture": "#6"}
			}
		},
		{
			"from": [6.1, 17.25, 8.2],
			"to": [6.3, 17.75, 8.7],
			"faces": {
				"north": {"uv": [0, 0, 2.4, 5.25], "texture": "#6"},
				"east": {"uv": [0, 0, 2.4, 5.25], "texture": "#6"},
				"south": {"uv": [0, 0, 2.4, 5.25], "texture": "#6"},
				"west": {"uv": [0, 0, 2.4, 5.25], "texture": "#6"},
				"up": {"uv": [0, 0, 2.4, 5.25], "rotation": 270, "texture": "#6"},
				"down": {"uv": [0, 0, 2.4, 5.25], "rotation": 90, "texture": "#6"}
			}
		},
		{
			"from": [8.7, 17.25, 8.2],
			"to": [8.9, 17.75, 8.7],
			"faces": {
				"north": {"uv": [0, 0, 2.4, 5.25], "texture": "#6"},
				"east": {"uv": [0, 0, 2.4, 5.25], "texture": "#6"},
				"south": {"uv": [0, 0, 2.4, 5.25], "texture": "#6"},
				"west": {"uv": [0, 0, 2.4, 5.25], "texture": "#6"},
				"up": {"uv": [0, 0, 2.4, 5.25], "rotation": 270, "texture": "#6"},
				"down": {"uv": [0, 0, 2.4, 5.25], "rotation": 90, "texture": "#6"}
			}
		},
		{
			"from": [6.1, 16.5, 8.2],
			"to": [6.3, 17.25, 8.7],
			"faces": {
				"north": {"uv": [0, 0, 2.4, 5.25], "rotation": 270, "texture": "#0"},
				"east": {"uv": [0, 0, 2.4, 5.25], "rotation": 270, "texture": "#0"},
				"south": {"uv": [0, 0, 2.4, 5.25], "rotation": 270, "texture": "#0"},
				"west": {"uv": [0, 0, 2.4, 5.25], "rotation": 270, "texture": "#0"},
				"up": {"uv": [0, 0, 2.4, 5.25], "rotation": 270, "texture": "#0"},
				"down": {"uv": [0, 0, 2.4, 5.25], "rotation": 270, "texture": "#0"}
			}
		},
		{
			"from": [7.3, 16.5, 7.1],
			"to": [7.8, 17.25, 7.3],
			"faces": {
				"north": {"uv": [0, 0, 2.4, 5.25], "texture": "#0"},
				"east": {"uv": [0, 0, 2.4, 5.25], "texture": "#0"},
				"south": {"uv": [0, 0, 2.4, 5.25], "texture": "#0"},
				"west": {"uv": [0, 0, 2.4, 5.25], "texture": "#0"},
				"up": {"uv": [0, 0, 2.4, 5.25], "texture": "#0"},
				"down": {"uv": [0, 0, 2.4, 5.25], "texture": "#0"}
			}
		},
		{
			"from": [7.3, 16.5, 9.7],
			"to": [7.8, 17.25, 9.9],
			"faces": {
				"north": {"uv": [0, 0, 2.4, 5.25], "texture": "#0"},
				"east": {"uv": [0, 0, 2.4, 5.25], "texture": "#0"},
				"south": {"uv": [0, 0, 2.4, 5.25], "texture": "#0"},
				"west": {"uv": [0, 0, 2.4, 5.25], "texture": "#0"},
				"up": {"uv": [0, 0, 2.4, 5.25], "texture": "#0"},
				"down": {"uv": [0, 0, 2.4, 5.25], "texture": "#0"}
			}
		},
		{
			"from": [8.7, 16.5, 8.2],
			"to": [8.9, 17.25, 8.7],
			"faces": {
				"north": {"uv": [0, 0, 2.4, 5.25], "rotation": 270, "texture": "#0"},
				"east": {"uv": [0, 0, 2.4, 5.25], "rotation": 270, "texture": "#0"},
				"south": {"uv": [0, 0, 2.4, 5.25], "rotation": 270, "texture": "#0"},
				"west": {"uv": [0, 0, 2.4, 5.25], "rotation": 270, "texture": "#0"},
				"up": {"uv": [0, 0, 2.4, 5.25], "rotation": 270, "texture": "#0"},
				"down": {"uv": [0, 0, 2.4, 5.25], "rotation": 270, "texture": "#0"}
			}
		},
		{
			"from": [6.1, 17.75, 8.2],
			"to": [6.3, 18.5, 8.7],
			"faces": {
				"north": {"uv": [0, 0, 2.4, 5.25], "rotation": 270, "texture": "#0"},
				"east": {"uv": [0, 0, 2.4, 5.25], "rotation": 270, "texture": "#0"},
				"south": {"uv": [0, 0, 2.4, 5.25], "rotation": 270, "texture": "#0"},
				"west": {"uv": [0, 0, 2.4, 5.25], "rotation": 270, "texture": "#0"},
				"up": {"uv": [0, 0, 2.4, 5.25], "rotation": 270, "texture": "#0"},
				"down": {"uv": [0, 0, 2.4, 5.25], "rotation": 270, "texture": "#0"}
			}
		},
		{
			"from": [7.3, 17.75, 7.1],
			"to": [7.8, 18.5, 7.3],
			"faces": {
				"north": {"uv": [0, 0, 2.4, 5.25], "texture": "#0"},
				"east": {"uv": [0, 0, 2.4, 5.25], "texture": "#0"},
				"south": {"uv": [0, 0, 2.4, 5.25], "texture": "#0"},
				"west": {"uv": [0, 0, 2.4, 5.25], "texture": "#0"},
				"up": {"uv": [0, 0, 2.4, 5.25], "texture": "#0"},
				"down": {"uv": [0, 0, 2.4, 5.25], "texture": "#0"}
			}
		},
		{
			"from": [7.3, 17.75, 9.7],
			"to": [7.8, 18.5, 9.9],
			"faces": {
				"north": {"uv": [0, 0, 2.4, 5.25], "texture": "#0"},
				"east": {"uv": [0, 0, 2.4, 5.25], "texture": "#0"},
				"south": {"uv": [0, 0, 2.4, 5.25], "texture": "#0"},
				"west": {"uv": [0, 0, 2.4, 5.25], "texture": "#0"},
				"up": {"uv": [0, 0, 2.4, 5.25], "texture": "#0"},
				"down": {"uv": [0, 0, 2.4, 5.25], "texture": "#0"}
			}
		},
		{
			"from": [8.7, 17.75, 8.2],
			"to": [8.9, 18.5, 8.7],
			"faces": {
				"north": {"uv": [0, 0, 2.4, 5.25], "rotation": 270, "texture": "#0"},
				"east": {"uv": [0, 0, 2.4, 5.25], "rotation": 270, "texture": "#0"},
				"south": {"uv": [0, 0, 2.4, 5.25], "rotation": 270, "texture": "#0"},
				"west": {"uv": [0, 0, 2.4, 5.25], "rotation": 270, "texture": "#0"},
				"up": {"uv": [0, 0, 2.4, 5.25], "rotation": 270, "texture": "#0"},
				"down": {"uv": [0, 0, 2.4, 5.25], "rotation": 270, "texture": "#0"}
			}
		},
		{
			"from": [7.3, 10.25, 9.7],
			"to": [7.8, 10.75, 9.9],
			"faces": {
				"north": {"uv": [0, 0, 2.4, 5.25], "texture": "#6"},
				"east": {"uv": [0, 0, 2.4, 5.25], "texture": "#6"},
				"south": {"uv": [0, 0, 2.4, 5.25], "texture": "#6"},
				"west": {"uv": [0, 0, 2.4, 5.25], "texture": "#6"},
				"up": {"uv": [0, 0, 2.4, 5.25], "texture": "#6"},
				"down": {"uv": [0, 0, 2.4, 5.25], "texture": "#6"}
			}
		},
		{
			"from": [6.1, 10.25, 8.2],
			"to": [6.3, 10.75, 8.7],
			"faces": {
				"north": {"uv": [0, 0, 2.4, 5.25], "texture": "#6"},
				"east": {"uv": [0, 0, 2.4, 5.25], "texture": "#6"},
				"south": {"uv": [0, 0, 2.4, 5.25], "texture": "#6"},
				"west": {"uv": [0, 0, 2.4, 5.25], "texture": "#6"},
				"up": {"uv": [0, 0, 2.4, 5.25], "rotation": 270, "texture": "#6"},
				"down": {"uv": [0, 0, 2.4, 5.25], "rotation": 90, "texture": "#6"}
			}
		},
		{
			"from": [8.7, 10.25, 8.2],
			"to": [8.9, 10.75, 8.7],
			"faces": {
				"north": {"uv": [0, 0, 2.4, 5.25], "texture": "#6"},
				"east": {"uv": [0, 0, 2.4, 5.25], "texture": "#6"},
				"south": {"uv": [0, 0, 2.4, 5.25], "texture": "#6"},
				"west": {"uv": [0, 0, 2.4, 5.25], "texture": "#6"},
				"up": {"uv": [0, 0, 2.4, 5.25], "rotation": 270, "texture": "#6"},
				"down": {"uv": [0, 0, 2.4, 5.25], "rotation": 90, "texture": "#6"}
			}
		}
	],
	"display": {
		"thirdperson_righthand": {
			"translation": [0, 1.5, 1],
			"scale": [0.35, 0.35, 0.35]
		},
		"thirdperson_lefthand": {
			"translation": [0, 1.5, 1],
			"scale": [0.35, 0.35, 0.35]
		},
		"firstperson_righthand": {
			"rotation": [0, -90, 25],
			"translation": [1.13, 3.2, 1.13],
			"scale": [0.68, 0.68, 0.68]
		},
		"firstperson_lefthand": {
			"rotation": [0, -90, 25],
			"translation": [1.13, 3.2, 1.13],
			"scale": [0.68, 0.68, 0.68]
		},
		"ground": {
			"translation": [0, 3, 0],
			"scale": [0.5, 0.5, 0.5]
		},
		"gui": {
			"rotation": [30, 50, -75],
			"translation": [-1.5, -1.5, 0],
			"scale": [0.9, 0.9, 0.9]
		},
		"head": {
			"rotation": [0, 180, 0],
			"translation": [0, 13, 7]
		},
		"fixed": {
			"translation": [0, -1.5, 0],
			"scale": [0.87, 0.87, 0.87]
		}
	}
}