{
	"credit": "Made with Blockbench",
	"textures": {
		"0": "tardis:item/sonic/gold",
		"1": "tardis:item/sonic/lipstick",
		"2": "tardis:item/disk/silver",
		"3": "tardis:item/sonic/light_silver",
		"particle": "tardis:item/sonic/gold"
	},
	"elements": [
		{
			"from": [5, 0, 5],
			"to": [9, 9, 9],
			"faces": {
				"north": {"uv": [0, 0, 4, 9], "texture": "#0"},
				"east": {"uv": [0, 0, 4, 9], "texture": "#0"},
				"south": {"uv": [0, 0, 4, 9], "texture": "#0"},
				"west": {"uv": [0, 0, 4, 9], "texture": "#0"},
				"up": {"uv": [0, 0, 4, 9], "texture": "#0"},
				"down": {"uv": [0, 0, 4, 9], "texture": "#0"}
			}
		},
		{
			"from": [5.2, 9, 5.2],
			"to": [8.6, 10, 8.6],
			"faces": {
				"north": {"uv": [0, 0, 4, 9], "texture": "#0"},
				"east": {"uv": [0, 0, 4, 9], "texture": "#0"},
				"south": {"uv": [0, 0, 4, 9], "texture": "#0"},
				"west": {"uv": [0, 0, 4, 9], "texture": "#0"},
				"up": {"uv": [0, 0, 4, 9], "texture": "#0"},
				"down": {"uv": [0, 0, 4, 9], "texture": "#0"}
			}
		},
		{
			"from": [5.4, 10, 5.4],
			"to": [8.2, 15, 8.2],
			"faces": {
				"north": {"uv": [0, 0, 4, 9], "texture": "#0"},
				"east": {"uv": [0, 0, 4, 9], "texture": "#0"},
				"south": {"uv": [0, 0, 4, 9], "texture": "#0"},
				"west": {"uv": [0, 0, 4, 9], "texture": "#0"},
				"up": {"uv": [0, 0, 4, 9], "texture": "#0"},
				"down": {"uv": [0, 0, 4, 9], "texture": "#0"}
			}
		},
		{
			"from": [5.6, 15, 5.6],
			"to": [7.8, 17, 7.8],
			"faces": {
				"north": {"uv": [0, 0, 4, 9], "texture": "#2"},
				"east": {"uv": [0, 0, 4, 9], "texture": "#2"},
				"south": {"uv": [0, 0, 4, 9], "texture": "#2"},
				"west": {"uv": [0, 0, 4, 9], "texture": "#2"},
				"up": {"uv": [0, 0, 4, 9], "texture": "#2"},
				"down": {"uv": [0, 0, 4, 9], "texture": "#2"}
			}
		},
		{
			"from": [5.4, 17, 5.4],
			"to": [8.2, 17.5, 8.2],
			"faces": {
				"north": {"uv": [0, 0, 4, 9], "texture": "#3"},
				"east": {"uv": [0, 0, 4, 9], "texture": "#3"},
				"south": {"uv": [0, 0, 4, 9], "texture": "#3"},
				"west": {"uv": [0, 0, 4, 9], "texture": "#3"},
				"up": {"uv": [0, 0, 4, 9], "texture": "#3"},
				"down": {"uv": [0, 0, 4, 9], "texture": "#3"}
			}
		},
		{
			"from": [5.4, 17.5, 5.4],
			"to": [5.8, 19, 5.8],
			"faces": {
				"north": {"uv": [0, 0, 4, 9], "texture": "#3"},
				"east": {"uv": [0, 0, 4, 9], "texture": "#3"},
				"south": {"uv": [0, 0, 4, 9], "texture": "#3"},
				"west": {"uv": [0, 0, 4, 9], "texture": "#3"},
				"up": {"uv": [0, 0, 4, 9], "texture": "#3"},
				"down": {"uv": [0, 0, 4, 9], "texture": "#3"}
			}
		},
		{
			"from": [7.8, 17.5, 5.4],
			"to": [8.2, 19, 5.8],
			"faces": {
				"north": {"uv": [0, 0, 4, 9], "texture": "#3"},
				"east": {"uv": [0, 0, 4, 9], "texture": "#3"},
				"south": {"uv": [0, 0, 4, 9], "texture": "#3"},
				"west": {"uv": [0, 0, 4, 9], "texture": "#3"},
				"up": {"uv": [0, 0, 4, 9], "texture": "#3"},
				"down": {"uv": [0, 0, 4, 9], "texture": "#3"}
			}
		},
		{
			"from": [7.8, 17.5, 7.8],
			"to": [8.2, 19, 8.2],
			"faces": {
				"north": {"uv": [0, 0, 4, 9], "texture": "#3"},
				"east": {"uv": [0, 0, 4, 9], "texture": "#3"},
				"south": {"uv": [0, 0, 4, 9], "texture": "#3"},
				"west": {"uv": [0, 0, 4, 9], "texture": "#3"},
				"up": {"uv": [0, 0, 4, 9], "texture": "#3"},
				"down": {"uv": [0, 0, 4, 9], "texture": "#3"}
			}
		},
		{
			"from": [5.4, 17.5, 7.8],
			"to": [5.8, 19, 8.2],
			"faces": {
				"north": {"uv": [0, 0, 4, 9], "texture": "#3"},
				"east": {"uv": [0, 0, 4, 9], "texture": "#3"},
				"south": {"uv": [0, 0, 4, 9], "texture": "#3"},
				"west": {"uv": [0, 0, 4, 9], "texture": "#3"},
				"up": {"uv": [0, 0, 4, 9], "texture": "#3"},
				"down": {"uv": [0, 0, 4, 9], "texture": "#3"}
			}
		},
		{
			"from": [6.6, 17.5, 5.4],
			"to": [7, 19, 5.8],
			"faces": {
				"north": {"uv": [0, 0, 4, 9], "texture": "#3"},
				"east": {"uv": [0, 0, 4, 9], "texture": "#3"},
				"south": {"uv": [0, 0, 4, 9], "texture": "#3"},
				"west": {"uv": [0, 0, 4, 9], "texture": "#3"},
				"up": {"uv": [0, 0, 4, 9], "texture": "#3"},
				"down": {"uv": [0, 0, 4, 9], "texture": "#3"}
			}
		},
		{
			"from": [6.6, 17.5, 7.8],
			"to": [7, 19, 8.2],
			"faces": {
				"north": {"uv": [0, 0, 4, 9], "texture": "#3"},
				"east": {"uv": [0, 0, 4, 9], "texture": "#3"},
				"south": {"uv": [0, 0, 4, 9], "texture": "#3"},
				"west": {"uv": [0, 0, 4, 9], "texture": "#3"},
				"up": {"uv": [0, 0, 4, 9], "texture": "#3"},
				"down": {"uv": [0, 0, 4, 9], "texture": "#3"}
			}
		},
		{
			"from": [7.8, 17.5, 6.6],
			"to": [8.2, 19, 7],
			"faces": {
				"north": {"uv": [0, 0, 4, 9], "texture": "#3"},
				"east": {"uv": [0, 0, 4, 9], "texture": "#3"},
				"south": {"uv": [0, 0, 4, 9], "texture": "#3"},
				"west": {"uv": [0, 0, 4, 9], "texture": "#3"},
				"up": {"uv": [0, 0, 4, 9], "rotation": 270, "texture": "#3"},
				"down": {"uv": [0, 0, 4, 9], "rotation": 90, "texture": "#3"}
			}
		},
		{
			"from": [5.4, 17.5, 6.6],
			"to": [5.8, 19, 7],
			"faces": {
				"north": {"uv": [0, 0, 4, 9], "texture": "#3"},
				"east": {"uv": [0, 0, 4, 9], "texture": "#3"},
				"south": {"uv": [0, 0, 4, 9], "texture": "#3"},
				"west": {"uv": [0, 0, 4, 9], "texture": "#3"},
				"up": {"uv": [0, 0, 4, 9], "rotation": 270, "texture": "#3"},
				"down": {"uv": [0, 0, 4, 9], "rotation": 90, "texture": "#3"}
			}
		},
		{
			"from": [5.6, 17.5, 5.6],
			"to": [7.8, 19.5, 7.8],
			"faces": {
				"north": {"uv": [0, 0, 4, 9], "texture": "#1"},
				"east": {"uv": [0, 0, 4, 9], "texture": "#1"},
				"south": {"uv": [0, 0, 4, 9], "texture": "#1"},
				"west": {"uv": [0, 0, 4, 9], "texture": "#1"},
				"up": {"uv": [0, 0, 4, 9], "texture": "#1"},
				"down": {"uv": [0, 0, 4, 9], "texture": "#1"}
			}
		},
		{
			"from": [5.8, 19.5, 5.8],
			"to": [7.6, 20, 7.6],
			"faces": {
				"north": {"uv": [0, 0, 4, 9], "texture": "#1"},
				"east": {"uv": [0, 0, 4, 9], "texture": "#1"},
				"south": {"uv": [0, 0, 4, 9], "texture": "#1"},
				"west": {"uv": [0, 0, 4, 9], "texture": "#1"},
				"up": {"uv": [0, 0, 4, 9], "texture": "#1"},
				"down": {"uv": [0, 0, 4, 9], "texture": "#1"}
			}
		},
		{
			"from": [6, 20, 6],
			"to": [7.4, 20.5, 7.4],
			"faces": {
				"north": {"uv": [0, 0, 4, 9], "texture": "#1"},
				"east": {"uv": [0, 0, 4, 9], "texture": "#1"},
				"south": {"uv": [0, 0, 4, 9], "texture": "#1"},
				"west": {"uv": [0, 0, 4, 9], "texture": "#1"},
				"up": {"uv": [0, 0, 4, 9], "texture": "#1"},
				"down": {"uv": [0, 0, 4, 9], "texture": "#1"}
			}
		}
	],
	"display": {
		"thirdperson_righthand": {
			"translation": [0.5, 0, 1.5],
			"scale": [0.25, 0.25, 0.25]
		},
		"thirdperson_lefthand": {
			"translation": [-0.5, 0, 1.5],
			"scale": [0.25, 0.25, 0.25]
		},
		"firstperson_righthand": {
			"rotation": [-30, 0, 0],
			"translation": [3.5, 1, 0],
			"scale": [0.25, 0.25, 0.25]
		},
		"firstperson_lefthand": {
			"rotation": [-30, 0, 0],
			"translation": [3.5, 0.5, 0],
			"scale": [0.25, 0.25, 0.25]
		},
		"ground": {
			"translation": [0, 3, 0],
			"scale": [0.25, 0.25, 0.25]
		},
		"gui": {
			"rotation": [30, 50, -75],
			"translation": [0, -1.5, 0],
			"scale": [0.75, 0.75, 0.75]
		},
		"head": {
			"translation": [1, 7.5, 1],
			"scale": [0.5, 0.5, 0.5]
		},
		"fixed": {
			"translation": [1, -1.5, 0],
			"scale": [0.65, 0.65, 0.65]
		}
	}
}