{
	"credit": "Made with Blockbench",
	"textures": {
		"2": "tardis:item/disk/silver_metal",
		"3": "tardis:item/disk/blacker_plastic",
		"4": "tardis:item/sonic/transparent_white",
		"5": "tardis:item/sonic/transparent_purple",
		"particle": "tardis:item/disk/silver_metal"
	},
	"elements": [
		{
			"from": [8.1, 2.2, 8.4],
			"to": [8.9, 2.5, 9.4],
			"rotation": {"angle": -22.5, "axis": "x", "origin": [7.9, 4.9, 7.3]},
			"faces": {
				"north": {"uv": [0, 0, 16, 16], "texture": "#3"},
				"east": {"uv": [0, 0, 16, 16], "texture": "#3"},
				"south": {"uv": [0, 0, 16, 16], "texture": "#3"},
				"west": {"uv": [0, 0, 16, 16], "texture": "#3"},
				"up": {"uv": [0, 0, 16, 16], "texture": "#3"},
				"down": {"uv": [0, 0, 16, 16], "texture": "#3"}
			}
		},
		{
			"from": [8.1, 3.4, 8.1],
			"to": [8.9, 4.9, 8.9],
			"rotation": {"angle": -22.5, "axis": "x", "origin": [8.1, 5.9, 7.1]},
			"faces": {
				"north": {"uv": [0, 0, 16, 16], "texture": "#3"},
				"east": {"uv": [0, 0, 16, 16], "texture": "#3"},
				"south": {"uv": [0, 0, 16, 16], "texture": "#3"},
				"west": {"uv": [0, 0, 16, 16], "texture": "#3"},
				"up": {"uv": [0, 0, 16, 16], "texture": "#3"},
				"down": {"uv": [0, 0, 16, 16], "texture": "#3"}
			}
		},
		{
			"from": [8.2, -0.3, 9.6],
			"to": [8.8, 0.2, 10.2],
			"rotation": {"angle": 22.5, "axis": "x", "origin": [8.2, 1.7, 8.6]},
			"faces": {
				"north": {"uv": [13.0625, 12.625, 13.8125, 15.6875], "texture": "#4"},
				"east": {"uv": [13.0625, 12.625, 13.8125, 15.6875], "texture": "#4"},
				"south": {"uv": [13.0625, 12.625, 13.8125, 15.6875], "texture": "#4"},
				"west": {"uv": [13.0625, 12.625, 13.8125, 15.6875], "texture": "#4"},
				"up": {"uv": [13.0625, 12.625, 13.8125, 15.6875], "texture": "#4"},
				"down": {"uv": [13.0625, 12.625, 13.8125, 15.6875], "texture": "#4"}
			}
		},
		{
			"from": [8.2, 0.2, 9.6],
			"to": [8.8, 1.7, 10.6],
			"rotation": {"angle": 22.5, "axis": "x", "origin": [8.2, 2.2, 8.6]},
			"faces": {
				"north": {"uv": [13.0625, 12.625, 13.8125, 15.6875], "texture": "#2"},
				"east": {"uv": [13.0625, 12.625, 13.8125, 15.6875], "texture": "#2"},
				"south": {"uv": [13.0625, 12.625, 13.8125, 15.6875], "texture": "#2"},
				"west": {"uv": [13.0625, 12.625, 13.8125, 15.6875], "texture": "#2"},
				"up": {"uv": [13.0625, 12.625, 13.8125, 15.6875], "texture": "#2"},
				"down": {"uv": [13.0625, 12.625, 13.8125, 15.6875], "texture": "#2"}
			}
		},
		{
			"from": [8.1, 0.2, 9.7],
			"to": [8.9, 1.7, 10.5],
			"rotation": {"angle": 22.5, "axis": "x", "origin": [8.1, 2.2, 8.7]},
			"faces": {
				"north": {"uv": [13.0625, 12.625, 13.8125, 15.6875], "texture": "#2"},
				"east": {"uv": [13.0625, 12.625, 13.8125, 15.6875], "texture": "#2"},
				"south": {"uv": [13.0625, 12.625, 13.8125, 15.6875], "texture": "#2"},
				"west": {"uv": [13.0625, 12.625, 13.8125, 15.6875], "texture": "#2"},
				"up": {"uv": [13.0625, 12.625, 13.8125, 15.6875], "texture": "#2"},
				"down": {"uv": [13.0625, 12.625, 13.8125, 15.6875], "texture": "#2"}
			}
		},
		{
			"from": [8.1, 0.8, 9.1],
			"to": [8.9, 3.3, 10.3],
			"faces": {
				"north": {"uv": [12.875, 12.1875, 15.4375, 13.8125], "texture": "#2"},
				"east": {"uv": [12.75, 8.5, 16, 12.75], "texture": "#2"},
				"south": {"uv": [13.5, 12.125, 15.25, 13.9375], "texture": "#2"},
				"west": {"uv": [12.75, 8.5, 16, 12.75], "texture": "#2"},
				"up": {"uv": [12.75, 8.5, 16, 12.75], "texture": "#2"},
				"down": {"uv": [13.9375, 11.75, 14.8125, 12.75], "texture": "#2"}
			}
		},
		{
			"from": [8, 0.8, 9.2],
			"to": [9, 3.3, 10.2],
			"faces": {
				"north": {"uv": [12.875, 12.1875, 15.4375, 13.8125], "texture": "#2"},
				"east": {"uv": [12.75, 8.5, 16, 12.75], "texture": "#2"},
				"south": {"uv": [13.5, 12.125, 15.25, 13.9375], "texture": "#2"},
				"west": {"uv": [12.75, 8.5, 16, 12.75], "texture": "#2"},
				"up": {"uv": [12.75, 8.5, 16, 12.75], "texture": "#2"},
				"down": {"uv": [13.9375, 11.75, 14.8125, 12.75], "texture": "#2"}
			}
		},
		{
			"from": [8.1, 2.4, 8.3],
			"to": [8.9, 3.9, 9.5],
			"rotation": {"angle": -22.5, "axis": "x", "origin": [8.1, 4.9, 7.3]},
			"faces": {
				"north": {"uv": [1.3125, 2.75, 0, 6.25], "texture": "#2"},
				"east": {"uv": [4, 12.0625, 0, 15.9375], "texture": "#2"},
				"south": {"uv": [1.1875, 3.125, 0.125, 5.8125], "texture": "#2"},
				"west": {"uv": [0, 12.0625, 3.875, 16], "texture": "#2"},
				"up": {"uv": [1.125, 5.875, 0, 7.875], "texture": "#2"},
				"down": {"uv": [13.75, 11.375, 13.25, 11.875], "texture": "#2"}
			}
		},
		{
			"from": [8, 2.4, 8.4],
			"to": [9, 3.9, 9.4],
			"rotation": {"angle": -22.5, "axis": "x", "origin": [8, 4.9, 7.4]},
			"faces": {
				"north": {"uv": [1.3125, 2.75, 0, 6.25], "texture": "#2"},
				"east": {"uv": [4, 12.0625, 0, 15.9375], "texture": "#2"},
				"south": {"uv": [1.1875, 3.125, 0.125, 5.8125], "texture": "#2"},
				"west": {"uv": [0, 12.0625, 3.875, 16], "texture": "#2"},
				"up": {"uv": [1.125, 5.875, 0, 7.875], "texture": "#2"},
				"down": {"uv": [13.75, 11.375, 13.25, 11.875], "texture": "#2"}
			}
		},
		{
			"from": [8, 4, 7.7],
			"to": [9, 5.5, 8.7],
			"rotation": {"angle": -22.5, "axis": "x", "origin": [8, 6.5, 6.7]},
			"faces": {
				"north": {"uv": [1.3125, 2.75, 0, 6.25], "texture": "#2"},
				"east": {"uv": [3.875, 5.875, 0, 7.875], "texture": "#2"},
				"south": {"uv": [1.3125, 3.125, 0.125, 6.0625], "texture": "#2"},
				"west": {"uv": [0, 5.875, 3.875, 7.875], "texture": "#2"},
				"up": {"uv": [1.125, 5.875, 0, 7.875], "texture": "#2"},
				"down": {"uv": [13.75, 11.375, 13.25, 11.875], "texture": "#2"}
			}
		},
		{
			"from": [8.1, 4, 7.6],
			"to": [8.9, 5.4, 8.8],
			"rotation": {"angle": -22.5, "axis": "x", "origin": [8.1, 6.5, 6.6]},
			"faces": {
				"north": {"uv": [1.3125, 2.75, 0, 6.25], "texture": "#2"},
				"east": {"uv": [3.875, 5.875, 0, 7.875], "texture": "#2"},
				"south": {"uv": [1.3125, 3.125, 0.125, 6.0625], "texture": "#2"},
				"west": {"uv": [0, 5.875, 3.875, 7.875], "texture": "#2"},
				"up": {"uv": [1.125, 5.875, 0, 7.875], "texture": "#2"},
				"down": {"uv": [13.75, 11.375, 13.25, 11.875], "texture": "#2"}
			}
		},
		{
			"from": [8.1, 5.9, 7.9],
			"to": [8.9, 10, 9.1],
			"faces": {
				"north": {"uv": [0.3125, 0, 0, 6.3125], "texture": "#2"},
				"east": {"uv": [3.875, 0, 0, 6.125], "texture": "#2"},
				"south": {"uv": [1.0625, 2.75, 0, 8], "texture": "#2"},
				"west": {"uv": [0, 0, 3.875, 6.0625], "texture": "#2"},
				"up": {"uv": [3.75, 12.0625, 2.375, 13.625], "texture": "#2"},
				"down": {"uv": [3.875, 0, 0, 7.875], "texture": "#2"}
			}
		},
		{
			"from": [8, 6, 8],
			"to": [9, 10, 9],
			"faces": {
				"north": {"uv": [0.3125, 0, 0, 6.3125], "texture": "#2"},
				"east": {"uv": [3.875, 0, 0, 6.125], "texture": "#2"},
				"south": {"uv": [1.0625, 2.75, 0, 8], "texture": "#2"},
				"west": {"uv": [0, 0, 3.875, 6.0625], "texture": "#2"},
				"up": {"uv": [3.75, 12.0625, 2.375, 13.625], "texture": "#2"},
				"down": {"uv": [3.875, 0, 0, 7.875], "texture": "#2"}
			}
		},
		{
			"from": [8.3, 10, 8.1],
			"to": [8.7, 10.5, 8.9],
			"faces": {
				"north": {"uv": [11.75, 1.9375, 16, 5.625], "texture": "#2"},
				"east": {"uv": [11.75, 1.9375, 16, 5.625], "texture": "#2"},
				"south": {"uv": [11.75, 1.9375, 16, 5.625], "texture": "#2"},
				"west": {"uv": [11.75, 1.9375, 16, 5.625], "texture": "#2"},
				"up": {"uv": [9.4375, 0, 11.5625, 1.5625], "rotation": 90, "texture": "#2"},
				"down": {"uv": [11.75, 1.9375, 16, 5.625], "rotation": 270, "texture": "#2"}
			}
		},
		{
			"from": [8.1, 10, 8.3],
			"to": [8.9, 10.5, 8.7],
			"faces": {
				"north": {"uv": [11.75, 1.9375, 16, 5.625], "texture": "#2"},
				"east": {"uv": [11.75, 1.9375, 16, 5.625], "texture": "#2"},
				"south": {"uv": [11.75, 1.9375, 16, 5.625], "texture": "#2"},
				"west": {"uv": [11.75, 1.9375, 16, 5.625], "texture": "#2"},
				"up": {"uv": [9.4375, 0, 11.5625, 1.5625], "texture": "#2"},
				"down": {"uv": [11.75, 1.9375, 16, 5.625], "texture": "#2"}
			}
		},
		{
			"from": [8.3, 10.6, 8.3],
			"to": [8.7, 10.7, 8.7],
			"faces": {
				"north": {"uv": [9.6875, 0, 11.4375, 1.4375], "texture": "#2"},
				"east": {"uv": [9.6875, 0, 11.4375, 1.4375], "texture": "#2"},
				"south": {"uv": [9.6875, 0, 11.4375, 1.4375], "texture": "#2"},
				"west": {"uv": [9.6875, 0, 11.4375, 1.4375], "texture": "#2"},
				"up": {"uv": [9.6875, 0, 11.4375, 1.4375], "texture": "#2"},
				"down": {"uv": [9.6875, 0, 11.4375, 1.4375], "texture": "#2"}
			}
		},
		{
			"from": [8.2, 10, 8.2],
			"to": [8.8, 10.6, 8.8],
			"faces": {
				"north": {"uv": [11.8125, 0, 15.9375, 5.5625], "texture": "#2"},
				"east": {"uv": [11.8125, 0, 15.9375, 5.5625], "texture": "#2"},
				"south": {"uv": [11.8125, 0, 15.9375, 5.5625], "texture": "#2"},
				"west": {"uv": [11.8125, 0, 15.9375, 5.5625], "texture": "#2"},
				"up": {"uv": [9.6875, 0, 11.4375, 1.4375], "texture": "#2"},
				"down": {"uv": [11.8125, 0, 15.9375, 5.5625], "texture": "#2"}
			}
		},
		{
			"from": [8.2, -0.85, 9.6],
			"to": [8.8, -0.35, 10.2],
			"rotation": {"angle": 22.5, "axis": "x", "origin": [8.2, 1.7, 8.6]},
			"faces": {
				"north": {"uv": [13.0625, 12.625, 13.8125, 15.6875], "texture": "#5"},
				"east": {"uv": [13.0625, 12.625, 13.8125, 15.6875], "texture": "#5"},
				"south": {"uv": [13.0625, 12.625, 13.8125, 15.6875], "texture": "#5"},
				"west": {"uv": [13.0625, 12.625, 13.8125, 15.6875], "texture": "#5"},
				"up": {"uv": [13.0625, 12.625, 13.8125, 15.6875], "texture": "#5"},
				"down": {"uv": [13.0625, 12.625, 13.8125, 15.6875], "texture": "#5"}
			}
		}
	],
	"display": {
		"thirdperson_righthand": {
			"translation": [-1, 2.5, 1]
		},
		"thirdperson_lefthand": {
			"translation": [0, 2.5, 1]
		},
		"firstperson_righthand": {
			"translation": [1.13, 5.5, 1.13]
		},
		"firstperson_lefthand": {
			"translation": [1.13, 5.5, 1.13]
		},
		"ground": {
			"rotation": [80, 0, 0],
			"translation": [0, 1, 0]
		},
		"gui": {
			"rotation": [25, 22, -54.75],
			"translation": [3, 4, 0],
			"scale": [1.5, 1.5, 1.5]
		},
		"fixed": {
			"rotation": [0, 0, 45],
			"translation": [-4.5, 4.5, -3],
			"scale": [2, 2, 2]
		}
	},
	"groups": [
		{
			"name": "stone_shovel",
			"children": [0, 1, 2, 3, 4, 5, 6, 7, 8, 9, 10, 11, 12, 13, 14, 15, 16, 17]
		}
	]
}