{
	"credit": "Made with Blockbench",
	"textures": {
		"0": "tardis:item/sonic/twelfth",
		"1": "tardis:item/sonic/lime_glass"
	},
	"elements": [
		{
			"name": "Cube",
			"from": [7.8, -2, 7.8],
			"to": [8.2, -1.6, 8.2],
			"faces": {
				"north": {"uv": [0, 3, 0.4, 3.4], "texture": "#0"},
				"east": {"uv": [0, 4, 0.4, 4.4], "texture": "#0"},
				"south": {"uv": [0, 3, 0.4, 3.4], "texture": "#0"},
				"west": {"uv": [0, 3, 0.4, 3.4], "texture": "#0"},
				"up": {"uv": [0, 3, 0.4, 3.4], "texture": "#0"},
				"down": {"uv": [0, 3, 0.4, 3.4], "texture": "#0"}
			}
		},
		{
			"name": "Cube",
			"from": [7.7, -1.6, 7.7],
			"to": [8.3, -0.9, 8.3],
			"faces": {
				"north": {"uv": [12, 3, 15.2, 7.7], "texture": "#0"},
				"east": {"uv": [12, 3, 15.6, 7.7], "texture": "#0"},
				"south": {"uv": [12, 3, 15.2, 7.7], "texture": "#0"},
				"west": {"uv": [12, 3, 15.6, 7.7], "texture": "#0"},
				"up": {"uv": [14, 3, 14.6, 3.6], "texture": "#0"},
				"down": {"uv": [5, 6, 5.6, 6.6], "texture": "#0"}
			}
		},
		{
			"name": "Cube",
			"from": [7.5, -0.9, 7.8],
			"to": [8.5, -0.3, 8.2],
			"faces": {
				"north": {"uv": [5, 0, 6.2, 3.7], "texture": "#0"},
				"east": {"uv": [6, 0, 5, 3.7], "texture": "#0"},
				"south": {"uv": [5, 0, 6.2, 3.7], "texture": "#0"},
				"west": {"uv": [5, 0, 5.6, 3.7], "texture": "#0"},
				"up": {"uv": [2, 3, 3, 3.4], "texture": "#0"},
				"down": {"uv": [4, 3, 2, 3.4], "texture": "#0"}
			}
		},
		{
			"name": "Cube",
			"from": [7.8, -0.9, 7.5],
			"to": [8.2, -0.3, 8.5],
			"faces": {
				"north": {"uv": [5, 0, 6.2, 3.7], "texture": "#0"},
				"east": {"uv": [5, 0, 5.6, 3.7], "texture": "#0"},
				"south": {"uv": [5, 0, 6.2, 3.7], "texture": "#0"},
				"west": {"uv": [5, 0, 5.6, 3.7], "texture": "#0"},
				"up": {"uv": [2, 3, 2.4, 4], "texture": "#0"},
				"down": {"uv": [2, 2, 2.4, 3], "texture": "#0"}
			}
		},
		{
			"name": "Cube",
			"from": [7.8, -0.9, 7.5],
			"to": [8.2, -0.3, 8.5],
			"rotation": {"angle": 45, "axis": "y", "origin": [8, 8, 8]},
			"faces": {
				"north": {"uv": [5, 0, 6.2, 3.7], "texture": "#0"},
				"east": {"uv": [5, 0, 5.6, 3.7], "texture": "#0"},
				"south": {"uv": [5, 0, 6.2, 3.7], "texture": "#0"},
				"west": {"uv": [5, 0, 5.6, 3.7], "texture": "#0"},
				"up": {"uv": [2, 3, 2.4, 4], "texture": "#0"},
				"down": {"uv": [2, 3, 2.4, 4], "texture": "#0"}
			}
		},
		{
			"name": "Cube",
			"from": [7.8, -0.9, 7.5],
			"to": [8.2, -0.3, 8.5],
			"rotation": {"angle": -45, "axis": "y", "origin": [8, 8, 8]},
			"faces": {
				"north": {"uv": [5, 0, 6.2, 3.7], "texture": "#0"},
				"east": {"uv": [5, 0, 5.6, 3.7], "texture": "#0"},
				"south": {"uv": [5, 0, 6.2, 3.7], "texture": "#0"},
				"west": {"uv": [5, 0, 5.6, 3.7], "texture": "#0"},
				"up": {"uv": [2, 3, 2.4, 4], "texture": "#0"},
				"down": {"uv": [2, 3, 2.4, 4], "texture": "#0"}
			}
		},
		{
			"name": "Cube",
			"from": [7.7, -0.3, 7.4],
			"to": [8.3, 0.1, 8.6],
			"faces": {
				"north": {"uv": [1, 3, 2.2, 3.7], "texture": "#0"},
				"east": {"uv": [1, 4, 1.6, 3.7], "texture": "#0"},
				"south": {"uv": [1, 3, 2.2, 3.7], "texture": "#0"},
				"west": {"uv": [2, 3, 2.6, 3.7], "texture": "#0"},
				"up": {"uv": [2, 3, 2.6, 4.2], "texture": "#0"},
				"down": {"uv": [2, 3, 2.6, 4.2], "texture": "#0"}
			}
		},
		{
			"name": "Cube",
			"from": [7.8, -0.3, 7.4],
			"to": [8.3, 0.1, 8.6],
			"rotation": {"angle": 45, "axis": "y", "origin": [8, 8, 8]},
			"faces": {
				"north": {"uv": [1, 3, 2.2, 3.7], "texture": "#0"},
				"east": {"uv": [1, 4, 1.6, 3.7], "texture": "#0"},
				"south": {"uv": [1, 3, 2.2, 3.7], "texture": "#0"},
				"west": {"uv": [2, 3, 2.6, 3.7], "texture": "#0"},
				"up": {"uv": [2, 3, 2.5, 4.2], "texture": "#0"},
				"down": {"uv": [2, 3, 2.5, 4.2], "texture": "#0"}
			}
		},
		{
			"name": "Cube",
			"from": [7.7, -0.3, 7.4],
			"to": [8.3, 0.1, 8.6],
			"rotation": {"angle": -45, "axis": "y", "origin": [8, 8, 8]},
			"faces": {
				"north": {"uv": [1, 3, 2.2, 3.7], "texture": "#0"},
				"east": {"uv": [1, 4, 1.6, 3.7], "texture": "#0"},
				"south": {"uv": [1, 3, 2.2, 3.7], "texture": "#0"},
				"west": {"uv": [2, 3, 2.6, 3.7], "texture": "#0"},
				"up": {"uv": [2, 3, 2.6, 4.2], "texture": "#0"},
				"down": {"uv": [2, 3, 2.6, 4.2], "texture": "#0"}
			}
		},
		{
			"name": "Cube",
			"from": [7.4, -0.3, 7.7],
			"to": [8.6, 0.1, 8.3],
			"faces": {
				"north": {"uv": [1, 3, 2.2, 3.7], "texture": "#0"},
				"east": {"uv": [1, 4, 1.6, 3.7], "texture": "#0"},
				"south": {"uv": [1, 3, 2.2, 3.7], "texture": "#0"},
				"west": {"uv": [2, 3, 2.6, 3.7], "texture": "#0"},
				"up": {"uv": [2, 3, 3.2, 3.6], "texture": "#0"},
				"down": {"uv": [2, 3, 3.2, 3.6], "texture": "#0"}
			}
		},
		{
			"name": "Cube",
			"from": [7.2, 0.1, 7.7],
			"to": [8.8, 0.5, 8.3],
			"faces": {
				"north": {"uv": [1, 3, 2.2, 3.7], "texture": "#0"},
				"east": {"uv": [1, 4, 1.6, 3.7], "texture": "#0"},
				"south": {"uv": [1, 3, 2.2, 3.7], "texture": "#0"},
				"west": {"uv": [2, 3, 2.6, 3.7], "texture": "#0"},
				"up": {"uv": [2, 3, 3.6, 3.6], "texture": "#0"},
				"down": {"uv": [2, 3, 3.6, 3.6], "texture": "#0"}
			}
		},
		{
			"name": "Cube",
			"from": [7.7, 0.1, 7.2],
			"to": [8.3, 0.5, 8.8],
			"faces": {
				"north": {"uv": [1, 3, 2.2, 3.7], "texture": "#0"},
				"east": {"uv": [1, 4, 1.6, 3.7], "texture": "#0"},
				"south": {"uv": [1, 3, 2.2, 3.7], "texture": "#0"},
				"west": {"uv": [2, 3, 2.6, 3.7], "texture": "#0"},
				"up": {"uv": [2, 3, 2.6, 3.6], "texture": "#0"},
				"down": {"uv": [2, 3, 3.6, 3.6], "texture": "#0"}
			}
		},
		{
			"name": "Cube",
			"from": [7.7, 0.1, 7.2],
			"to": [8.3, 0.5, 8.8],
			"rotation": {"angle": 45, "axis": "y", "origin": [8, 8, 8]},
			"faces": {
				"north": {"uv": [1, 3, 2.2, 3.7], "texture": "#0"},
				"east": {"uv": [1, 4, 1.6, 3.7], "texture": "#0"},
				"south": {"uv": [1, 3, 2.2, 3.7], "texture": "#0"},
				"west": {"uv": [2, 3, 2.6, 3.7], "texture": "#0"},
				"up": {"uv": [2, 3, 2.6, 3.6], "texture": "#0"},
				"down": {"uv": [2, 3, 3.6, 3.6], "texture": "#0"}
			}
		},
		{
			"name": "Cube",
			"from": [7.7, 0.1, 7.2],
			"to": [8.3, 0.5, 8.8],
			"rotation": {"angle": -45, "axis": "y", "origin": [8, 8, 8]},
			"faces": {
				"north": {"uv": [1, 3, 2.2, 3.7], "texture": "#0"},
				"east": {"uv": [1, 4, 1.6, 3.7], "texture": "#0"},
				"south": {"uv": [1, 3, 2.2, 3.7], "texture": "#0"},
				"west": {"uv": [2, 3, 2.6, 3.7], "texture": "#0"},
				"up": {"uv": [2, 3, 2.6, 3.6], "texture": "#0"},
				"down": {"uv": [2, 3, 3.6, 3.6], "texture": "#0"}
			}
		},
		{
			"name": "Cube",
			"from": [7.7, 0.4, 7.7],
			"to": [8.3, 2.4, 8.3],
			"faces": {
				"north": {"uv": [12, 5, 15.2, 9.7], "texture": "#0"},
				"east": {"uv": [12, 5, 15.6, 9.7], "texture": "#0"},
				"south": {"uv": [12, 6, 15.2, 10.7], "texture": "#0"},
				"west": {"uv": [12, 5, 15.6, 9.7], "texture": "#0"},
				"up": {"uv": [14, 6, 14.6, 6.6], "texture": "#0"},
				"down": {"uv": [15, 7, 15.6, 7.6], "texture": "#0"}
			}
		},
		{
			"name": "Cube",
			"from": [7.7, 0.7, 7.2],
			"to": [8.3, 0.8, 8.8],
			"rotation": {"angle": -45, "axis": "y", "origin": [8, 8, 8]},
			"faces": {
				"north": {"uv": [1, 3, 2.2, 3.7], "texture": "#0"},
				"east": {"uv": [1, 4, 1.6, 3.7], "texture": "#0"},
				"south": {"uv": [1, 3, 2.2, 3.7], "texture": "#0"},
				"west": {"uv": [2, 3, 2.6, 3.7], "texture": "#0"},
				"up": {"uv": [2, 3, 2.6, 3.6], "texture": "#0"},
				"down": {"uv": [2, 3, 3.6, 3.6], "texture": "#0"}
			}
		},
		{
			"name": "Cube",
			"from": [7.7, 0.7, 7.2],
			"to": [8.3, 0.8, 8.8],
			"rotation": {"angle": 45, "axis": "y", "origin": [8, 8, 8]},
			"faces": {
				"north": {"uv": [1, 3, 2.2, 3.7], "texture": "#0"},
				"east": {"uv": [1, 4, 1.6, 3.7], "texture": "#0"},
				"south": {"uv": [1, 3, 2.2, 3.7], "texture": "#0"},
				"west": {"uv": [2, 3, 2.6, 3.7], "texture": "#0"},
				"up": {"uv": [2, 3, 2.6, 3.6], "texture": "#0"},
				"down": {"uv": [2, 3, 3.6, 3.6], "texture": "#0"}
			}
		},
		{
			"name": "Cube",
			"from": [7.7, 0.7, 7.2],
			"to": [8.3, 0.8, 8.8],
			"faces": {
				"north": {"uv": [1, 3, 2.2, 3.7], "texture": "#0"},
				"east": {"uv": [1, 4, 1.6, 3.7], "texture": "#0"},
				"south": {"uv": [1, 3, 2.2, 3.7], "texture": "#0"},
				"west": {"uv": [2, 3, 2.6, 3.7], "texture": "#0"},
				"up": {"uv": [2, 3, 2.6, 3.6], "texture": "#0"},
				"down": {"uv": [2, 3, 3.6, 3.6], "texture": "#0"}
			}
		},
		{
			"name": "Cube",
			"from": [7.2, 0.7, 7.7],
			"to": [8.8, 0.8, 8.3],
			"faces": {
				"north": {"uv": [1, 3, 2.2, 3.7], "texture": "#0"},
				"east": {"uv": [1, 4, 1.6, 3.7], "texture": "#0"},
				"south": {"uv": [1, 3, 2.2, 3.7], "texture": "#0"},
				"west": {"uv": [2, 3, 2.6, 3.7], "texture": "#0"},
				"up": {"uv": [2, 3, 2.6, 3.6], "texture": "#0"},
				"down": {"uv": [2, 3, 3.6, 3.6], "texture": "#0"}
			}
		},
		{
			"name": "Cube",
			"from": [7.5, 2.4, 7.8],
			"to": [8.5, 3.4, 8.2],
			"faces": {
				"north": {"uv": [0, 8, 4.3, 16], "texture": "#0"},
				"east": {"uv": [0, 8, 4.3, 16], "texture": "#0"},
				"south": {"uv": [0, 8, 4.3, 16], "texture": "#0"},
				"west": {"uv": [0, 8, 4.3, 16], "texture": "#0"},
				"up": {"uv": [2, 3, 3, 3.4], "texture": "#0"},
				"down": {"uv": [0, 3, 2.6, 3.6], "texture": "#0"}
			}
		},
		{
			"name": "Cube",
			"from": [7.5, 2.4, 7.8],
			"to": [8.5, 3.4, 8.2],
			"rotation": {"angle": 45, "axis": "y", "origin": [8, 8, 8]},
			"faces": {
				"north": {"uv": [0, 8, 4.3, 16], "texture": "#0"},
				"east": {"uv": [0, 8, 4.3, 16], "texture": "#0"},
				"south": {"uv": [0, 8, 4.3, 16], "texture": "#0"},
				"west": {"uv": [0, 8, 4.3, 16], "texture": "#0"},
				"up": {"uv": [2, 3, 3, 3.4], "texture": "#0"},
				"down": {"uv": [0, 3, 2.6, 3.6], "texture": "#0"}
			}
		},
		{
			"name": "Cube",
			"from": [7.5, 2.4, 7.8],
			"to": [8.5, 3.4, 8.2],
			"rotation": {"angle": -45, "axis": "y", "origin": [8, 8, 8]},
			"faces": {
				"north": {"uv": [0, 8, 4.3, 16], "texture": "#0"},
				"east": {"uv": [0, 8, 4.3, 16], "texture": "#0"},
				"south": {"uv": [0, 8, 4.3, 16], "texture": "#0"},
				"west": {"uv": [0, 8, 4.3, 16], "texture": "#0"},
				"up": {"uv": [2, 3, 3, 3.4], "texture": "#0"},
				"down": {"uv": [0, 3, 2.6, 3.6], "texture": "#0"}
			}
		},
		{
			"name": "Cube",
			"from": [7.8, 2.4, 7.5],
			"to": [8.2, 3.4, 8.5],
			"faces": {
				"north": {"uv": [0, 8, 4.3, 16], "texture": "#0"},
				"east": {"uv": [0, 8, 4.3, 16], "texture": "#0"},
				"south": {"uv": [0, 8, 4.3, 16], "texture": "#0"},
				"west": {"uv": [0, 8, 4.3, 16], "texture": "#0"},
				"up": {"uv": [2, 3, 2.4, 4], "texture": "#0"},
				"down": {"uv": [0, 3, 2.6, 3.6], "texture": "#0"}
			}
		},
		{
			"name": "Cube",
			"from": [7.7, 3.4, 7.4],
			"to": [8.3, 4, 8.6],
			"faces": {
				"north": {"uv": [12, 0, 15.3, 4], "texture": "#0"},
				"east": {"uv": [12, 0, 15.3, 4], "texture": "#0"},
				"south": {"uv": [12, 0, 15.3, 4], "texture": "#0"},
				"west": {"uv": [12, 0, 15.3, 4], "texture": "#0"},
				"up": {"uv": [12, 0, 15.4, 1.2], "texture": "#0"},
				"down": {"uv": [12, 1, 14.6, 1.6], "texture": "#0"}
			}
		},
		{
			"name": "Cube",
			"from": [7.7, 3.4, 7.4],
			"to": [8.3, 4, 8.6],
			"rotation": {"angle": 45, "axis": "y", "origin": [8, 8, 8]},
			"faces": {
				"north": {"uv": [12, 0, 15.3, 4], "texture": "#0"},
				"east": {"uv": [12, 0, 15.3, 4], "texture": "#0"},
				"south": {"uv": [12, 0, 15.3, 4], "texture": "#0"},
				"west": {"uv": [12, 0, 15.3, 4], "texture": "#0"},
				"up": {"uv": [12, 0, 15.4, 1.2], "texture": "#0"},
				"down": {"uv": [12, 1, 14.6, 1.6], "texture": "#0"}
			}
		},
		{
			"name": "Cube",
			"from": [7.7, 3.4, 7.4],
			"to": [8.3, 4, 8.6],
			"rotation": {"angle": -45, "axis": "y", "origin": [8, 8, 8]},
			"faces": {
				"north": {"uv": [12, 0, 15.3, 4], "texture": "#0"},
				"east": {"uv": [12, 0, 15.3, 4], "texture": "#0"},
				"south": {"uv": [12, 0, 15.3, 4], "texture": "#0"},
				"west": {"uv": [12, 0, 15.3, 4], "texture": "#0"},
				"up": {"uv": [12, 0, 15.4, 1.2], "texture": "#0"},
				"down": {"uv": [12, 1, 14.6, 1.6], "texture": "#0"}
			}
		},
		{
			"name": "Cube",
			"from": [7.4, 3.4, 7.7],
			"to": [8.6, 4, 8.3],
			"faces": {
				"north": {"uv": [12, 0, 15.3, 4], "texture": "#0"},
				"east": {"uv": [12, 0, 15.3, 4], "texture": "#0"},
				"south": {"uv": [12, 0, 15.3, 4], "texture": "#0"},
				"west": {"uv": [12, 0, 15.3, 4], "texture": "#0"},
				"up": {"uv": [12, 0, 15.4, 1.2], "texture": "#0"},
				"down": {"uv": [12, 1, 14.6, 1.6], "texture": "#0"}
			}
		},
		{
			"name": "Cube",
			"from": [7.8, 0.1, 8.7],
			"to": [8.2, 2.4, 8.9],
			"faces": {
				"north": {"uv": [2, 3, 3.2, 4], "texture": "#0"},
				"east": {"uv": [1, 3, 3.2, 4], "texture": "#0"},
				"south": {"uv": [1, 2, 1.4, 4.3], "texture": "#0"},
				"west": {"uv": [1, 2, 1.2, 4.3], "texture": "#0"},
				"up": {"uv": [2, 3, 3.2, 4.2], "texture": "#0"},
				"down": {"uv": [1, 3, 3.2, 4.2], "texture": "#0"}
			}
		},
		{
			"name": "Cube",
			"from": [7.8, 1.9, 8],
			"to": [8.2, 2.5, 8.2],
			"rotation": {"angle": -45, "axis": "x", "origin": [8, 3, 8]},
			"faces": {
				"north": {"uv": [2, 3, 3.2, 4], "texture": "#0"},
				"east": {"uv": [1, 3, 3.2, 4], "texture": "#0"},
				"south": {"uv": [1, 2, 1.4, 2.6], "texture": "#0"},
				"west": {"uv": [1, 2, 1.2, 2.6], "texture": "#0"},
				"up": {"uv": [2, 3, 3.2, 4.2], "texture": "#0"},
				"down": {"uv": [1, 3, 3.2, 4.2], "texture": "#0"}
			}
		},
		{
			"name": "Cube",
			"from": [7.8, 2.5, 7.4],
			"to": [8.2, 3.1, 8.6],
			"faces": {
				"north": {"uv": [2, 3, 3.2, 4], "texture": "#0"},
				"east": {"uv": [1, 3, 3.2, 4], "texture": "#0"},
				"south": {"uv": [1, 2, 1.4, 2.6], "texture": "#0"},
				"west": {"uv": [1, 2, 2.2, 2.6], "texture": "#0"},
				"up": {"uv": [2, 3, 3.2, 4.2], "texture": "#0"},
				"down": {"uv": [1, 3, 3.2, 4.2], "texture": "#0"}
			}
		},
		{
			"name": "Cube",
			"from": [7.5, 0.4, 7.8],
			"to": [8.5, 2.4, 8.2],
			"faces": {
				"north": {"uv": [12, 5, 15.2, 9.7], "texture": "#0"},
				"east": {"uv": [12, 5, 15.6, 9.7], "texture": "#0"},
				"south": {"uv": [12, 6, 15.2, 10.7], "texture": "#0"},
				"west": {"uv": [12, 5, 15.6, 9.7], "texture": "#0"},
				"up": {"uv": [14, 6, 15, 6.4], "texture": "#0"},
				"down": {"uv": [15, 7, 16, 7.4], "texture": "#0"}
			}
		},
		{
			"name": "Cube",
			"from": [7.8, 0.4, 7.5],
			"to": [8.2, 2.4, 8.5],
			"faces": {
				"north": {"uv": [12, 5, 15.2, 9.7], "texture": "#0"},
				"east": {"uv": [12, 5, 15.6, 9.7], "texture": "#0"},
				"south": {"uv": [12, 6, 15.2, 10.7], "texture": "#0"},
				"west": {"uv": [12, 5, 15.6, 9.7], "texture": "#0"},
				"up": {"uv": [14, 6, 14.4, 7], "texture": "#0"},
				"down": {"uv": [15, 7, 15.4, 8], "texture": "#0"}
			}
		},
		{
			"name": "Cube",
			"from": [7.8, 0.4, 7.5],
			"to": [8.2, 2.4, 8.5],
			"rotation": {"angle": 45, "axis": "y", "origin": [8, 8, 8]},
			"faces": {
				"north": {"uv": [12, 5, 15.2, 9.7], "texture": "#0"},
				"east": {"uv": [12, 5, 15.6, 9.7], "texture": "#0"},
				"south": {"uv": [12, 6, 15.2, 10.7], "texture": "#0"},
				"west": {"uv": [12, 5, 15.6, 9.7], "texture": "#0"},
				"up": {"uv": [14, 6, 14.4, 7], "texture": "#0"},
				"down": {"uv": [15, 7, 15.4, 8], "texture": "#0"}
			}
		},
		{
			"name": "Cube",
			"from": [7.8, 0.4, 7.5],
			"to": [8.2, 2.4, 8.5],
			"rotation": {"angle": -45, "axis": "y", "origin": [8, 8, 8]},
			"faces": {
				"north": {"uv": [12, 5, 15.2, 9.7], "texture": "#0"},
				"east": {"uv": [12, 5, 15.6, 9.7], "texture": "#0"},
				"south": {"uv": [12, 6, 15.2, 10.7], "texture": "#0"},
				"west": {"uv": [12, 5, 15.6, 9.7], "texture": "#0"},
				"up": {"uv": [14, 6, 14.4, 7], "texture": "#0"},
				"down": {"uv": [15, 7, 15.4, 8], "texture": "#0"}
			}
		},
		{
			"name": "Cube",
			"from": [7.8, 1.9, 7.8],
			"to": [8.2, 2.5, 8],
			"rotation": {"angle": 45, "axis": "x", "origin": [8, 3, 8]},
			"faces": {
				"north": {"uv": [2, 3, 3.2, 4], "texture": "#0"},
				"east": {"uv": [1, 3, 3.2, 4], "texture": "#0"},
				"south": {"uv": [1, 2, 1.4, 2.6], "texture": "#0"},
				"west": {"uv": [1, 2, 1.2, 2.6], "texture": "#0"},
				"up": {"uv": [2, 3, 3.2, 4.2], "texture": "#0"},
				"down": {"uv": [1, 3, 3.2, 4.2], "texture": "#0"}
			}
		},
		{
			"name": "Cube",
			"from": [7.8, 0.1, 7.1],
			"to": [8.2, 2.4, 7.3],
			"faces": {
				"north": {"uv": [2, 3, 3.2, 4], "texture": "#0"},
				"east": {"uv": [1, 3, 3.2, 4], "texture": "#0"},
				"south": {"uv": [1, 2, 1.4, 4.3], "texture": "#0"},
				"west": {"uv": [1, 2, 1.2, 4.3], "texture": "#0"},
				"up": {"uv": [2, 3, 3.2, 4.2], "texture": "#0"},
				"down": {"uv": [1, 3, 3.2, 4.2], "texture": "#0"}
			}
		},
		{
			"name": "Cube",
			"from": [7.4, 2.5, 7.8],
			"to": [8.6, 3.1, 8.2],
			"faces": {
				"north": {"uv": [2, 3, 3.2, 4], "texture": "#0"},
				"east": {"uv": [1, 3, 3.2, 4], "texture": "#0"},
				"south": {"uv": [1, 2, 2.2, 2.6], "texture": "#0"},
				"west": {"uv": [1, 2, 1.4, 2.6], "texture": "#0"},
				"up": {"uv": [2, 3, 3.2, 4.2], "texture": "#0"},
				"down": {"uv": [1, 3, 3.2, 4.2], "texture": "#0"}
			}
		},
		{
			"name": "Cube",
			"from": [7.1, 0.1, 7.8],
			"to": [7.3, 2.4, 8.2],
			"faces": {
				"north": {"uv": [2, 3, 3.2, 4], "texture": "#0"},
				"east": {"uv": [1, 3, 3.2, 4], "texture": "#0"},
				"south": {"uv": [1, 2, 1.2, 4.3], "texture": "#0"},
				"west": {"uv": [1, 2, 1.4, 4.3], "texture": "#0"},
				"up": {"uv": [2, 3, 3.2, 4.2], "texture": "#0"},
				"down": {"uv": [1, 3, 3.2, 4.2], "texture": "#0"}
			}
		},
		{
			"name": "Cube",
			"from": [8.7, 0.1, 7.8],
			"to": [8.9, 2.4, 8.2],
			"faces": {
				"north": {"uv": [2, 3, 3.2, 4], "texture": "#0"},
				"east": {"uv": [1, 3, 3.2, 4], "texture": "#0"},
				"south": {"uv": [1, 2, 1.2, 4.3], "texture": "#0"},
				"west": {"uv": [1, 2, 1.4, 4.3], "texture": "#0"},
				"up": {"uv": [2, 3, 3.2, 4.2], "texture": "#0"},
				"down": {"uv": [1, 3, 3.2, 4.2], "texture": "#0"}
			}
		},
		{
			"name": "Cube",
			"from": [8, 1.9, 7.8],
			"to": [8.2, 2.5, 8.2],
			"rotation": {"angle": 45, "axis": "z", "origin": [8, 3, 8]},
			"faces": {
				"north": {"uv": [2, 3, 3.2, 4], "texture": "#0"},
				"east": {"uv": [1, 3, 3.2, 4], "texture": "#0"},
				"south": {"uv": [1, 2, 1.2, 2.6], "texture": "#0"},
				"west": {"uv": [1, 2, 1.4, 2.6], "texture": "#0"},
				"up": {"uv": [2, 3, 3.2, 4.2], "texture": "#0"},
				"down": {"uv": [1, 3, 3.2, 4.2], "texture": "#0"}
			}
		},
		{
			"name": "Cube",
			"from": [7.8, 1.9, 7.8],
			"to": [8, 2.5, 8.2],
			"rotation": {"angle": -45, "axis": "z", "origin": [8, 3, 8]},
			"faces": {
				"north": {"uv": [2, 3, 3.2, 4], "texture": "#0"},
				"east": {"uv": [1, 3, 3.2, 4], "texture": "#0"},
				"south": {"uv": [1, 2, 1.2, 2.6], "texture": "#0"},
				"west": {"uv": [1, 2, 1.4, 2.6], "texture": "#0"},
				"up": {"uv": [2, 3, 3.2, 4.2], "texture": "#0"},
				"down": {"uv": [1, 3, 3.2, 4.2], "texture": "#0"}
			}
		},
		{
			"name": "Cube",
			"from": [10.5, 1, 7.8],
			"to": [10.7, 1.6, 8.2],
			"rotation": {"angle": -45, "axis": "z", "origin": [8, 3, 8]},
			"faces": {
				"north": {"uv": [2, 3, 3.2, 4], "texture": "#0"},
				"east": {"uv": [1, 3, 3.2, 4], "texture": "#0"},
				"south": {"uv": [1, 2, 1.2, 2.6], "texture": "#0"},
				"west": {"uv": [1, 2, 1.4, 2.6], "texture": "#0"},
				"up": {"uv": [2, 3, 3.2, 4.2], "texture": "#0"},
				"down": {"uv": [1, 3, 3.2, 4.2], "texture": "#0"}
			}
		},
		{
			"name": "Cube",
			"from": [5.3, 1, 7.8],
			"to": [5.5, 1.6, 8.2],
			"rotation": {"angle": 45, "axis": "z", "origin": [8, 3, 8]},
			"faces": {
				"north": {"uv": [2, 3, 3.2, 4], "texture": "#0"},
				"east": {"uv": [1, 3, 3.2, 4], "texture": "#0"},
				"south": {"uv": [1, 2, 1.2, 2.6], "texture": "#0"},
				"west": {"uv": [1, 2, 1.4, 2.6], "texture": "#0"},
				"up": {"uv": [2, 3, 3.2, 4.2], "texture": "#0"},
				"down": {"uv": [1, 3, 3.2, 4.2], "texture": "#0"}
			}
		},
		{
			"name": "Cube",
			"from": [7.8, 1, 5.3],
			"to": [8.2, 1.6, 5.5],
			"rotation": {"angle": -45, "axis": "x", "origin": [8, 3, 8]},
			"faces": {
				"north": {"uv": [2, 3, 3.2, 4], "texture": "#0"},
				"east": {"uv": [1, 3, 3.2, 4], "texture": "#0"},
				"south": {"uv": [1, 2, 1.4, 2.6], "texture": "#0"},
				"west": {"uv": [1, 2, 1.2, 2.6], "texture": "#0"},
				"up": {"uv": [2, 3, 3.2, 4.2], "texture": "#0"},
				"down": {"uv": [1, 3, 3.2, 4.2], "texture": "#0"}
			}
		},
		{
			"name": "Cube",
			"from": [7.8, 1, 10.5],
			"to": [8.2, 1.6, 10.7],
			"rotation": {"angle": 45, "axis": "x", "origin": [8, 3, 8]},
			"faces": {
				"north": {"uv": [2, 3, 3.2, 4], "texture": "#0"},
				"east": {"uv": [1, 3, 3.2, 4], "texture": "#0"},
				"south": {"uv": [1, 2, 1.4, 2.6], "texture": "#0"},
				"west": {"uv": [1, 2, 1.2, 2.6], "texture": "#0"},
				"up": {"uv": [2, 3, 3.2, 4.2], "texture": "#0"},
				"down": {"uv": [1, 3, 3.2, 4.2], "texture": "#0"}
			}
		},
		{
			"name": "Cube",
			"from": [7.3, 4, 7.6],
			"to": [8.7, 6.5, 8.4],
			"faces": {
				"north": {"uv": [0, 4, 3.2, 6.7], "texture": "#0"},
				"east": {"uv": [0, 4, 3.6, 6.7], "texture": "#0"},
				"south": {"uv": [0, 4, 3.2, 6.7], "texture": "#0"},
				"west": {"uv": [0, 4, 3.6, 6.7], "texture": "#0"},
				"up": {"uv": [1, 3, 2.4, 3.8], "texture": "#0"},
				"down": {"uv": [14, 7, 15.4, 7.8], "texture": "#0"}
			}
		},
		{
			"name": "Cube",
			"from": [7.6, 4, 7.3],
			"to": [8.4, 6.5, 8.7],
			"faces": {
				"north": {"uv": [0, 4, 3.2, 6.7], "texture": "#0"},
				"east": {"uv": [0, 4, 3.6, 6.7], "texture": "#0"},
				"south": {"uv": [0, 4, 3.2, 6.7], "texture": "#0"},
				"west": {"uv": [0, 4, 3.6, 6.7], "texture": "#0"},
				"up": {"uv": [0, 3, 0.8, 3.4], "texture": "#0"},
				"down": {"uv": [14, 8, 14.8, 9.4], "texture": "#0"}
			}
		},
		{
			"name": "Cube",
			"from": [7.8, 4, 7.2],
			"to": [8.2, 6.5, 8.8],
			"rotation": {"angle": 45, "axis": "y", "origin": [8, 8, 8]},
			"faces": {
				"north": {"uv": [0, 4, 3.2, 6.7], "texture": "#0"},
				"east": {"uv": [0, 4, 3.6, 6.7], "texture": "#0"},
				"south": {"uv": [0, 4, 3.2, 6.7], "texture": "#0"},
				"west": {"uv": [0, 4, 3.6, 6.7], "texture": "#0"},
				"up": {"uv": [1, 3, 2.4, 3.6], "texture": "#0"},
				"down": {"uv": [15, 7, 15.4, 8.6], "texture": "#0"}
			}
		},
		{
			"name": "Cube",
			"from": [7.8, 4, 7.2],
			"to": [8.2, 6.5, 8.8],
			"rotation": {"angle": -45, "axis": "y", "origin": [8, 8, 8]},
			"faces": {
				"north": {"uv": [0, 4, 3.2, 6.7], "texture": "#0"},
				"east": {"uv": [0, 4, 3.6, 6.7], "texture": "#0"},
				"south": {"uv": [0, 4, 3.2, 6.7], "texture": "#0"},
				"west": {"uv": [0, 4, 3.6, 6.7], "texture": "#0"},
				"up": {"uv": [1, 3, 1.4, 3.6], "texture": "#0"},
				"down": {"uv": [15, 7, 15.4, 8.6], "texture": "#0"}
			}
		},
		{
			"name": "Cube",
			"from": [7.7, 4.2, 8.7],
			"to": [8.3, 5.9, 8.8],
			"faces": {
				"north": {"uv": [0, 4, 3.2, 3.7], "texture": "#0"},
				"east": {"uv": [0, 4, 3.6, 2.7], "texture": "#0"},
				"south": {"uv": [0, 4, 3.2, 3.7], "texture": "#0"},
				"west": {"uv": [0, 4, 3.6, 3.7], "texture": "#0"},
				"up": {"uv": [0, 3, 0.6, 3.1], "texture": "#0"},
				"down": {"uv": [3, 6, 3.6, 6.1], "texture": "#0"}
			}
		},
		{
			"name": "Cube",
			"from": [7.8, 4.5, 8.8],
			"to": [8.2, 5.7, 9],
			"faces": {
				"north": {"uv": [0, 4, 3.2, 3.7], "texture": "#0"},
				"east": {"uv": [0, 4, 3.6, 2.7], "texture": "#0"},
				"south": {"uv": [0, 4, 3.2, 3.7], "texture": "#0"},
				"west": {"uv": [0, 4, 3.6, 3.7], "texture": "#0"},
				"up": {"uv": [0, 3, 0.4, 3.2], "texture": "#0"},
				"down": {"uv": [2, 4, 2.4, 4.2], "texture": "#0"}
			}
		},
		{
			"name": "Cube",
			"from": [7.8, 4.7, 9],
			"to": [8.2, 5.5, 9.1],
			"faces": {
				"north": {"uv": [0, 4, 3.2, 3.7], "texture": "#0"},
				"east": {"uv": [0, 4, 3.6, 2.7], "texture": "#0"},
				"south": {"uv": [0, 4, 3.2, 3.7], "texture": "#0"},
				"west": {"uv": [0, 4, 3.6, 3.7], "texture": "#0"},
				"up": {"uv": [0, 3, 0.4, 3.1], "texture": "#0"},
				"down": {"uv": [2, 4, 2.4, 4.1], "texture": "#0"}
			}
		},
		{
			"name": "Cube",
			"from": [7.2, 6.4, 7.6],
			"to": [8.8, 7.4, 8.4],
			"faces": {
				"north": {"uv": [0, 4, 4.2, -0.3], "texture": "#0"},
				"east": {"uv": [0, 4, 3.6, -0.3], "texture": "#0"},
				"south": {"uv": [0, 4, 3.2, -0.3], "texture": "#0"},
				"west": {"uv": [0, 4, 3.6, -0.3], "texture": "#0"},
				"up": {"uv": [0, 2, 1.6, 2.8], "texture": "#0"},
				"down": {"uv": [1, 0, 5.6, 1], "texture": "#0"}
			}
		},
		{
			"name": "Cube",
			"from": [7.6, 6.4, 7.2],
			"to": [8.4, 7.4, 8.8],
			"faces": {
				"north": {"uv": [0, 4, 4.2, -0.3], "texture": "#0"},
				"east": {"uv": [0, 4, 3.6, -0.3], "texture": "#0"},
				"south": {"uv": [0, 4, 3.2, -0.3], "texture": "#0"},
				"west": {"uv": [0, 4, 3.6, -0.3], "texture": "#0"},
				"up": {"uv": [0, 2, 0.8, 3.6], "texture": "#0"},
				"down": {"uv": [1, 0, 5.6, 1], "texture": "#0"}
			}
		},
		{
			"name": "Cube",
			"from": [7.6, 6.4, 7.2],
			"to": [8.4, 7.4, 8.8],
			"rotation": {"angle": 45, "axis": "y", "origin": [8, 8, 8]},
			"faces": {
				"north": {"uv": [0, 4, 4.2, -0.3], "texture": "#0"},
				"east": {"uv": [0, 4, 3.6, -0.3], "texture": "#0"},
				"south": {"uv": [0, 4, 3.2, -0.3], "texture": "#0"},
				"west": {"uv": [0, 4, 3.6, -0.3], "texture": "#0"},
				"up": {"uv": [0, 2, 0.8, 3.6], "texture": "#0"},
				"down": {"uv": [1, 0, 5.6, 1], "texture": "#0"}
			}
		},
		{
			"name": "Cube",
			"from": [7.6, 6.4, 7.2],
			"to": [8.4, 7.4, 8.8],
			"rotation": {"angle": -45, "axis": "y", "origin": [8, 8, 8]},
			"faces": {
				"north": {"uv": [0, 4, 4.2, -0.3], "texture": "#0"},
				"east": {"uv": [0, 4, 3.6, -0.3], "texture": "#0"},
				"south": {"uv": [0, 4, 3.2, -0.3], "texture": "#0"},
				"west": {"uv": [0, 4, 3.6, -0.3], "texture": "#0"},
				"up": {"uv": [0, 2, 0.8, 3.6], "texture": "#0"},
				"down": {"uv": [1, 0, 5.6, 1], "texture": "#0"}
			}
		},
		{
			"name": "Cube",
			"from": [7.3, 7.4, 7.6],
			"to": [8.7, 7.7, 8.4],
			"faces": {
				"north": {"uv": [6, 6, 9.2, 8.7], "texture": "#0"},
				"east": {"uv": [6, 7, 9.6, 9.7], "texture": "#0"},
				"south": {"uv": [8, 11, 11.2, 13.7], "texture": "#0"},
				"west": {"uv": [9, 8, 12.6, 10.7], "texture": "#0"},
				"up": {"uv": [10, 7, 11.4, 7.8], "texture": "#0"},
				"down": {"uv": [14, 7, 15.4, 7.8], "texture": "#0"}
			}
		},
		{
			"name": "Cube",
			"from": [7.6, 7.4, 7.3],
			"to": [8.4, 7.7, 8.7],
			"faces": {
				"north": {"uv": [6, 6, 9.2, 8.7], "texture": "#0"},
				"east": {"uv": [6, 7, 9.6, 9.7], "texture": "#0"},
				"south": {"uv": [8, 11, 11.2, 13.7], "texture": "#0"},
				"west": {"uv": [9, 8, 12.6, 10.7], "texture": "#0"},
				"up": {"uv": [10, 7, 10.8, 8.4], "texture": "#0"},
				"down": {"uv": [14, 7, 14.8, 8.4], "texture": "#0"}
			}
		},
		{
			"name": "Cube",
			"from": [7.8, 7.4, 7.2],
			"to": [8.2, 7.7, 8.8],
			"rotation": {"angle": 45, "axis": "y", "origin": [8, 8, 8]},
			"faces": {
				"north": {"uv": [6, 6, 9.2, 8.7], "texture": "#0"},
				"east": {"uv": [6, 7, 9.6, 9.7], "texture": "#0"},
				"south": {"uv": [8, 11, 11.2, 13.7], "texture": "#0"},
				"west": {"uv": [9, 8, 12.6, 10.7], "texture": "#0"},
				"up": {"uv": [10, 7, 10.4, 8.6], "texture": "#0"},
				"down": {"uv": [14, 7, 14.4, 8.6], "texture": "#0"}
			}
		},
		{
			"name": "Cube",
			"from": [7.8, 7.4, 7.2],
			"to": [8.2, 7.7, 8.8],
			"rotation": {"angle": -45, "axis": "y", "origin": [8, 8, 8]},
			"faces": {
				"north": {"uv": [6, 6, 9.2, 8.7], "texture": "#0"},
				"east": {"uv": [6, 7, 9.6, 9.7], "texture": "#0"},
				"south": {"uv": [8, 11, 11.2, 13.7], "texture": "#0"},
				"west": {"uv": [9, 8, 12.6, 10.7], "texture": "#0"},
				"up": {"uv": [10, 7, 10.4, 8.6], "texture": "#0"},
				"down": {"uv": [14, 7, 14.4, 8.6], "texture": "#0"}
			}
		},
		{
			"name": "Cube",
			"from": [7.8, 7.7, 7.5],
			"to": [8.2, 10.7, 8.5],
			"faces": {
				"north": {"uv": [6, 6, 9.2, 8.7], "texture": "#0"},
				"east": {"uv": [6, 7, 9.6, 9.7], "texture": "#0"},
				"south": {"uv": [8, 11, 11.2, 13.7], "texture": "#0"},
				"west": {"uv": [9, 8, 12.6, 10.7], "texture": "#0"},
				"up": {"uv": [10, 7, 10.4, 8], "texture": "#0"},
				"down": {"uv": [14, 7, 14.4, 8], "texture": "#0"}
			}
		},
		{
			"name": "Cube",
			"from": [7.5, 7.7, 7.8],
			"to": [8.5, 10.7, 8.2],
			"faces": {
				"north": {"uv": [6, 6, 9.2, 8.7], "texture": "#0"},
				"east": {"uv": [6, 7, 9.6, 9.7], "texture": "#0"},
				"south": {"uv": [8, 11, 11.2, 13.7], "texture": "#0"},
				"west": {"uv": [9, 8, 12.6, 10.7], "texture": "#0"},
				"up": {"uv": [10, 7, 11, 7.4], "texture": "#0"},
				"down": {"uv": [14, 7, 15, 7.4], "texture": "#0"}
			}
		},
		{
			"name": "light",
			"from": [7.9, 7.5, 7.5],
			"to": [8.1, 10.9, 7.7],
			"rotation": {"angle": 45, "axis": "y", "origin": [8, 8, 8]},
			"faces": {
				"north": {"uv": [0, 0, 0.2, 3.4], "texture": "#1"},
				"east": {"uv": [0, 0, 0.2, 3.4], "texture": "#1"},
				"south": {"uv": [0, 0, 0.2, 3.4], "texture": "#1"},
				"west": {"uv": [0, 0, 0.2, 3.4], "texture": "#1"},
				"up": {"uv": [0, 0, 0.2, 0.2], "texture": "#1"},
				"down": {"uv": [0, 0, 0.2, 0.2], "texture": "#1"}
			}
		},
		{
			"name": "light",
			"from": [7.9, 7.5, 8.3],
			"to": [8.1, 10.9, 8.5],
			"rotation": {"angle": 45, "axis": "y", "origin": [8, 8, 8]},
			"faces": {
				"north": {"uv": [0, 0, 0.2, 3.4], "texture": "#1"},
				"east": {"uv": [0, 0, 0.2, 3.4], "texture": "#1"},
				"south": {"uv": [0, 0, 0.2, 3.4], "texture": "#1"},
				"west": {"uv": [0, 0, 0.2, 3.4], "texture": "#1"},
				"up": {"uv": [0, 0, 0.2, 0.2], "texture": "#1"},
				"down": {"uv": [0, 0, 0.2, 0.2], "texture": "#1"}
			}
		},
		{
			"name": "light",
			"from": [7.5, 7.5, 7.9],
			"to": [7.7, 10.9, 8.1],
			"rotation": {"angle": 45, "axis": "y", "origin": [8, 8, 8]},
			"faces": {
				"north": {"uv": [0, 5, 0.2, 8.4], "texture": "#1"},
				"east": {"uv": [0, 5, 0.2, 8.4], "texture": "#1"},
				"south": {"uv": [0, 4, 0.2, 7.4], "texture": "#1"},
				"west": {"uv": [0, 0, 0.2, 3.4], "texture": "#1"},
				"up": {"uv": [0, 0, 0.2, 0.2], "texture": "#1"},
				"down": {"uv": [0, 0, 0.2, 0.2], "texture": "#1"}
			}
		},
		{
			"name": "light",
			"from": [8.3, 7.5, 7.9],
			"to": [8.5, 10.9, 8.1],
			"rotation": {"angle": 45, "axis": "y", "origin": [8, 8, 8]},
			"faces": {
				"north": {"uv": [0, 0, 0.2, 3.4], "texture": "#1"},
				"east": {"uv": [0, 0, 0.2, 3.4], "texture": "#1"},
				"south": {"uv": [0, 0, 0.2, 3.4], "texture": "#1"},
				"west": {"uv": [0, 0, 0.2, 3.4], "texture": "#1"},
				"up": {"uv": [0, 0, 0.2, 0.2], "texture": "#1"},
				"down": {"uv": [0, 0, 0.2, 0.2], "texture": "#1"}
			}
		},
		{
			"name": "light",
			"from": [7.9, 8, 7.9],
			"to": [8.1, 11.5, 8.1],
			"faces": {
				"north": {"uv": [0, 0, 0.2, 3.5], "texture": "#1"},
				"east": {"uv": [0, 0, 0.2, 3.5], "texture": "#1"},
				"south": {"uv": [0, 0, 0.2, 3.5], "texture": "#1"},
				"west": {"uv": [0, 0, 0.2, 3.5], "texture": "#1"},
				"up": {"uv": [0, 0, 0.2, 0.2], "texture": "#1"},
				"down": {"uv": [0, 0, 0.2, 0.2], "texture": "#1"}
			}
		},
		{
			"name": "Cube",
			"from": [7.6, 9, 7.3],
			"to": [8.4, 9.3, 8.7],
			"faces": {
				"north": {"uv": [6, 6, 9.2, 8.7], "texture": "#0"},
				"east": {"uv": [6, 7, 9.6, 9.7], "texture": "#0"},
				"south": {"uv": [8, 11, 11.2, 13.7], "texture": "#0"},
				"west": {"uv": [9, 8, 12.6, 10.7], "texture": "#0"},
				"up": {"uv": [10, 7, 10.8, 8.4], "texture": "#0"},
				"down": {"uv": [14, 7, 14.8, 8.4], "texture": "#0"}
			}
		},
		{
			"name": "Cube",
			"from": [7.8, 9, 7.2],
			"to": [8.2, 9.3, 8.8],
			"rotation": {"angle": 45, "axis": "y", "origin": [8, 8, 8]},
			"faces": {
				"north": {"uv": [6, 6, 9.2, 8.7], "texture": "#0"},
				"east": {"uv": [6, 7, 9.6, 9.7], "texture": "#0"},
				"south": {"uv": [8, 11, 11.2, 13.7], "texture": "#0"},
				"west": {"uv": [9, 8, 12.6, 10.7], "texture": "#0"},
				"up": {"uv": [10, 7, 10.4, 8.6], "texture": "#0"},
				"down": {"uv": [14, 7, 14.4, 8.6], "texture": "#0"}
			}
		},
		{
			"name": "Cube",
			"from": [7.8, 9, 7.2],
			"to": [8.2, 9.3, 8.8],
			"rotation": {"angle": -45, "axis": "y", "origin": [8, 8, 8]},
			"faces": {
				"north": {"uv": [6, 6, 9.2, 8.7], "texture": "#0"},
				"east": {"uv": [6, 7, 9.6, 9.7], "texture": "#0"},
				"south": {"uv": [8, 11, 11.2, 13.7], "texture": "#0"},
				"west": {"uv": [9, 8, 12.6, 10.7], "texture": "#0"},
				"up": {"uv": [10, 7, 10.4, 8.6], "texture": "#0"},
				"down": {"uv": [14, 7, 14.4, 8.6], "texture": "#0"}
			}
		},
		{
			"name": "Cube",
			"from": [7.3, 9, 7.6],
			"to": [8.7, 9.3, 8.4],
			"faces": {
				"north": {"uv": [6, 6, 9.2, 8.7], "texture": "#0"},
				"east": {"uv": [6, 7, 9.6, 9.7], "texture": "#0"},
				"south": {"uv": [8, 11, 11.2, 13.7], "texture": "#0"},
				"west": {"uv": [9, 8, 12.6, 10.7], "texture": "#0"},
				"up": {"uv": [10, 7, 11.4, 7.8], "texture": "#0"},
				"down": {"uv": [14, 7, 15.4, 7.8], "texture": "#0"}
			}
		},
		{
			"name": "Cube",
			"from": [7.6, 10.4, 7.3],
			"to": [8.4, 10.7, 8.7],
			"faces": {
				"north": {"uv": [6, 6, 9.2, 8.7], "texture": "#0"},
				"east": {"uv": [6, 7, 9.6, 9.7], "texture": "#0"},
				"south": {"uv": [8, 11, 11.2, 13.7], "texture": "#0"},
				"west": {"uv": [9, 8, 12.6, 10.7], "texture": "#0"},
				"up": {"uv": [10, 7, 10.8, 8.4], "texture": "#0"},
				"down": {"uv": [14, 7, 14.8, 8.4], "texture": "#0"}
			}
		},
		{
			"name": "Cube",
			"from": [7.8, 10.4, 7.2],
			"to": [8.2, 10.7, 8.8],
			"rotation": {"angle": 45, "axis": "y", "origin": [8, 8, 8]},
			"faces": {
				"north": {"uv": [6, 6, 9.2, 8.7], "texture": "#0"},
				"east": {"uv": [6, 7, 9.6, 9.7], "texture": "#0"},
				"south": {"uv": [8, 11, 11.2, 13.7], "texture": "#0"},
				"west": {"uv": [9, 8, 12.6, 10.7], "texture": "#0"},
				"up": {"uv": [10, 7, 10.4, 8.6], "texture": "#0"},
				"down": {"uv": [14, 7, 14.4, 8.6], "texture": "#0"}
			}
		},
		{
			"name": "Cube",
			"from": [7.8, 9, 7.2],
			"to": [8.2, 9.3, 8.8],
			"rotation": {"angle": -45, "axis": "y", "origin": [8, 8, 8]},
			"faces": {
				"north": {"uv": [6, 6, 9.2, 8.7], "texture": "#0"},
				"east": {"uv": [6, 7, 9.6, 9.7], "texture": "#0"},
				"south": {"uv": [8, 11, 11.2, 13.7], "texture": "#0"},
				"west": {"uv": [9, 8, 12.6, 10.7], "texture": "#0"},
				"up": {"uv": [10, 7, 10.4, 8.6], "texture": "#0"},
				"down": {"uv": [14, 7, 14.4, 8.6], "texture": "#0"}
			}
		},
		{
			"name": "Cube",
			"from": [7.3, 10.4, 7.6],
			"to": [8.7, 10.7, 8.4],
			"faces": {
				"north": {"uv": [6, 6, 9.2, 8.7], "texture": "#0"},
				"east": {"uv": [6, 7, 9.6, 9.7], "texture": "#0"},
				"south": {"uv": [8, 11, 11.2, 13.7], "texture": "#0"},
				"west": {"uv": [9, 8, 12.6, 10.7], "texture": "#0"},
				"up": {"uv": [10, 7, 11.4, 7.8], "texture": "#0"},
				"down": {"uv": [14, 7, 15.4, 7.8], "texture": "#0"}
			}
		},
		{
			"name": "Cube",
			"from": [7.8, 9, 7.2],
			"to": [8.2, 9.3, 8.8],
			"rotation": {"angle": -45, "axis": "y", "origin": [8, 8, 8]},
			"faces": {
				"north": {"uv": [6, 6, 9.2, 8.7], "texture": "#0"},
				"east": {"uv": [6, 7, 9.6, 9.7], "texture": "#0"},
				"south": {"uv": [8, 11, 11.2, 13.7], "texture": "#0"},
				"west": {"uv": [9, 8, 12.6, 10.7], "texture": "#0"},
				"up": {"uv": [10, 7, 10.4, 8.6], "texture": "#0"},
				"down": {"uv": [14, 7, 14.4, 8.6], "texture": "#0"}
			}
		},
		{
			"name": "Cube",
			"from": [7.8, 10.4, 7.2],
			"to": [8.2, 10.7, 8.8],
			"rotation": {"angle": -45, "axis": "y", "origin": [8, 8, 8]},
			"faces": {
				"north": {"uv": [6, 6, 9.2, 8.7], "texture": "#0"},
				"east": {"uv": [6, 7, 9.6, 9.7], "texture": "#0"},
				"south": {"uv": [8, 11, 11.2, 13.7], "texture": "#0"},
				"west": {"uv": [9, 8, 12.6, 10.7], "texture": "#0"},
				"up": {"uv": [10, 7, 10.4, 8.6], "texture": "#0"},
				"down": {"uv": [14, 7, 14.4, 8.6], "texture": "#0"}
			}
		},
		{
			"name": "Cube",
			"from": [7.8, 11.1, 7.8],
			"to": [8.2, 11.4, 8.2],
			"faces": {
				"north": {"uv": [6, 6, 9.2, 8.7], "texture": "#0"},
				"east": {"uv": [6, 7, 9.6, 9.7], "texture": "#0"},
				"south": {"uv": [8, 11, 11.2, 13.7], "texture": "#0"},
				"west": {"uv": [9, 8, 12.6, 10.7], "texture": "#0"},
				"up": {"uv": [10, 7, 10.4, 7.4], "texture": "#0"},
				"down": {"uv": [14, 7, 14.4, 7.4], "texture": "#0"}
			}
		},
		{
			"name": "Cube",
			"from": [7.8, 10.5, 7.6],
			"to": [8.2, 11.3, 8],
			"rotation": {"angle": 22.5, "axis": "x", "origin": [8, 11, 8]},
			"faces": {
				"north": {"uv": [6, 6, 9.2, 8.7], "texture": "#0"},
				"east": {"uv": [6, 7, 9.6, 9.7], "texture": "#0"},
				"south": {"uv": [8, 11, 11.2, 13.7], "texture": "#0"},
				"west": {"uv": [9, 8, 12.6, 10.7], "texture": "#0"},
				"up": {"uv": [10, 7, 10.4, 7.4], "texture": "#0"},
				"down": {"uv": [14, 7, 14.4, 7.4], "texture": "#0"}
			}
		},
		{
			"name": "Cube",
			"from": [7.8, 10.5, 8],
			"to": [8.2, 11.3, 8.4],
			"rotation": {"angle": -22.5, "axis": "x", "origin": [8, 11, 8]},
			"faces": {
				"north": {"uv": [6, 6, 9.2, 8.7], "texture": "#0"},
				"east": {"uv": [6, 7, 9.6, 9.7], "texture": "#0"},
				"south": {"uv": [8, 11, 11.2, 13.7], "texture": "#0"},
				"west": {"uv": [9, 8, 12.6, 10.7], "texture": "#0"},
				"up": {"uv": [10, 7, 10.4, 7.4], "texture": "#0"},
				"down": {"uv": [14, 7, 14.4, 7.4], "texture": "#0"}
			}
		},
		{
			"name": "Cube",
			"from": [8, 10.5, 7.8],
			"to": [8.4, 11.3, 8.2],
			"rotation": {"angle": 22.5, "axis": "z", "origin": [8, 11, 8]},
			"faces": {
				"north": {"uv": [6, 6, 9.2, 8.7], "texture": "#0"},
				"east": {"uv": [6, 7, 9.6, 9.7], "texture": "#0"},
				"south": {"uv": [8, 11, 11.2, 13.7], "texture": "#0"},
				"west": {"uv": [9, 8, 12.6, 10.7], "texture": "#0"},
				"up": {"uv": [10, 7, 10.4, 7.4], "texture": "#0"},
				"down": {"uv": [14, 7, 14.4, 7.4], "texture": "#0"}
			}
		},
		{
			"name": "Cube",
			"from": [7.6, 10.5, 7.8],
			"to": [8, 11.3, 8.2],
			"rotation": {"angle": -22.5, "axis": "z", "origin": [8, 11, 8]},
			"faces": {
				"north": {"uv": [6, 6, 9.2, 8.7], "texture": "#0"},
				"east": {"uv": [6, 7, 9.6, 9.7], "texture": "#0"},
				"south": {"uv": [8, 11, 11.2, 13.7], "texture": "#0"},
				"west": {"uv": [9, 8, 12.6, 10.7], "texture": "#0"},
				"up": {"uv": [10, 7, 10.4, 7.4], "texture": "#0"},
				"down": {"uv": [14, 7, 14.4, 7.4], "texture": "#0"}
			}
		},
		{
			"name": "Cube",
			"from": [7.2, 5.4, 7.7],
			"to": [8.8, 6.4, 8.3],
			"faces": {
				"north": {"uv": [0, 4, 3.2, 3.7], "texture": "#0"},
				"east": {"uv": [0, 4, 3.6, 2.7], "texture": "#0"},
				"south": {"uv": [0, 4, 3.2, 3.7], "texture": "#0"},
				"west": {"uv": [0, 4, 3.6, 3.7], "texture": "#0"},
				"up": {"uv": [0, 3, 1.6, 3.6], "texture": "#0"},
				"down": {"uv": [2, 3, 3.6, 3.6], "texture": "#0"}
			}
		},
		{
			"name": "Cube",
			"from": [7, 5.9, 7.7],
			"to": [9, 6.4, 8.3],
			"faces": {
				"north": {"uv": [0, 4, 3.2, 3.7], "texture": "#0"},
				"east": {"uv": [0, 4, 3.6, 2.7], "texture": "#0"},
				"south": {"uv": [0, 4, 3.2, 3.7], "texture": "#0"},
				"west": {"uv": [0, 4, 3.6, 3.7], "texture": "#0"},
				"up": {"uv": [0, 3, 2, 3.6], "texture": "#0"},
				"down": {"uv": [1, 3, 3, 3.6], "texture": "#0"}
			}
		},
		{
			"name": "Cube",
			"from": [8.8, 5.9, 7.7],
			"to": [9.3, 6.4, 8.2],
			"faces": {
				"north": {"uv": [0, 4, 3.2, 3.7], "texture": "#0"},
				"east": {"uv": [0, 4, 3.6, 2.7], "texture": "#0"},
				"south": {"uv": [0, 4, 3.2, 3.7], "texture": "#0"},
				"west": {"uv": [0, 4, 3.6, 3.7], "texture": "#0"},
				"up": {"uv": [0, 3, 0.5, 3.5], "texture": "#0"},
				"down": {"uv": [1, 3, 1.5, 3.5], "texture": "#0"}
			}
		},
		{
			"name": "Cube",
			"from": [9.6, 6.3, 7.7],
			"to": [10, 7.3, 8.1],
			"rotation": {"angle": -22.5, "axis": "z", "origin": [8, 8, 8]},
			"faces": {
				"north": {"uv": [0, 4, 3.2, 3.7], "texture": "#0"},
				"east": {"uv": [0, 4, 3.6, 2.7], "texture": "#0"},
				"south": {"uv": [0, 4, 3.2, 3.7], "texture": "#0"},
				"west": {"uv": [0, 4, 3.6, 3.7], "texture": "#0"},
				"up": {"uv": [0, 3, 0.4, 3.4], "texture": "#0"},
				"down": {"uv": [1, 3, 1.4, 3.4], "texture": "#0"}
			}
		},
		{
			"name": "Cube",
			"from": [9.2, 6.6, 7.7],
			"to": [9.6, 7.3, 8.1],
			"faces": {
				"north": {"uv": [0, 4, 3.2, 3.7], "texture": "#0"},
				"east": {"uv": [0, 4, 3.6, 2.7], "texture": "#0"},
				"south": {"uv": [0, 4, 3.2, 3.7], "texture": "#0"},
				"west": {"uv": [0, 4, 3.6, 3.7], "texture": "#0"},
				"up": {"uv": [0, 3, 0.4, 3.4], "texture": "#0"},
				"down": {"uv": [1, 3, 1.4, 3.4], "texture": "#0"}
			}
		},
		{
			"name": "Cube",
			"from": [8.2, 6.4, 7.7],
			"to": [8.6, 7.4, 8.1],
			"rotation": {"angle": 45, "axis": "z", "origin": [8, 8, 8]},
			"faces": {
				"north": {"uv": [0, 4, 3.2, 3.7], "texture": "#0"},
				"east": {"uv": [0, 4, 3.6, 2.7], "texture": "#0"},
				"south": {"uv": [0, 4, 3.2, 3.7], "texture": "#0"},
				"west": {"uv": [0, 4, 3.6, 3.7], "texture": "#0"},
				"up": {"uv": [0, 3, 0.4, 3.4], "texture": "#0"},
				"down": {"uv": [1, 3, 1.4, 3.4], "texture": "#0"}
			}
		},
		{
			"name": "Cube",
			"from": [7.4, 6.4, 7.7],
			"to": [7.8, 7.4, 8.1],
			"rotation": {"angle": -45, "axis": "z", "origin": [8, 8, 8]},
			"faces": {
				"north": {"uv": [0, 4, 3.2, 3.7], "texture": "#0"},
				"east": {"uv": [0, 4, 3.6, 2.7], "texture": "#0"},
				"south": {"uv": [0, 4, 3.2, 3.7], "texture": "#0"},
				"west": {"uv": [0, 4, 3.6, 3.7], "texture": "#0"},
				"up": {"uv": [0, 3, 0.4, 3.4], "texture": "#0"},
				"down": {"uv": [1, 3, 1.4, 3.4], "texture": "#0"}
			}
		},
		{
			"name": "Cube",
			"from": [6.4, 6.6, 7.7],
			"to": [6.8, 7.3, 8.1],
			"faces": {
				"north": {"uv": [0, 4, 3.2, 3.7], "texture": "#0"},
				"east": {"uv": [0, 4, 3.6, 2.7], "texture": "#0"},
				"south": {"uv": [0, 4, 3.2, 3.7], "texture": "#0"},
				"west": {"uv": [0, 4, 3.6, 3.7], "texture": "#0"},
				"up": {"uv": [0, 3, 0.4, 3.4], "texture": "#0"},
				"down": {"uv": [1, 3, 1.4, 3.4], "texture": "#0"}
			}
		},
		{
			"name": "Cube",
			"from": [6, 6.3, 7.7],
			"to": [6.4, 7.3, 8.1],
			"rotation": {"angle": 22.5, "axis": "z", "origin": [8, 8, 8]},
			"faces": {
				"north": {"uv": [0, 4, 3.2, 3.7], "texture": "#0"},
				"east": {"uv": [0, 4, 3.6, 2.7], "texture": "#0"},
				"south": {"uv": [0, 4, 3.2, 3.7], "texture": "#0"},
				"west": {"uv": [0, 4, 3.6, 3.7], "texture": "#0"},
				"up": {"uv": [0, 3, 0.4, 3.4], "texture": "#0"},
				"down": {"uv": [1, 3, 1.4, 3.4], "texture": "#0"}
			}
		}
	],
	"display": {
		"thirdperson_righthand": {
			"translation": [0, 4, 1.5]
		},
		"thirdperson_lefthand": {
			"translation": [0, 4, 1.5]
		},
		"firstperson_righthand": {
			"rotation": [-40, 0, 0],
			"translation": [-1, 6, -1]
		},
		"firstperson_lefthand": {
			"rotation": [-40, 0, 0],
			"translation": [-1, 6, -1]
		},
		"ground": {
			"rotation": [80, 0, 0],
			"translation": [0, 1, 0]
		},
		"gui": {
			"rotation": [30, 50, -75],
			"translation": [3, 3, 0],
			"scale": [1.5, 1.5, 1.5]
		},
		"fixed": {
			"translation": [0, 8, 0],
			"scale": [2, 2, 2]
		}
	}
}