{
	"credit": "Made with Blockbench",
	"textures": {
		"0": "tardis:item/sonic/war",
		"1": "tardis:item/sonic/red_glass"
	},
	"elements": [
		{
			"name": "Cube",
			"from": [7.5, 0.7, 7.5],
			"to": [8.5, 1.7, 8.5],
			"faces": {
				"north": {"uv": [10, 0, 12, 2.5], "texture": "#0"},
				"east": {"uv": [9, 0, 13, 2.5], "texture": "#0"},
				"south": {"uv": [9, 0, 13, 2.5], "texture": "#0"},
				"west": {"uv": [9, 0, 13, 2.5], "texture": "#0"},
				"up": {"uv": [0, 0, 1, 1], "texture": "#0"},
				"down": {"uv": [9, 0, 12, 1], "texture": "#0"}
			}
		},
		{
			"name": "Cube",
			"from": [7.6, 0.5, 7.6],
			"to": [8.4, 0.6, 8.4],
			"faces": {
				"north": {"uv": [11, 8, 11.8, 8.1], "texture": "#0"},
				"east": {"uv": [11, 9, 11.8, 9.1], "texture": "#0"},
				"south": {"uv": [10, 9, 10.8, 9.1], "texture": "#0"},
				"west": {"uv": [10, 8, 10.8, 8.1], "texture": "#0"},
				"up": {"uv": [10, 9, 10.8, 9.8], "texture": "#0"},
				"down": {"uv": [10, 9, 10.8, 9.8], "texture": "#0"}
			}
		},
		{
			"name": "Cube",
			"from": [7.8, 0, 7.8],
			"to": [8.2, 0.5, 8.2],
			"faces": {
				"north": {"uv": [10, 8, 10.4, 8.5], "texture": "#0"},
				"east": {"uv": [10, 8, 10.4, 8.5], "texture": "#0"},
				"south": {"uv": [11, 8, 11.4, 8.5], "texture": "#0"},
				"west": {"uv": [10, 7, 10.4, 7.5], "texture": "#0"},
				"up": {"uv": [10, 8, 10.4, 8.4], "texture": "#0"},
				"down": {"uv": [11, 8, 11.4, 8.4], "texture": "#0"}
			}
		},
		{
			"name": "Cube",
			"from": [7.7, 0.1, 7.7],
			"to": [8.3, 0.6, 8.3],
			"faces": {
				"north": {"uv": [9, 6, 9.6, 6.5], "texture": "#0"},
				"east": {"uv": [11, 8, 11.6, 8.5], "texture": "#0"},
				"south": {"uv": [10, 8, 10.6, 8.5], "texture": "#0"},
				"west": {"uv": [10, 8, 10.6, 8.5], "texture": "#0"},
				"up": {"uv": [11, 7, 11.6, 7.6], "texture": "#0"},
				"down": {"uv": [9, 7, 9.6, 7.6], "texture": "#0"}
			}
		},
		{
			"name": "Cube",
			"from": [7.5, 1.5, 7.5],
			"to": [8.5, 2.5, 8.5],
			"faces": {
				"north": {"uv": [9, 0, 12, 0.5], "texture": "#0"},
				"east": {"uv": [9, 0, 11, 0.5], "texture": "#0"},
				"south": {"uv": [9, 0, 12, 0.5], "texture": "#0"},
				"west": {"uv": [9, 0, 12, 0.5], "texture": "#0"},
				"up": {"uv": [0, 0, 1, 1], "texture": "#0"},
				"down": {"uv": [9, 0, 13, 1], "texture": "#0"}
			}
		},
		{
			"name": "Cube",
			"from": [7.7, 2, 7.7],
			"to": [8.3, 3.8, 8.3],
			"faces": {
				"north": {"uv": [5, 0, 5.6, 4.8], "texture": "#0"},
				"east": {"uv": [5, 0, 5.6, 4.8], "texture": "#0"},
				"south": {"uv": [7, 0, 7.6, 4.8], "texture": "#0"},
				"west": {"uv": [6, 0, 6.6, 4.8], "texture": "#0"},
				"up": {"uv": [7, 0, 7.6, 4.6], "texture": "#0"},
				"down": {"uv": [5, 3, 5.6, 3.6], "texture": "#0"}
			}
		},
		{
			"name": "Cube",
			"from": [7.5, 0.6, 7.5],
			"to": [8.5, 0.9, 8.5],
			"faces": {
				"north": {"uv": [10, 0, 12, 0.5], "texture": "#0"},
				"east": {"uv": [9, 0, 13, 0.5], "texture": "#0"},
				"south": {"uv": [9, 0, 13, 0.5], "texture": "#0"},
				"west": {"uv": [9, 0, 13, 0.5], "texture": "#0"},
				"up": {"uv": [9, 0, 10, 1], "texture": "#0"},
				"down": {"uv": [9, 0, 12, 1], "texture": "#0"}
			}
		},
		{
			"name": "Cube",
			"from": [7.6, 2.5, 7.6],
			"to": [8.4, 3, 8.4],
			"faces": {
				"north": {"uv": [10, 0, 12, 0.5], "texture": "#0"},
				"east": {"uv": [9, 0, 13, 0.5], "texture": "#0"},
				"south": {"uv": [9, 0, 13, 0.5], "texture": "#0"},
				"west": {"uv": [9, 0, 13, 0.5], "texture": "#0"},
				"up": {"uv": [9, 0, 9.8, 0.8], "texture": "#0"},
				"down": {"uv": [9, 0, 12, 1], "texture": "#0"}
			}
		},
		{
			"name": "Cube",
			"from": [7.6, 3.1, 7.6],
			"to": [8.4, 3.6, 8.4],
			"faces": {
				"north": {"uv": [10, 0, 12, 0.5], "texture": "#0"},
				"east": {"uv": [9, 0, 13, 0.5], "texture": "#0"},
				"south": {"uv": [9, 0, 13, 0.5], "texture": "#0"},
				"west": {"uv": [9, 0, 13, 0.5], "texture": "#0"},
				"up": {"uv": [9, 0, 9.8, 0.8], "texture": "#0"},
				"down": {"uv": [9, 0, 12, 1], "texture": "#0"}
			}
		},
		{
			"name": "Cube",
			"from": [7.6, 3.7, 7.6],
			"to": [8.4, 4.2, 8.4],
			"faces": {
				"north": {"uv": [10, 0, 12, 0.5], "texture": "#0"},
				"east": {"uv": [9, 0, 13, 0.5], "texture": "#0"},
				"south": {"uv": [9, 0, 13, 0.5], "texture": "#0"},
				"west": {"uv": [9, 0, 13, 0.5], "texture": "#0"},
				"up": {"uv": [9, 0, 9.8, 0.8], "texture": "#0"},
				"down": {"uv": [9, 0, 12, 1], "texture": "#0"}
			}
		},
		{
			"name": "Cube",
			"from": [7.7, 4.2, 7.7],
			"to": [8.3, 5.8, 8.3],
			"faces": {
				"north": {"uv": [10, 0, 12, 0.5], "texture": "#0"},
				"east": {"uv": [9, 0, 13, 0.5], "texture": "#0"},
				"south": {"uv": [9, 0, 13, 0.5], "texture": "#0"},
				"west": {"uv": [9, 0, 13, 0.5], "texture": "#0"},
				"up": {"uv": [9, 0, 9.6, 0.6], "texture": "#0"},
				"down": {"uv": [9, 0, 12, 1], "texture": "#0"}
			}
		},
		{
			"name": "Cube",
			"from": [7.8, 5.8, 7.8],
			"to": [8.2, 7.4, 8.2],
			"faces": {
				"north": {"uv": [5, 0, 5.6, 4.8], "texture": "#0"},
				"east": {"uv": [5, 0, 5.6, 4.8], "texture": "#0"},
				"south": {"uv": [7, 0, 7.6, 4.8], "texture": "#0"},
				"west": {"uv": [6, 0, 6.6, 4.8], "texture": "#0"},
				"up": {"uv": [7, 0, 7.6, 4.6], "texture": "#0"},
				"down": {"uv": [5, 3, 5.4, 3.4], "texture": "#0"}
			}
		},
		{
			"name": "Cube",
			"from": [7.6, 4.7, 7.6],
			"to": [8.4, 5.5, 8.4],
			"faces": {
				"north": {"uv": [10, 0, 12, 0.5], "texture": "#0"},
				"east": {"uv": [9, 0, 13, 0.5], "texture": "#0"},
				"south": {"uv": [9, 0, 13, 0.5], "texture": "#0"},
				"west": {"uv": [9, 0, 13, 0.5], "texture": "#0"},
				"up": {"uv": [9, 0, 9.8, 0.8], "texture": "#0"},
				"down": {"uv": [9, 0, 12, 1], "texture": "#0"}
			}
		},
		{
			"name": "Cube",
			"from": [7.7, 6.6, 7.7],
			"to": [8.3, 7.2, 8.3],
			"faces": {
				"north": {"uv": [10, 0, 12, 0.5], "texture": "#0"},
				"east": {"uv": [9, 0, 13, 0.5], "texture": "#0"},
				"south": {"uv": [9, 0, 13, 0.5], "texture": "#0"},
				"west": {"uv": [9, 0, 13, 0.5], "texture": "#0"},
				"up": {"uv": [9, 0, 9.6, 0.6], "texture": "#0"},
				"down": {"uv": [9, 0, 12, 1], "texture": "#0"}
			}
		},
		{
			"name": "Cube",
			"from": [7.9, 7.1, 7.9],
			"to": [8.1, 7.6, 8.1],
			"faces": {
				"north": {"uv": [10, 8, 10.2, 8.5], "texture": "#1"},
				"east": {"uv": [10, 8, 10.2, 8.5], "texture": "#1"},
				"south": {"uv": [11, 8, 11.2, 8.5], "texture": "#1"},
				"west": {"uv": [10, 7, 10.2, 7.5], "texture": "#1"},
				"up": {"uv": [10, 8, 10.2, 8.2], "texture": "#1"},
				"down": {"uv": [11, 8, 11.2, 8.2], "texture": "#1"}
			}
		}
	],
	"display": {
		"thirdperson_righthand": {
			"translation": [0, 8, 1.5],
			"scale": [1.5, 1.5, 1.5]
		},
		"thirdperson_lefthand": {
			"translation": [0, 8, 1.5],
			"scale": [1.5, 1.5, 1.5]
		},
		"firstperson_righthand": {
			"rotation": [-40, 0, 0],
			"translation": [-1, 9, -1],
			"scale": [1.5, 1.5, 1.5]
		},
		"firstperson_lefthand": {
			"rotation": [-40, 0, 0],
			"translation": [-1, 9, -1],
			"scale": [1.5, 1.5, 1.5]
		},
		"ground": {
			"rotation": [80, 0, 0],
			"translation": [0, 1, 0]
		},
		"gui": {
			"rotation": [30, 50, -75],
			"translation": [6.5, 6.5, 0],
			"scale": [2.5, 2.5, 2.5]
		},
		"fixed": {
			"translation": [0, 8, 0],
			"scale": [2, 2, 2]
		}
	}
}