{
	"credit": "Made with Blockbench",
	"textures": {
		"2": "tardis:item/time_rotor/engine_base"
	},
	"elements": [
		{
			"name": "top",
			"from": [0, 0, 0],
			"to": [16, 2, 16],
			"rotation": {"angle": 0, "axis": "y", "origin": [0, 16, 0]},
			"faces": {
				"north": {"uv": [0, 8, 8, 9], "texture": "#2"},
				"east": {"uv": [0, 9, 8, 10], "texture": "#2"},
				"south": {"uv": [0, 10, 8, 11], "texture": "#2"},
				"west": {"uv": [0, 11, 8, 12], "texture": "#2"},
				"up": {"uv": [0, 8, 8, 16], "texture": "#2"},
				"down": {"uv": [0, 8, 8, 16], "texture": "#2"}
			}
		},
		{
			"from": [6, 25, 6],
			"to": [10, 30, 10],
			"rotation": {"angle": 0, "axis": "y", "origin": [7, 16, 0]},
			"faces": {
				"north": {"uv": [9.625, 9.5, 11.625, 12], "texture": "#2"},
				"east": {"uv": [11.625, 9.5, 13.625, 12], "texture": "#2"},
				"south": {"uv": [9.625, 12, 11.625, 14.5], "texture": "#2"},
				"west": {"uv": [11.625, 12, 13.625, 14.5], "texture": "#2"},
				"down": {"uv": [12, 12, 14, 14], "texture": "#2"}
			}
		},
		{
			"from": [11, 2, 6],
			"to": [15, 4, 10],
			"rotation": {"angle": 0, "axis": "y", "origin": [7, 16, 0]},
			"faces": {
				"north": {"uv": [11.4375, 9.375, 13.4375, 10.375], "texture": "#2"},
				"east": {"uv": [11.4375, 10.4375, 13.4375, 11.4375], "texture": "#2"},
				"south": {"uv": [11.4375, 11.5625, 13.4375, 12.5625], "texture": "#2"},
				"west": {"uv": [11.4375, 12.6875, 13.4375, 13.6875], "texture": "#2"},
				"up": {"uv": [11, 11.9375, 13, 13.9375], "texture": "#2"}
			}
		},
		{
			"from": [11, 2, 1],
			"to": [15, 4, 5],
			"rotation": {"angle": 0, "axis": "y", "origin": [7, 16, 0]},
			"faces": {
				"north": {"uv": [12.375, 10.75, 14.375, 11.75], "texture": "#2"},
				"east": {"uv": [9.4375, 11.4375, 11.4375, 12.4375], "texture": "#2"},
				"south": {"uv": [12.6875, 12.6875, 14.6875, 13.6875], "texture": "#2"},
				"west": {"uv": [10.125, 13.4375, 12.125, 14.4375], "texture": "#2"},
				"up": {"uv": [9.375, 9.3125, 11.375, 11.3125], "texture": "#2"}
			}
		},
		{
			"from": [11, 2, 11],
			"to": [15, 4, 15],
			"rotation": {"angle": 0, "axis": "y", "origin": [7, 16, 16]},
			"faces": {
				"north": {"uv": [9.8125, 10.9375, 11.8125, 11.9375], "texture": "#2"},
				"east": {"uv": [10.75, 9.1875, 12.75, 10.1875], "texture": "#2"},
				"south": {"uv": [12.4375, 13.5625, 14.4375, 14.5625], "texture": "#2"},
				"west": {"uv": [9.625, 11.9375, 11.625, 12.9375], "texture": "#2"},
				"up": {"uv": [12.0625, 10.875, 14.0625, 12.875], "texture": "#2"}
			}
		},
		{
			"from": [6, 2, 11],
			"to": [10, 4, 15],
			"rotation": {"angle": 0, "axis": "y", "origin": [7, 16, 16]},
			"faces": {
				"north": {"uv": [12.375, 10.75, 14.375, 11.75], "texture": "#2"},
				"east": {"uv": [9.4375, 11.4375, 11.4375, 12.4375], "texture": "#2"},
				"south": {"uv": [12.6875, 12.6875, 14.6875, 13.6875], "texture": "#2"},
				"west": {"uv": [10.125, 13.4375, 12.125, 14.4375], "texture": "#2"},
				"up": {"uv": [9.375, 9.3125, 11.375, 11.3125], "texture": "#2"}
			}
		},
		{
			"from": [1, 2, 11],
			"to": [5, 4, 15],
			"rotation": {"angle": 0, "axis": "y", "origin": [9, 16, 16]},
			"faces": {
				"north": {"uv": [11.4375, 9.375, 13.4375, 10.375], "texture": "#2"},
				"east": {"uv": [11.4375, 10.4375, 13.4375, 11.4375], "texture": "#2"},
				"south": {"uv": [11.4375, 11.5625, 13.4375, 12.5625], "texture": "#2"},
				"west": {"uv": [11.4375, 12.6875, 13.4375, 13.6875], "texture": "#2"},
				"up": {"uv": [9.375, 9.3125, 11.375, 11.3125], "texture": "#2"}
			}
		},
		{
			"from": [6, 2, 1],
			"to": [10, 4, 5],
			"rotation": {"angle": 0, "axis": "y", "origin": [7, 16, 0]},
			"faces": {
				"north": {"uv": [11.4375, 9.375, 13.4375, 10.375], "texture": "#2"},
				"east": {"uv": [11.4375, 10.4375, 13.4375, 11.4375], "texture": "#2"},
				"south": {"uv": [11.4375, 11.5625, 13.4375, 12.5625], "texture": "#2"},
				"west": {"uv": [11.4375, 12.6875, 13.4375, 13.6875], "texture": "#2"},
				"up": {"uv": [11, 11.9375, 13, 13.9375], "texture": "#2"}
			}
		},
		{
			"from": [6, 2, 6],
			"to": [10, 4, 10],
			"rotation": {"angle": 0, "axis": "y", "origin": [7, 16, 0]},
			"faces": {
				"north": {"uv": [12.375, 10.75, 14.375, 11.75], "texture": "#2"},
				"east": {"uv": [9.4375, 11.4375, 11.4375, 12.4375], "texture": "#2"},
				"south": {"uv": [12.6875, 12.6875, 14.6875, 13.6875], "texture": "#2"},
				"west": {"uv": [10.125, 13.4375, 12.125, 14.4375], "texture": "#2"},
				"up": {"uv": [9.375, 9.3125, 11.375, 11.3125], "texture": "#2"}
			}
		},
		{
			"from": [1, 2, 1],
			"to": [5, 4, 5],
			"rotation": {"angle": 0, "axis": "y", "origin": [9, 16, 0]},
			"faces": {
				"north": {"uv": [9.8125, 10.9375, 11.8125, 11.9375], "texture": "#2"},
				"east": {"uv": [10.75, 9.1875, 12.75, 10.1875], "texture": "#2"},
				"south": {"uv": [12.4375, 13.5625, 14.4375, 14.5625], "texture": "#2"},
				"west": {"uv": [9.625, 11.9375, 11.625, 12.9375], "texture": "#2"},
				"up": {"uv": [12.0625, 10.875, 14.0625, 12.875], "texture": "#2"}
			}
		},
		{
			"from": [1, 2, 6],
			"to": [5, 4, 10],
			"rotation": {"angle": 0, "axis": "y", "origin": [9, 16, 0]},
			"faces": {
				"north": {"uv": [12.375, 10.75, 14.375, 11.75], "texture": "#2"},
				"east": {"uv": [9.4375, 11.4375, 11.4375, 12.4375], "texture": "#2"},
				"south": {"uv": [12.6875, 12.6875, 14.6875, 13.6875], "texture": "#2"},
				"west": {"uv": [10.125, 13.4375, 12.125, 14.4375], "texture": "#2"},
				"up": {"uv": [9.375, 9.3125, 11.375, 11.3125], "texture": "#2"}
			}
		},
		{
			"from": [7, 2, 12],
			"to": [9, 28, 14],
			"rotation": {"angle": 0, "axis": "y", "origin": [7, 16, 16]},
			"faces": {
				"north": {"uv": [0, 0, 1, 8], "texture": "#2"},
				"east": {"uv": [1, 0, 2, 8], "texture": "#2"},
				"south": {"uv": [2, 0, 3, 8], "texture": "#2"},
				"west": {"uv": [3, 0, 4, 8], "texture": "#2"},
				"up": {"uv": [4, 0, 5, 1], "texture": "#2"}
			}
		},
		{
			"from": [7, 2, 7],
			"to": [9, 30, 9],
			"rotation": {"angle": 0, "axis": "y", "origin": [7, 16, 0]},
			"faces": {
				"north": {"uv": [0, 0, 1, 8], "texture": "#2"},
				"east": {"uv": [1, 0, 2, 8], "texture": "#2"},
				"south": {"uv": [2, 0, 3, 8], "texture": "#2"},
				"west": {"uv": [3, 0, 4, 8], "texture": "#2"}
			}
		},
		{
			"from": [12, 2, 7],
			"to": [14, 28, 9],
			"rotation": {"angle": 0, "axis": "y", "origin": [7, 16, 0]},
			"faces": {
				"north": {"uv": [0, 0, 1, 8], "texture": "#2"},
				"east": {"uv": [1, 0, 2, 8], "texture": "#2"},
				"south": {"uv": [2, 0, 3, 8], "texture": "#2"},
				"west": {"uv": [3, 0, 4, 8], "texture": "#2"},
				"up": {"uv": [4, 0, 5, 1], "texture": "#2"}
			}
		},
		{
			"from": [2, 2, 7],
			"to": [4, 28, 9],
			"rotation": {"angle": 0, "axis": "y", "origin": [9, 16, 0]},
			"faces": {
				"north": {"uv": [0, 0, 1, 8], "texture": "#2"},
				"east": {"uv": [1, 0, 2, 8], "texture": "#2"},
				"south": {"uv": [2, 0, 3, 8], "texture": "#2"},
				"west": {"uv": [3, 0, 4, 8], "texture": "#2"},
				"up": {"uv": [4, 0, 5, 1], "texture": "#2"}
			}
		},
		{
			"from": [7, 2, 2],
			"to": [9, 28, 4],
			"rotation": {"angle": 0, "axis": "y", "origin": [7, 16, 0]},
			"faces": {
				"north": {"uv": [0, 0, 1, 8], "texture": "#2"},
				"east": {"uv": [1, 0, 2, 8], "texture": "#2"},
				"south": {"uv": [2, 0, 3, 8], "texture": "#2"},
				"west": {"uv": [3, 0, 4, 8], "texture": "#2"},
				"up": {"uv": [4, 0, 5, 1], "texture": "#2"}
			}
		},
		{
			"from": [4, 16, 2],
			"to": [7, 18, 4],
			"rotation": {"angle": 0, "axis": "y", "origin": [7, 16, 0]},
			"faces": {
				"north": {"uv": [0, 0, 1, 8], "texture": "#2"},
				"south": {"uv": [2, 0, 3, 8], "texture": "#2"},
				"up": {"uv": [4, 0, 5, 1], "texture": "#2"},
				"down": {"uv": [5, 0, 6, 1], "texture": "#2"}
			}
		},
		{
			"from": [9, 16, 2],
			"to": [12, 18, 4],
			"rotation": {"angle": 0, "axis": "y", "origin": [9, 16, 0]},
			"faces": {
				"north": {"uv": [0, 0, 1, 8], "texture": "#2"},
				"south": {"uv": [2, 0, 3, 8], "texture": "#2"},
				"up": {"uv": [4, 0, 5, 1], "texture": "#2"},
				"down": {"uv": [5, 0, 6, 1], "texture": "#2"}
			}
		},
		{
			"from": [9, 16, 12],
			"to": [12, 18, 14],
			"rotation": {"angle": 0, "axis": "y", "origin": [9, 16, 16]},
			"faces": {
				"north": {"uv": [0, 0, 1, 8], "texture": "#2"},
				"south": {"uv": [2, 0, 3, 8], "texture": "#2"},
				"up": {"uv": [4, 0, 5, 1], "texture": "#2"},
				"down": {"uv": [5, 0, 6, 1], "texture": "#2"}
			}
		},
		{
			"from": [4, 16, 12],
			"to": [7, 18, 14],
			"rotation": {"angle": 0, "axis": "y", "origin": [7, 16, 16]},
			"faces": {
				"north": {"uv": [0, 0, 1, 8], "texture": "#2"},
				"south": {"uv": [2, 0, 3, 8], "texture": "#2"},
				"up": {"uv": [4, 0, 5, 1], "texture": "#2"},
				"down": {"uv": [5, 0, 6, 1], "texture": "#2"}
			}
		},
		{
			"from": [2, 16, 9],
			"to": [4, 18, 12],
			"rotation": {"angle": 0, "axis": "y", "origin": [8, 1, 8]},
			"faces": {
				"east": {"uv": [1, 0, 2, 8], "texture": "#2"},
				"west": {"uv": [3, 0, 4, 8], "texture": "#2"},
				"up": {"uv": [4, 0, 5, 1], "rotation": 270, "texture": "#2"},
				"down": {"uv": [5, 0, 6, 1], "rotation": 90, "texture": "#2"}
			}
		},
		{
			"from": [2, 16, 4],
			"to": [4, 18, 7],
			"rotation": {"angle": 0, "axis": "y", "origin": [8, 1, 8]},
			"faces": {
				"east": {"uv": [1, 0, 2, 8], "texture": "#2"},
				"west": {"uv": [3, 0, 4, 8], "texture": "#2"},
				"up": {"uv": [4, 0, 5, 1], "rotation": 270, "texture": "#2"},
				"down": {"uv": [5, 0, 6, 1], "rotation": 90, "texture": "#2"}
			}
		},
		{
			"from": [12, 16, 9],
			"to": [14, 18, 12],
			"rotation": {"angle": 0, "axis": "y", "origin": [8, 1, 8]},
			"faces": {
				"east": {"uv": [1, 0, 2, 8], "texture": "#2"},
				"west": {"uv": [3, 0, 4, 8], "texture": "#2"},
				"up": {"uv": [4, 0, 5, 1], "rotation": 270, "texture": "#2"},
				"down": {"uv": [5, 0, 6, 1], "rotation": 90, "texture": "#2"}
			}
		},
		{
			"from": [12, 16, 4],
			"to": [14, 18, 7],
			"rotation": {"angle": 0, "axis": "y", "origin": [8, 1, 8]},
			"faces": {
				"east": {"uv": [1, 0, 2, 8], "texture": "#2"},
				"west": {"uv": [3, 0, 4, 8], "texture": "#2"},
				"up": {"uv": [4, 0, 5, 1], "rotation": 270, "texture": "#2"},
				"down": {"uv": [5, 0, 6, 1], "rotation": 90, "texture": "#2"}
			}
		},
		{
			"from": [7, 26, 4],
			"to": [9, 28, 6],
			"rotation": {"angle": 0, "axis": "y", "origin": [8, 1, 8]},
			"faces": {
				"east": {"uv": [1, 0, 2, 8], "texture": "#2"},
				"west": {"uv": [3, 0, 4, 8], "texture": "#2"},
				"up": {"uv": [4, 0, 5, 1], "rotation": 270, "texture": "#2"},
				"down": {"uv": [5, 0, 6, 1], "rotation": 90, "texture": "#2"}
			}
		},
		{
			"from": [7, 26, 10],
			"to": [9, 28, 12],
			"rotation": {"angle": 0, "axis": "y", "origin": [8, 1, 8]},
			"faces": {
				"east": {"uv": [1, 0, 2, 8], "texture": "#2"},
				"west": {"uv": [3, 0, 4, 8], "texture": "#2"},
				"up": {"uv": [4, 0, 5, 1], "rotation": 270, "texture": "#2"},
				"down": {"uv": [5, 0, 6, 1], "rotation": 90, "texture": "#2"}
			}
		},
		{
			"from": [10, 26, 7],
			"to": [12, 28, 9],
			"rotation": {"angle": 0, "axis": "y", "origin": [8, 1, 8]},
			"faces": {
				"north": {"uv": [0, 0, 1, 8], "texture": "#2"},
				"south": {"uv": [2, 0, 3, 8], "texture": "#2"},
				"up": {"uv": [4, 0, 5, 1], "texture": "#2"},
				"down": {"uv": [5, 0, 6, 1], "texture": "#2"}
			}
		},
		{
			"from": [4, 26, 7],
			"to": [6, 28, 9],
			"rotation": {"angle": 0, "axis": "y", "origin": [8, 1, 8]},
			"faces": {
				"north": {"uv": [0, 0, 1, 8], "texture": "#2"},
				"south": {"uv": [2, 0, 3, 8], "texture": "#2"},
				"up": {"uv": [4, 0, 5, 1], "texture": "#2"},
				"down": {"uv": [5, 0, 6, 1], "texture": "#2"}
			}
		},
		{
			"from": [12, 2, 12],
			"to": [14, 18, 14],
			"rotation": {"angle": 0, "axis": "y", "origin": [7, 16, 16]},
			"faces": {
				"north": {"uv": [0, 0, 1, 8], "texture": "#2"},
				"east": {"uv": [1, 0, 2, 8], "texture": "#2"},
				"south": {"uv": [2, 0, 3, 8], "texture": "#2"},
				"west": {"uv": [3, 0, 4, 8], "texture": "#2"},
				"up": {"uv": [4, 0, 5, 1], "texture": "#2"}
			}
		},
		{
			"from": [2, 2, 12],
			"to": [4, 18, 14],
			"rotation": {"angle": 0, "axis": "y", "origin": [9, 16, 16]},
			"faces": {
				"north": {"uv": [0, 0, 1, 8], "texture": "#2"},
				"east": {"uv": [1, 0, 2, 8], "texture": "#2"},
				"south": {"uv": [2, 0, 3, 8], "texture": "#2"},
				"west": {"uv": [3, 0, 4, 8], "texture": "#2"},
				"up": {"uv": [4, 0, 5, 1], "texture": "#2"}
			}
		},
		{
			"from": [2, 2, 2],
			"to": [4, 18, 4],
			"rotation": {"angle": 0, "axis": "y", "origin": [9, 16, 0]},
			"faces": {
				"north": {"uv": [0, 0, 1, 8], "texture": "#2"},
				"east": {"uv": [1, 0, 2, 8], "texture": "#2"},
				"south": {"uv": [2, 0, 3, 8], "texture": "#2"},
				"west": {"uv": [3, 0, 4, 8], "texture": "#2"},
				"up": {"uv": [4, 0, 5, 1], "texture": "#2"}
			}
		},
		{
			"from": [12, 2, 2],
			"to": [14, 18, 4],
			"rotation": {"angle": 0, "axis": "y", "origin": [7, 16, 0]},
			"faces": {
				"north": {"uv": [0, 0, 1, 8], "texture": "#2"},
				"east": {"uv": [1, 0, 2, 8], "texture": "#2"},
				"south": {"uv": [2, 0, 3, 8], "texture": "#2"},
				"west": {"uv": [3, 0, 4, 8], "texture": "#2"},
				"up": {"uv": [4, 0, 5, 1], "texture": "#2"}
			}
		},
		{
			"name": "bottom",
			"from": [4, 30, 4],
			"to": [12, 32, 12],
			"rotation": {"angle": 0, "axis": "y", "origin": [0, 16, 0]},
			"faces": {
				"north": {"uv": [0, 8, 4, 9], "texture": "#2"},
				"east": {"uv": [4, 8, 8, 9], "texture": "#2"},
				"south": {"uv": [0, 9, 4, 10], "texture": "#2"},
				"west": {"uv": [4, 9, 8, 10], "texture": "#2"},
				"up": {"uv": [0, 8, 8, 16], "texture": "#2"},
				"down": {"uv": [0, 8, 8, 16], "texture": "#2"}
			}
		},
		{
			"from": [2.5, 9, 2.5],
			"to": [3.5, 11, 3.5],
			"faces": {
				"north": {"uv": [8, 0, 9, 2], "texture": "#2"},
				"east": {"uv": [9, 0, 10, 2], "texture": "#2"},
				"south": {"uv": [10, 0, 11, 2], "texture": "#2"},
				"west": {"uv": [11, 0, 12, 2], "texture": "#2"},
				"up": {"uv": [12, 0, 13, 1], "texture": "#2"},
				"down": {"uv": [13, 0, 14, 1], "texture": "#2"}
			}
		},
		{
			"from": [12.5, 9, 2.5],
			"to": [13.5, 11, 3.5],
			"rotation": {"angle": 0, "axis": "y", "origin": [0, 0, 5]},
			"faces": {
				"north": {"uv": [8, 0, 9, 2], "texture": "#2"},
				"east": {"uv": [9, 0, 10, 2], "texture": "#2"},
				"south": {"uv": [10, 0, 11, 2], "texture": "#2"},
				"west": {"uv": [11, 0, 12, 2], "texture": "#2"},
				"up": {"uv": [12, 0, 13, 1], "texture": "#2"},
				"down": {"uv": [13, 0, 14, 1], "texture": "#2"}
			}
		},
		{
			"from": [7.5, 9, 2.5],
			"to": [8.5, 11, 3.5],
			"rotation": {"angle": 0, "axis": "y", "origin": [5, 0, 0]},
			"faces": {
				"north": {"uv": [8, 0, 9, 2], "texture": "#2"},
				"east": {"uv": [9, 0, 10, 2], "texture": "#2"},
				"south": {"uv": [10, 0, 11, 2], "texture": "#2"},
				"west": {"uv": [11, 0, 12, 2], "texture": "#2"},
				"up": {"uv": [12, 0, 13, 1], "texture": "#2"},
				"down": {"uv": [13, 0, 14, 1], "texture": "#2"}
			}
		},
		{
			"from": [12.5, 9, 7.5],
			"to": [13.5, 11, 8.5],
			"rotation": {"angle": 0, "axis": "y", "origin": [0, 0, 10]},
			"faces": {
				"north": {"uv": [8, 0, 9, 2], "texture": "#2"},
				"east": {"uv": [9, 0, 10, 2], "texture": "#2"},
				"south": {"uv": [10, 0, 11, 2], "texture": "#2"},
				"west": {"uv": [11, 0, 12, 2], "texture": "#2"},
				"up": {"uv": [12, 0, 13, 1], "texture": "#2"},
				"down": {"uv": [13, 0, 14, 1], "texture": "#2"}
			}
		},
		{
			"from": [7.5, 9, 7.5],
			"to": [8.5, 11, 8.5],
			"rotation": {"angle": 0, "axis": "y", "origin": [5, 0, 5]},
			"faces": {
				"north": {"uv": [8, 0, 9, 2], "texture": "#2"},
				"east": {"uv": [9, 0, 10, 2], "texture": "#2"},
				"south": {"uv": [10, 0, 11, 2], "texture": "#2"},
				"west": {"uv": [11, 0, 12, 2], "texture": "#2"},
				"up": {"uv": [12, 0, 13, 1], "texture": "#2"},
				"down": {"uv": [13, 0, 14, 1], "texture": "#2"}
			}
		},
		{
			"from": [2.5, 9, 7.5],
			"to": [3.5, 11, 8.5],
			"rotation": {"angle": 0, "axis": "y", "origin": [0, 0, 5]},
			"faces": {
				"north": {"uv": [8, 0, 9, 2], "texture": "#2"},
				"east": {"uv": [9, 0, 10, 2], "texture": "#2"},
				"south": {"uv": [10, 0, 11, 2], "texture": "#2"},
				"west": {"uv": [11, 0, 12, 2], "texture": "#2"},
				"up": {"uv": [12, 0, 13, 1], "texture": "#2"},
				"down": {"uv": [13, 0, 14, 1], "texture": "#2"}
			}
		},
		{
			"from": [12.5, 9, 12.5],
			"to": [13.5, 11, 13.5],
			"rotation": {"angle": 0, "axis": "y", "origin": [0, 0, 10]},
			"faces": {
				"north": {"uv": [8, 0, 9, 2], "texture": "#2"},
				"east": {"uv": [9, 0, 10, 2], "texture": "#2"},
				"south": {"uv": [10, 0, 11, 2], "texture": "#2"},
				"west": {"uv": [11, 0, 12, 2], "texture": "#2"},
				"up": {"uv": [12, 0, 13, 1], "texture": "#2"},
				"down": {"uv": [13, 0, 14, 1], "texture": "#2"}
			}
		},
		{
			"from": [7.5, 9, 12.5],
			"to": [8.5, 11, 13.5],
			"rotation": {"angle": 0, "axis": "y", "origin": [5, 0, 5]},
			"faces": {
				"north": {"uv": [8, 0, 9, 2], "texture": "#2"},
				"east": {"uv": [9, 0, 10, 2], "texture": "#2"},
				"south": {"uv": [10, 0, 11, 2], "texture": "#2"},
				"west": {"uv": [11, 0, 12, 2], "texture": "#2"},
				"up": {"uv": [12, 0, 13, 1], "texture": "#2"},
				"down": {"uv": [13, 0, 14, 1], "texture": "#2"}
			}
		},
		{
			"from": [2.5, 9, 12.5],
			"to": [3.5, 11, 13.5],
			"rotation": {"angle": 0, "axis": "y", "origin": [0, 0, 5]},
			"faces": {
				"north": {"uv": [8, 0, 9, 2], "texture": "#2"},
				"east": {"uv": [9, 0, 10, 2], "texture": "#2"},
				"south": {"uv": [10, 0, 11, 2], "texture": "#2"},
				"west": {"uv": [11, 0, 12, 2], "texture": "#2"},
				"up": {"uv": [12, 0, 13, 1], "texture": "#2"},
				"down": {"uv": [13, 0, 14, 1], "texture": "#2"}
			}
		}
	],
	"display": {
		"thirdperson_righthand": {
			"rotation": [0, 90, 55],
			"translation": [0, 2.25, 0.25],
			"scale": [0.25, 0.25, 0.25]
		},
		"thirdperson_lefthand": {
			"rotation": [0, 90, 55],
			"translation": [0, 2.25, 0.25],
			"scale": [0.25, 0.25, 0.25]
		},
		"firstperson_righthand": {
			"translation": [0, 2.75, 0],
			"scale": [0.25, 0.25, 0.25]
		},
		"firstperson_lefthand": {
			"translation": [0, 2.75, 0],
			"scale": [0.25, 0.25, 0.25]
		},
		"ground": {
			"scale": [0.25, 0.25, 0.25]
		},
		"gui": {
			"rotation": [45, 45, 0],
			"translation": [0, -1.75, 0],
			"scale": [0.42, 0.42, 0.42]
		},
		"fixed": {
			"rotation": [-90, 0, 0],
			"translation": [0, 0, -14],
			"scale": [2, 2, 2]
		}
	},
	"groups": [
		0,
		{
			"name": "connectors",
			"origin": [7, 0, 0],
			"color": 0,
			"children": [1, 2, 3, 4, 5, 6, 7, 8, 9, 10]
		},
		{
			"name": "tubes",
			"origin": [7, 0, 16],
			"color": 0,
			"children": [11, 12, 13, 14, 15, 16, 17, 18, 19, 20, 21, 22, 23, 24, 25, 26, 27, 28, 29, 30, 31]
		},
		32,
		{
			"name": "fuel",
			"origin": [8, 8, 8],
			"color": 0,
			"children": [33, 34, 35, 36, 37, 38, 39, 40, 41]
		}
	]
}