{
	"credit": "Made with Blockbench",
	"textures": {
		"0": "tardis:item/time_rotor/engine_base",
		"particle": "tardis:item/time_rotor/engine_base"
	},
	"elements": [
		{
			"name": "top",
			"from": [0, 18, 0],
			"to": [16, 20, 16],
			"faces": {
				"north": {"uv": [0, 8, 8, 9], "texture": "#0"},
				"east": {"uv": [0, 9, 8, 10], "texture": "#0"},
				"south": {"uv": [0, 10, 8, 11], "texture": "#0"},
				"west": {"uv": [0, 11, 8, 12], "texture": "#0"},
				"up": {"uv": [0, 8, 8, 16], "texture": "#0"},
				"down": {"uv": [0, 8, 8, 16], "texture": "#0"}
			}
		},
		{
			"name": "bottom",
			"from": [0, 0, 0],
			"to": [16, 2, 16],
			"rotation": {"angle": 0, "axis": "y", "origin": [1, 0, -1]},
			"faces": {
				"north": {"uv": [0, 8, 8, 9], "texture": "#0"},
				"east": {"uv": [0, 9, 8, 10], "texture": "#0"},
				"south": {"uv": [0, 10, 8, 11], "texture": "#0"},
				"west": {"uv": [0, 11, 8, 12], "texture": "#0"},
				"up": {"uv": [0, 16, 8, 8], "texture": "#0"},
				"down": {"uv": [0, 16, 8, 8], "texture": "#0"}
			}
		},
		{
			"name": "middle",
			"from": [1, 16, 1],
			"to": [15, 18, 15],
			"rotation": {"angle": 0, "axis": "y", "origin": [-3, 0, -3]},
			"faces": {
				"north": {"uv": [9, 9, 15, 10], "texture": "#0"},
				"east": {"uv": [9, 10, 15, 11], "texture": "#0"},
				"south": {"uv": [9, 11, 15, 12], "texture": "#0"},
				"west": {"uv": [9, 12, 15, 13], "texture": "#0"},
				"down": {"uv": [9, 9, 15, 15], "texture": "#0"}
			}
		},
		{
			"from": [11, 2, 6],
			"to": [15, 4, 10],
			"rotation": {"angle": 0, "axis": "y", "origin": [7, 16, 0]},
			"faces": {
				"north": {"uv": [10, 14, 14, 12], "texture": "#0"},
				"east": {"uv": [10, 14, 14, 12], "texture": "#0"},
				"south": {"uv": [10, 14, 14, 12], "texture": "#0"},
				"west": {"uv": [10, 14, 14, 12], "texture": "#0"},
				"up": {"uv": [10, 14, 14, 10], "texture": "#0"}
			}
		},
		{
			"from": [11, 2, 1],
			"to": [15, 4, 5],
			"rotation": {"angle": 0, "axis": "y", "origin": [7, 16, 0]},
			"faces": {
				"north": {"uv": [10, 14, 14, 12], "texture": "#0"},
				"east": {"uv": [10, 14, 14, 12], "texture": "#0"},
				"south": {"uv": [10, 14, 14, 12], "texture": "#0"},
				"west": {"uv": [10, 14, 14, 12], "texture": "#0"},
				"up": {"uv": [10, 14, 14, 10], "texture": "#0"}
			}
		},
		{
			"from": [11, 2, 11],
			"to": [15, 4, 15],
			"rotation": {"angle": 0, "axis": "y", "origin": [7, 16, 16]},
			"faces": {
				"north": {"uv": [10, 14, 14, 12], "texture": "#0"},
				"east": {"uv": [10, 14, 14, 12], "texture": "#0"},
				"south": {"uv": [10, 14, 14, 12], "texture": "#0"},
				"west": {"uv": [10, 14, 14, 12], "texture": "#0"},
				"up": {"uv": [10, 14, 14, 10], "texture": "#0"}
			}
		},
		{
			"from": [6, 2, 11],
			"to": [10, 4, 15],
			"rotation": {"angle": 0, "axis": "y", "origin": [7, 16, 16]},
			"faces": {
				"north": {"uv": [10, 14, 14, 12], "texture": "#0"},
				"east": {"uv": [10, 14, 14, 12], "texture": "#0"},
				"south": {"uv": [10, 14, 14, 12], "texture": "#0"},
				"west": {"uv": [10, 14, 14, 12], "texture": "#0"},
				"up": {"uv": [10, 14, 14, 10], "texture": "#0"}
			}
		},
		{
			"from": [1, 2, 11],
			"to": [5, 4, 15],
			"rotation": {"angle": 0, "axis": "y", "origin": [9, 16, 16]},
			"faces": {
				"north": {"uv": [10, 14, 14, 12], "texture": "#0"},
				"east": {"uv": [10, 14, 14, 12], "texture": "#0"},
				"south": {"uv": [10, 14, 14, 12], "texture": "#0"},
				"west": {"uv": [10, 14, 14, 12], "texture": "#0"},
				"up": {"uv": [10, 14, 14, 10], "texture": "#0"}
			}
		},
		{
			"from": [6, 2, 1],
			"to": [10, 4, 5],
			"rotation": {"angle": 0, "axis": "y", "origin": [7, 16, 0]},
			"faces": {
				"north": {"uv": [10, 14, 14, 12], "texture": "#0"},
				"east": {"uv": [10, 14, 14, 12], "texture": "#0"},
				"south": {"uv": [10, 14, 14, 12], "texture": "#0"},
				"west": {"uv": [10, 14, 14, 12], "texture": "#0"},
				"up": {"uv": [10, 14, 14, 10], "texture": "#0"}
			}
		},
		{
			"from": [6, 2, 6],
			"to": [10, 4, 10],
			"rotation": {"angle": 0, "axis": "y", "origin": [7, 16, 0]},
			"faces": {
				"north": {"uv": [10, 14, 14, 12], "texture": "#0"},
				"east": {"uv": [10, 14, 14, 12], "texture": "#0"},
				"south": {"uv": [10, 14, 14, 12], "texture": "#0"},
				"west": {"uv": [10, 14, 14, 12], "texture": "#0"},
				"up": {"uv": [10, 14, 14, 10], "texture": "#0"}
			}
		},
		{
			"from": [1, 2, 1],
			"to": [5, 4, 5],
			"rotation": {"angle": 0, "axis": "y", "origin": [9, 16, 0]},
			"faces": {
				"north": {"uv": [10, 14, 14, 12], "texture": "#0"},
				"east": {"uv": [10, 14, 14, 12], "texture": "#0"},
				"south": {"uv": [10, 14, 14, 12], "texture": "#0"},
				"west": {"uv": [10, 14, 14, 12], "texture": "#0"},
				"up": {"uv": [10, 14, 14, 10], "texture": "#0"}
			}
		},
		{
			"from": [1, 2, 6],
			"to": [5, 4, 10],
			"rotation": {"angle": 0, "axis": "y", "origin": [9, 16, 0]},
			"faces": {
				"north": {"uv": [10, 14, 14, 12], "texture": "#0"},
				"east": {"uv": [10, 14, 14, 12], "texture": "#0"},
				"south": {"uv": [10, 14, 14, 12], "texture": "#0"},
				"west": {"uv": [10, 14, 14, 12], "texture": "#0"},
				"up": {"uv": [10, 14, 14, 10], "texture": "#0"}
			}
		},
		{
			"from": [7.5, 3, 2.5],
			"to": [8.5, 10, 3.5],
			"rotation": {"angle": 0, "axis": "y", "origin": [5, 16, 0]},
			"faces": {
				"north": {"uv": [8, 0, 9, 6], "texture": "#0"},
				"east": {"uv": [9, 0, 10, 6], "texture": "#0"},
				"south": {"uv": [10, 0, 11, 6], "texture": "#0"},
				"west": {"uv": [11, 0, 12, 6], "texture": "#0"},
				"up": {"uv": [12, 0, 13, 1], "texture": "#0"},
				"down": {"uv": [13, 0, 14, 1], "texture": "#0"}
			}
		},
		{
			"from": [12.5, 3, 7.5],
			"to": [13.5, 10, 8.5],
			"rotation": {"angle": 0, "axis": "y", "origin": [0, 16, 10]},
			"faces": {
				"north": {"uv": [8, 0, 9, 6], "texture": "#0"},
				"east": {"uv": [9, 0, 10, 6], "texture": "#0"},
				"south": {"uv": [10, 0, 11, 6], "texture": "#0"},
				"west": {"uv": [11, 0, 12, 6], "texture": "#0"},
				"up": {"uv": [12, 0, 13, 1], "texture": "#0"},
				"down": {"uv": [13, 0, 14, 1], "texture": "#0"}
			}
		},
		{
			"from": [2.5, 3, 7.5],
			"to": [3.5, 10, 8.5],
			"rotation": {"angle": 0, "axis": "y", "origin": [0, 16, 5]},
			"faces": {
				"north": {"uv": [8, 0, 9, 6], "texture": "#0"},
				"east": {"uv": [9, 0, 10, 6], "texture": "#0"},
				"south": {"uv": [10, 0, 11, 6], "texture": "#0"},
				"west": {"uv": [11, 0, 12, 6], "texture": "#0"},
				"up": {"uv": [12, 0, 13, 1], "texture": "#0"},
				"down": {"uv": [13, 0, 14, 1], "texture": "#0"}
			}
		},
		{
			"from": [7.5, 3, 12.5],
			"to": [8.5, 10, 13.5],
			"rotation": {"angle": 0, "axis": "y", "origin": [5, 16, 5]},
			"faces": {
				"north": {"uv": [8, 0, 9, 6], "texture": "#0"},
				"east": {"uv": [9, 0, 10, 6], "texture": "#0"},
				"south": {"uv": [10, 0, 11, 6], "texture": "#0"},
				"west": {"uv": [11, 0, 12, 6], "texture": "#0"},
				"up": {"uv": [12, 0, 13, 1], "texture": "#0"},
				"down": {"uv": [13, 0, 14, 1], "texture": "#0"}
			}
		},
		{
			"from": [7.5, 3, 7.5],
			"to": [8.5, 10, 8.5],
			"rotation": {"angle": 0, "axis": "y", "origin": [5, 16, 5]},
			"faces": {
				"north": {"uv": [8, 0, 9, 6], "texture": "#0"},
				"east": {"uv": [9, 0, 10, 6], "texture": "#0"},
				"south": {"uv": [10, 0, 11, 6], "texture": "#0"},
				"west": {"uv": [11, 0, 12, 6], "texture": "#0"},
				"up": {"uv": [12, 0, 13, 1], "texture": "#0"},
				"down": {"uv": [13, 0, 14, 1], "texture": "#0"}
			}
		},
		{
			"from": [2.5, 3, 2.5],
			"to": [3.5, 10, 3.5],
			"rotation": {"angle": 0, "axis": "y", "origin": [0, 16, 0]},
			"faces": {
				"north": {"uv": [8, 0, 9, 6], "texture": "#0"},
				"east": {"uv": [9, 0, 10, 6], "texture": "#0"},
				"south": {"uv": [10, 0, 11, 6], "texture": "#0"},
				"west": {"uv": [11, 0, 12, 6], "texture": "#0"},
				"up": {"uv": [12, 0, 13, 1], "texture": "#0"},
				"down": {"uv": [13, 0, 14, 1], "texture": "#0"}
			}
		},
		{
			"from": [12.5, 3, 2.5],
			"to": [13.5, 10, 3.5],
			"rotation": {"angle": 0, "axis": "y", "origin": [0, 16, 5]},
			"faces": {
				"north": {"uv": [8, 0, 9, 6], "texture": "#0"},
				"east": {"uv": [9, 0, 10, 6], "texture": "#0"},
				"south": {"uv": [10, 0, 11, 6], "texture": "#0"},
				"west": {"uv": [11, 0, 12, 6], "texture": "#0"},
				"up": {"uv": [12, 0, 13, 1], "texture": "#0"},
				"down": {"uv": [13, 0, 14, 1], "texture": "#0"}
			}
		},
		{
			"from": [12.5, 3, 12.5],
			"to": [13.5, 10, 13.5],
			"rotation": {"angle": 0, "axis": "y", "origin": [0, 16, 10]},
			"faces": {
				"north": {"uv": [8, 0, 9, 6], "texture": "#0"},
				"east": {"uv": [9, 0, 10, 6], "texture": "#0"},
				"south": {"uv": [10, 0, 11, 6], "texture": "#0"},
				"west": {"uv": [11, 0, 12, 6], "texture": "#0"},
				"up": {"uv": [12, 0, 13, 1], "texture": "#0"},
				"down": {"uv": [13, 0, 14, 1], "texture": "#0"}
			}
		},
		{
			"from": [2.5, 3, 12.5],
			"to": [3.5, 10, 13.5],
			"rotation": {"angle": 0, "axis": "y", "origin": [0, 16, 5]},
			"faces": {
				"north": {"uv": [8, 0, 9, 6], "texture": "#0"},
				"east": {"uv": [9, 0, 10, 6], "texture": "#0"},
				"south": {"uv": [10, 0, 11, 6], "texture": "#0"},
				"west": {"uv": [11, 0, 12, 6], "texture": "#0"},
				"up": {"uv": [12, 0, 13, 1], "texture": "#0"},
				"down": {"uv": [13, 0, 14, 1], "texture": "#0"}
			}
		},
		{
			"from": [7, 4, 2],
			"to": [9, 16, 4],
			"rotation": {"angle": 0, "axis": "y", "origin": [7, 0, 0]},
			"faces": {
				"north": {"uv": [0, 0, 1, 6], "texture": "#0"},
				"east": {"uv": [1, 0, 2, 6], "texture": "#0"},
				"south": {"uv": [2, 0, 3, 6], "texture": "#0"},
				"west": {"uv": [3, 0, 4, 6], "texture": "#0"}
			}
		},
		{
			"from": [12, 4, 7],
			"to": [14, 16, 9],
			"rotation": {"angle": 0, "axis": "y", "origin": [7, 0, 0]},
			"faces": {
				"north": {"uv": [0, 0, 1, 6], "texture": "#0"},
				"east": {"uv": [1, 0, 2, 6], "texture": "#0"},
				"south": {"uv": [2, 0, 3, 6], "texture": "#0"},
				"west": {"uv": [3, 0, 4, 6], "texture": "#0"}
			}
		},
		{
			"from": [2, 4, 7],
			"to": [4, 16, 9],
			"rotation": {"angle": 0, "axis": "y", "origin": [9, 0, 0]},
			"faces": {
				"north": {"uv": [0, 0, 1, 6], "texture": "#0"},
				"east": {"uv": [1, 0, 2, 6], "texture": "#0"},
				"south": {"uv": [2, 0, 3, 6], "texture": "#0"},
				"west": {"uv": [3, 0, 4, 6], "texture": "#0"}
			}
		},
		{
			"from": [7, 4, 12],
			"to": [9, 16, 14],
			"rotation": {"angle": 0, "axis": "y", "origin": [7, 0, 16]},
			"faces": {
				"north": {"uv": [0, 0, 1, 6], "texture": "#0"},
				"east": {"uv": [1, 0, 2, 6], "texture": "#0"},
				"south": {"uv": [2, 0, 3, 6], "texture": "#0"},
				"west": {"uv": [3, 0, 4, 6], "texture": "#0"}
			}
		},
		{
			"from": [7, 4, 7],
			"to": [9, 16, 9],
			"rotation": {"angle": 0, "axis": "y", "origin": [7, 0, 0]},
			"faces": {
				"north": {"uv": [0, 0, 1, 6], "texture": "#0"},
				"east": {"uv": [1, 0, 2, 6], "texture": "#0"},
				"south": {"uv": [2, 0, 3, 6], "texture": "#0"},
				"west": {"uv": [3, 0, 4, 6], "texture": "#0"}
			}
		},
		{
			"from": [12, 4, 12],
			"to": [14, 16, 14],
			"rotation": {"angle": 0, "axis": "y", "origin": [7, 0, 16]},
			"faces": {
				"north": {"uv": [0, 0, 1, 6], "texture": "#0"},
				"east": {"uv": [1, 0, 2, 6], "texture": "#0"},
				"south": {"uv": [2, 0, 3, 6], "texture": "#0"},
				"west": {"uv": [3, 0, 4, 6], "texture": "#0"}
			}
		},
		{
			"from": [2, 4, 12],
			"to": [4, 16, 14],
			"rotation": {"angle": 0, "axis": "y", "origin": [9, 0, 16]},
			"faces": {
				"north": {"uv": [0, 0, 1, 6], "texture": "#0"},
				"east": {"uv": [1, 0, 2, 6], "texture": "#0"},
				"south": {"uv": [2, 0, 3, 6], "texture": "#0"},
				"west": {"uv": [3, 0, 4, 6], "texture": "#0"}
			}
		},
		{
			"from": [2, 4, 2],
			"to": [4, 16, 4],
			"rotation": {"angle": 0, "axis": "y", "origin": [9, 0, 0]},
			"faces": {
				"north": {"uv": [0, 0, 1, 6], "texture": "#0"},
				"east": {"uv": [1, 0, 2, 6], "texture": "#0"},
				"south": {"uv": [2, 0, 3, 6], "texture": "#0"},
				"west": {"uv": [3, 0, 4, 6], "texture": "#0"}
			}
		},
		{
			"from": [12, 4, 2],
			"to": [14, 16, 4],
			"rotation": {"angle": 0, "axis": "y", "origin": [7, 0, 0]},
			"faces": {
				"north": {"uv": [0, 0, 1, 6], "texture": "#0"},
				"east": {"uv": [1, 0, 2, 6], "texture": "#0"},
				"south": {"uv": [2, 0, 3, 6], "texture": "#0"},
				"west": {"uv": [3, 0, 4, 6], "texture": "#0"}
			}
		}
	],
	"display": {
		"thirdperson_righthand": {
			"rotation": [0, 90, 55],
			"translation": [0, 2.25, 0.25],
			"scale": [0.25, 0.25, 0.25]
		},
		"thirdperson_lefthand": {
			"rotation": [0, 90, 55],
			"translation": [0, 2.25, 0.25],
			"scale": [0.25, 0.25, 0.25]
		},
		"firstperson_righthand": {
			"translation": [0, 2.75, 0],
			"scale": [0.25, 0.25, 0.25]
		},
		"firstperson_lefthand": {
			"translation": [0, 2.75, 0],
			"scale": [0.25, 0.25, 0.25]
		},
		"ground": {
			"scale": [0.25, 0.25, 0.25]
		},
		"gui": {
			"rotation": [45, 45, 0],
			"translation": [0, -1.75, 0],
			"scale": [0.42, 0.42, 0.42]
		},
		"fixed": {
			"rotation": [-90, 0, 0],
			"translation": [0, 0, -14],
			"scale": [2, 2, 2]
		}
	},
	"groups": [
		0,
		1,
		{
			"name": "connectors",
			"origin": [7, 0, 0],
			"color": 0,
			"children": [2, 3, 4, 5, 6, 7, 8, 9, 10, 11]
		},
		{
			"name": "fuel",
			"origin": [8, 8, 8],
			"color": 0,
			"children": [12, 13, 14, 15, 16, 17, 18, 19, 20]
		},
		{
			"name": "tubes",
			"origin": [7, 0, 16],
			"color": 0,
			"children": [21, 22, 23, 24, 25, 26, 27, 28, 29]
		}
	]
}