{
	"credit": "Made with Blockbench",
	"textures": {
		"0": "block/white_stained_glass",
		"1": "block/red_stained_glass",
		"2": "block/quartz_pillar_top",
		"particle": "block/white_stained_glass"
	},
	"elements": [
		{
			"name": "base",
			"from": [0, 0, 0],
			"to": [32, 1, 32],
			"faces": {
				"north": {"uv": [0, 0, 16, 1], "texture": "#2"},
				"east": {"uv": [0, 0, 16, 1], "texture": "#2"},
				"south": {"uv": [0, 0, 16, 1], "texture": "#2"},
				"west": {"uv": [0, 0, 16, 1], "texture": "#2"},
				"up": {"uv": [0, 0, 16, 16], "texture": "#2"},
				"down": {"uv": [0, 0, 16, 16], "texture": "#2"}
			}
		},
		{
			"from": [11, 8.5, 2],
			"to": [21, 11.5, 11],
			"rotation": {"angle": 0, "axis": "y", "origin": [15.5, 2, 15.5]},
			"faces": {
				"north": {"uv": [3, 6, 13, 9], "texture": "#1"},
				"east": {"uv": [3, 6, 12, 9], "texture": "#1"},
				"west": {"uv": [3, 6, 12, 9], "texture": "#1"},
				"up": {"uv": [1, 1, 10, 11], "rotation": 90, "texture": "#1"},
				"down": {"uv": [1, 11, 10, 1], "rotation": 270, "texture": "#1"}
			}
		},
		{
			"from": [11, 8.5, 11],
			"to": [21, 11.5, 21],
			"faces": {
				"up": {"uv": [4, 4, 13, 13], "texture": "#1"},
				"down": {"uv": [4, 4, 13, 13], "texture": "#1"}
			}
		},
		{
			"from": [2, 8.5, 11],
			"to": [11, 11.5, 21],
			"faces": {
				"north": {"uv": [3, 6, 12, 9], "texture": "#1"},
				"south": {"uv": [3, 6, 12, 9], "texture": "#1"},
				"west": {"uv": [3, 6, 13, 9], "texture": "#1"},
				"up": {"uv": [1, 1, 10, 11], "texture": "#1"},
				"down": {"uv": [1, 11, 10, 1], "texture": "#1"}
			}
		},
		{
			"from": [21, 8.5, 11],
			"to": [30, 11.5, 21],
			"faces": {
				"north": {"uv": [3, 6, 12, 9], "texture": "#1"},
				"east": {"uv": [3, 6, 13, 9], "texture": "#1"},
				"south": {"uv": [3, 6, 12, 9], "texture": "#1"},
				"up": {"uv": [10, 11, 1, 1], "texture": "#1"},
				"down": {"uv": [10, 1, 1, 11], "texture": "#1"}
			}
		},
		{
			"from": [11, 8.5, 21],
			"to": [21, 11.5, 30],
			"rotation": {"angle": 0, "axis": "y", "origin": [15.5, 2, 15.5]},
			"faces": {
				"east": {"uv": [3, 6, 12, 9], "texture": "#1"},
				"south": {"uv": [3, 6, 13, 9], "texture": "#1"},
				"west": {"uv": [3, 6, 12, 9], "texture": "#1"},
				"up": {"uv": [10, 11, 1, 1], "rotation": 90, "texture": "#1"},
				"down": {"uv": [10, 1, 1, 11], "rotation": 270, "texture": "#1"}
			}
		},
		{
			"from": [2, 1, 2],
			"to": [8, 20, 8],
			"faces": {
				"north": {"uv": [2, 1, 6, 15], "texture": "#0"},
				"east": {"uv": [2, 1, 6, 15], "texture": "#0"},
				"south": {"uv": [2, 1, 6, 15], "texture": "#0"},
				"west": {"uv": [2, 1, 6, 15], "texture": "#0"},
				"up": {"uv": [6, 5, 10, 9], "texture": "#0"}
			}
		},
		{
			"from": [23, 1, 2],
			"to": [29, 20, 8],
			"faces": {
				"north": {"uv": [2, 1, 6, 15], "texture": "#0"},
				"east": {"uv": [2, 1, 6, 15], "texture": "#0"},
				"south": {"uv": [2, 1, 6, 15], "texture": "#0"},
				"west": {"uv": [2, 1, 6, 15], "texture": "#0"},
				"up": {"uv": [6, 5, 10, 9], "texture": "#0"}
			}
		},
		{
			"from": [23, 1, 23],
			"to": [29, 20, 29],
			"faces": {
				"north": {"uv": [2, 1, 6, 15], "texture": "#0"},
				"east": {"uv": [2, 1, 6, 15], "texture": "#0"},
				"south": {"uv": [2, 1, 6, 15], "texture": "#0"},
				"west": {"uv": [2, 1, 6, 15], "texture": "#0"},
				"up": {"uv": [6, 5, 10, 9], "texture": "#0"}
			}
		},
		{
			"from": [2, 1, 23],
			"to": [8, 20, 29],
			"faces": {
				"north": {"uv": [2, 1, 6, 15], "texture": "#0"},
				"east": {"uv": [2, 1, 6, 15], "texture": "#0"},
				"south": {"uv": [2, 1, 6, 15], "texture": "#0"},
				"west": {"uv": [2, 1, 6, 15], "texture": "#0"},
				"up": {"uv": [6, 5, 10, 9], "texture": "#0"}
			}
		},
		{
			"name": "zero",
			"from": [25, 14, 4],
			"to": [27, 16, 6],
			"faces": {
				"north": {"uv": [7, 7, 9, 9], "texture": "#1"},
				"east": {"uv": [7, 7, 9, 9], "texture": "#1"},
				"south": {"uv": [7, 7, 9, 9], "texture": "#1"},
				"west": {"uv": [7, 7, 9, 9], "texture": "#1"},
				"up": {"uv": [7, 7, 9, 9], "texture": "#1"},
				"down": {"uv": [7, 7, 9, 9], "texture": "#1"}
			}
		},
		{
			"name": "one",
			"from": [25, 10, 25],
			"to": [27, 12, 27],
			"faces": {
				"north": {"uv": [7, 7, 9, 9], "texture": "#1"},
				"east": {"uv": [7, 7, 9, 9], "texture": "#1"},
				"south": {"uv": [7, 7, 9, 9], "texture": "#1"},
				"west": {"uv": [7, 7, 9, 9], "texture": "#1"},
				"up": {"uv": [7, 7, 9, 9], "texture": "#1"},
				"down": {"uv": [7, 7, 9, 9], "texture": "#1"}
			}
		},
		{
			"name": "two",
			"from": [4, 6, 25],
			"to": [6, 8, 27],
			"faces": {
				"north": {"uv": [7, 7, 9, 9], "texture": "#1"},
				"east": {"uv": [7, 7, 9, 9], "texture": "#1"},
				"south": {"uv": [7, 7, 9, 9], "texture": "#1"},
				"west": {"uv": [7, 7, 9, 9], "texture": "#1"},
				"up": {"uv": [7, 7, 9, 9], "texture": "#1"},
				"down": {"uv": [7, 7, 9, 9], "texture": "#1"}
			}
		},
		{
			"name": "three",
			"from": [4, 2, 4],
			"to": [6, 4, 6],
			"faces": {
				"north": {"uv": [7, 7, 9, 9], "texture": "#1"},
				"east": {"uv": [7, 7, 9, 9], "texture": "#1"},
				"south": {"uv": [7, 7, 9, 9], "texture": "#1"},
				"west": {"uv": [7, 7, 9, 9], "texture": "#1"},
				"up": {"uv": [7, 7, 9, 9], "texture": "#1"},
				"down": {"uv": [7, 7, 9, 9], "texture": "#1"}
			}
		}
	],
	"display": {
		"thirdperson_righthand": {
			"rotation": [75, 0, 0],
			"translation": [-2.75, 6, 0.5],
			"scale": [0.25, 0.25, 0.25]
		},
		"thirdperson_lefthand": {
			"rotation": [75, 0, 0],
			"translation": [2, 6, 0.5],
			"scale": [0.25, 0.25, 0.25]
		},
		"firstperson_righthand": {
			"translation": [0, 2.25, 0],
			"scale": [0.25, 0.25, 0.25]
		},
		"firstperson_lefthand": {
			"translation": [0, 2.25, 0],
			"scale": [0.25, 0.25, 0.25]
		},
		"ground": {
			"scale": [0.25, 0.25, 0.25]
		},
		"gui": {
			"rotation": [30, 225, 0],
			"translation": [3.5, -1.5, 0],
			"scale": [0.3, 0.3, 0.3]
		},
		"head": {
			"translation": [-4, 10, -3.75],
			"scale": [0.5, 0.5, 0.5]
		},
		"fixed": {
			"rotation": [-90, 0, 0],
			"translation": [0, 0, -16],
			"scale": [2, 2, 2]
		}
	},
	"groups": [
		0,
		{
			"name": "cross",
			"origin": [15.5, 2, 15.5],
			"color": 0,
			"children": [1, 2, 3, 4, 5]
		},
		{
			"name": "columns",
			"origin": [0, 0, 0],
			"color": 0,
			"children": [
				6,
				7,
				8,
				9,
				{
					"name": "blob0",
					"origin": [0, 0, 0],
					"color": 0,
					"children": [10]
				},
				{
					"name": "blob1",
					"origin": [0, 0, 0],
					"color": 0,
					"children": [11]
				},
				{
					"name": "blob2",
					"origin": [0, 0, 0],
					"color": 0,
					"children": [12]
				},
				{
					"name": "blob3",
					"origin": [0, 0, 0],
					"color": 0,
					"children": [13]
				}
			]
		}
	]
}
