{
	"credit": "Made with Blockbench",
	"textures": {
		"1": "tardis:item/time_rotor/eleventh",
		"2": "tardis:item/time_rotor/tennant",
		"3": "tardis:item/sonic/light_silver",
		"4": "tardis:item/time_rotor/glass",
		"particle": "tardis:item/sonic/light_silver"
	},
	"elements": [
		{
			"from": [0, -16, 0],
			"to": [16, -14.9, 16],
			"rotation": {"angle": 0, "axis": "y", "origin": [8, -8, 8]},
			"faces": {
				"north": {"uv": [0, 0, 16, 1.1], "texture": "#1"},
				"east": {"uv": [0, 0, 16, 1.1], "texture": "#1"},
				"south": {"uv": [0, 0, 16, 1.1], "texture": "#1"},
				"west": {"uv": [0, 0, 16, 1.1], "texture": "#1"},
				"up": {"uv": [0, 0, 16, 16], "texture": "#1"},
				"down": {"uv": [0, 0, 16, 16], "texture": "#1"}
			}
		},
		{
			"from": [0, 31, 0],
			"to": [16, 32, 16],
			"rotation": {"angle": 0, "axis": "y", "origin": [8, 39, 8]},
			"faces": {
				"north": {"uv": [0, 0, 16, 1], "texture": "#1"},
				"east": {"uv": [0, 0, 16, 1], "texture": "#1"},
				"south": {"uv": [0, 0, 16, 1], "texture": "#1"},
				"west": {"uv": [0, 0, 16, 1], "texture": "#1"},
				"up": {"uv": [0, 0, 16, 16], "texture": "#1"},
				"down": {"uv": [0, 0, 16, 16], "texture": "#1"}
			}
		},
		{
			"from": [7.5, 22, 7.5],
			"to": [8.5, 31, 8.5],
			"rotation": {"angle": 0, "axis": "y", "origin": [15.5, 28, 15.5]},
			"faces": {
				"north": {"uv": [0, 1, 8, 3], "texture": "#2"},
				"east": {"uv": [0, 1, 8, 3], "texture": "#2"},
				"south": {"uv": [0, 1, 8, 3], "texture": "#2"},
				"west": {"uv": [0, 1, 8, 3], "texture": "#2"}
			}
		},
		{
			"from": [6, 3, 6],
			"to": [10, 6, 10],
			"rotation": {"angle": 0, "axis": "y", "origin": [14, 10, 14]},
			"faces": {
				"north": {"uv": [0, 1, 8, 4], "texture": "#2"},
				"east": {"uv": [0, 1, 8, 4], "texture": "#2"},
				"south": {"uv": [0, 1, 8, 4], "texture": "#2"},
				"west": {"uv": [0, 1, 8, 4], "texture": "#2"},
				"up": {"uv": [0, 1, 8, 9], "texture": "#2"},
				"down": {"uv": [0, 1, 8, 9], "texture": "#2"}
			}
		},
		{
			"from": [7.25, 14, 7.25],
			"to": [8.75, 22, 8.75],
			"rotation": {"angle": 0, "axis": "y", "origin": [15.25, 20, 15.25]},
			"faces": {
				"north": {"uv": [0, 1, 6, 5], "texture": "#2"},
				"east": {"uv": [0, 1, 6, 5], "texture": "#2"},
				"south": {"uv": [0, 1, 6, 5], "texture": "#2"},
				"west": {"uv": [0, 1, 6, 5], "texture": "#2"},
				"up": {"uv": [0, 0, 1.5, 1.5], "texture": "#2"}
			}
		},
		{
			"from": [7, 6, 7],
			"to": [9, 14, 9],
			"rotation": {"angle": 0, "axis": "y", "origin": [15, 12, 15]},
			"faces": {
				"north": {"uv": [0, 1, 6, 5], "texture": "#2"},
				"east": {"uv": [0, 1, 6, 5], "texture": "#2"},
				"south": {"uv": [0, 1, 6, 5], "texture": "#2"},
				"west": {"uv": [0, 1, 6, 5], "texture": "#2"},
				"up": {"uv": [0, 0, 2, 2], "texture": "#2"}
			}
		},
		{
			"from": [15.5, 14, 3.5],
			"to": [16, 31, 12.5],
			"rotation": {"angle": 0, "axis": "y", "origin": [22, 37, 12.5]},
			"faces": {
				"north": {"uv": [0, 0, 0.5, 16], "texture": "#1"},
				"east": {"uv": [0, 0, 8, 16], "texture": "#1"},
				"south": {"uv": [0, 0, 0.5, 16], "texture": "#1"},
				"west": {"uv": [0, 0, 8, 16], "texture": "#1"},
				"down": {"uv": [0, 0, 0.5, 8], "texture": "#1"}
			}
		},
		{
			"from": [0, 14, 3.5],
			"to": [0.5, 31, 12.5],
			"rotation": {"angle": 0, "axis": "y", "origin": [-6, 37, 12.5]},
			"faces": {
				"north": {"uv": [0.5, 0, 0, 16], "texture": "#1"},
				"east": {"uv": [8, 0, 0, 16], "texture": "#1"},
				"south": {"uv": [0.5, 0, 0, 16], "texture": "#1"},
				"west": {"uv": [8, 0, 0, 16], "texture": "#1"},
				"down": {"uv": [0.5, 0, 0, 8], "texture": "#1"}
			}
		},
		{
			"from": [15.5, -1, 4.5],
			"to": [16, 14, 11.5],
			"rotation": {"angle": 0, "axis": "y", "origin": [22, 20, 12.5]},
			"faces": {
				"north": {"uv": [0, 0, 0.5, 15], "texture": "#1"},
				"east": {"uv": [0, 0, 7, 15], "texture": "#1"},
				"south": {"uv": [0, 0, 0.5, 15], "texture": "#1"},
				"west": {"uv": [0, 0, 7, 15], "texture": "#1"},
				"down": {"uv": [0, 0, 0.5, 7], "texture": "#1"}
			}
		},
		{
			"from": [0, -1, 4.5],
			"to": [0.5, 14, 11.5],
			"rotation": {"angle": 0, "axis": "y", "origin": [-6, 20, 12.5]},
			"faces": {
				"north": {"uv": [0.5, 0, 0, 15], "texture": "#1"},
				"east": {"uv": [7, 0, 0, 15], "texture": "#1"},
				"south": {"uv": [0.5, 0, 0, 15], "texture": "#1"},
				"west": {"uv": [7, 0, 0, 15], "texture": "#1"},
				"down": {"uv": [0.5, 0, 0, 7], "texture": "#1"}
			}
		},
		{
			"from": [15.5, -15, 5.5],
			"to": [16, -1, 10.5],
			"rotation": {"angle": 0, "axis": "y", "origin": [22, 6, 11.5]},
			"faces": {
				"north": {"uv": [0, 0, 0.5, 14], "texture": "#1"},
				"east": {"uv": [0, 0, 6, 14], "texture": "#1"},
				"south": {"uv": [0, 0, 0.5, 14], "texture": "#1"},
				"west": {"uv": [0, 0, 6, 14], "texture": "#1"}
			}
		},
		{
			"from": [0, -15, 5.5],
			"to": [0.5, -1, 10.5],
			"rotation": {"angle": 0, "axis": "y", "origin": [-6, 6, 11.5]},
			"faces": {
				"north": {"uv": [0.5, 0, 0, 14], "texture": "#1"},
				"east": {"uv": [6, 0, 0, 14], "texture": "#1"},
				"south": {"uv": [0.5, 0, 0, 14], "texture": "#1"},
				"west": {"uv": [6, 0, 0, 14], "texture": "#1"}
			}
		},
		{
			"from": [5.5, -15, 5.5],
			"to": [10.5, -11, 10.5],
			"rotation": {"angle": 0, "axis": "y", "origin": [13.5, -7, 13.5]},
			"faces": {
				"north": {"uv": [0, 1, 8, 12.999], "texture": "#2"},
				"east": {"uv": [0, 1, 8, 12.999], "texture": "#2"},
				"south": {"uv": [0, 1, 8, 12.999], "texture": "#2"},
				"west": {"uv": [0, 1, 8, 12.999], "texture": "#2"},
				"up": {"uv": [0, 1, 8, 9], "texture": "#2"}
			}
		},
		{
			"from": [6, -11, 6],
			"to": [10, -8, 10],
			"rotation": {"angle": 0, "axis": "y", "origin": [14, 9, 14]},
			"faces": {
				"north": {"uv": [0, 1, 6, 4], "texture": "#2"},
				"east": {"uv": [0, 1, 6, 4], "texture": "#2"},
				"south": {"uv": [0, 1, 6, 4], "texture": "#2"},
				"west": {"uv": [0, 1, 6, 4], "texture": "#2"},
				"up": {"uv": [0, 1, 6, 7], "texture": "#2"}
			}
		},
		{
			"from": [6.5, -8, 6.5],
			"to": [9.5, -6, 9.5],
			"rotation": {"angle": 0, "axis": "y", "origin": [14.5, 12, 14.5]},
			"faces": {
				"north": {"uv": [0, 1, 4, 4], "texture": "#2"},
				"east": {"uv": [0, 1, 4, 4], "texture": "#2"},
				"south": {"uv": [0, 1, 4, 4], "texture": "#2"},
				"west": {"uv": [0, 1, 4, 4], "texture": "#2"},
				"up": {"uv": [0, 1, 4, 5], "texture": "#2"}
			}
		},
		{
			"from": [7, -6, 7],
			"to": [9, -3, 9],
			"rotation": {"angle": 0, "axis": "y", "origin": [15, 14, 15]},
			"faces": {
				"north": {"uv": [0, 1, 2, 3], "texture": "#2"},
				"east": {"uv": [0, 1, 2, 3], "texture": "#2"},
				"south": {"uv": [0, 1, 2, 3], "texture": "#2"},
				"west": {"uv": [0, 1, 2, 3], "texture": "#2"},
				"up": {"uv": [0, 0, 2, 2], "texture": "#2"}
			}
		},
		{
			"name": "hexadecagon",
			"from": [6.50816, -9, 0.5],
			"to": [9.49184, -7, 0.75],
			"rotation": {"angle": -45, "axis": "y", "origin": [8, -8, 8]},
			"faces": {
				"north": {"uv": [0, 0, 2.98369, 2], "texture": "#3"},
				"south": {"uv": [0, 0, 2.98369, 2], "texture": "#3"},
				"up": {"uv": [0, 0, 2.98369, 0.25], "texture": "#3"},
				"down": {"uv": [0, 0, 2.98369, 0.25], "texture": "#3"}
			}
		},
		{
			"name": "hexadecagon",
			"from": [6.50816, -9, 0.5],
			"to": [9.49184, -7, 0.75],
			"rotation": {"angle": -22.5, "axis": "y", "origin": [8, -8, 8]},
			"faces": {
				"north": {"uv": [0, 0, 2.98369, 2], "texture": "#3"},
				"south": {"uv": [0, 0, 2.98369, 2], "texture": "#3"},
				"up": {"uv": [0, 0, 2.98369, 0.25], "texture": "#3"},
				"down": {"uv": [0, 0, 2.98369, 0.25], "texture": "#3"}
			}
		},
		{
			"name": "hexadecagon",
			"from": [6.50816, -9, 0.5],
			"to": [9.49184, -7, 0.75],
			"rotation": {"angle": 0, "axis": "y", "origin": [8, -8, 8]},
			"faces": {
				"north": {"uv": [0, 0, 2.98369, 2], "texture": "#3"},
				"south": {"uv": [0, 0, 2.98369, 2], "texture": "#3"},
				"up": {"uv": [0, 0, 2.98369, 0.25], "texture": "#3"},
				"down": {"uv": [0, 0, 2.98369, 0.25], "texture": "#3"}
			}
		},
		{
			"name": "hexadecagon",
			"from": [6.50816, -9, 0.5],
			"to": [9.49184, -7, 0.75],
			"rotation": {"angle": 22.5, "axis": "y", "origin": [8, -8, 8]},
			"faces": {
				"north": {"uv": [0, 0, 2.98369, 2], "texture": "#3"},
				"south": {"uv": [0, 0, 2.98369, 2], "texture": "#3"},
				"up": {"uv": [0, 0, 2.98369, 0.25], "texture": "#3"},
				"down": {"uv": [0, 0, 2.98369, 0.25], "texture": "#3"}
			}
		},
		{
			"name": "hexadecagon",
			"from": [6.50816, -9, 0.5],
			"to": [9.49184, -7, 0.75],
			"rotation": {"angle": 45, "axis": "y", "origin": [8, -8, 8]},
			"faces": {
				"north": {"uv": [0, 0, 2.98369, 2], "texture": "#3"},
				"south": {"uv": [0, 0, 2.98369, 2], "texture": "#3"},
				"up": {"uv": [0, 0, 2.98369, 0.25], "texture": "#3"},
				"down": {"uv": [0, 0, 2.98369, 0.25], "texture": "#3"}
			}
		},
		{
			"name": "hexadecagon",
			"from": [6.50816, -9, 15.25],
			"to": [9.49184, -7, 15.5],
			"rotation": {"angle": -45, "axis": "y", "origin": [8, -8, 8]},
			"faces": {
				"north": {"uv": [0, 0, 2.98369, 2], "texture": "#3"},
				"south": {"uv": [0, 0, 2.98369, 2], "texture": "#3"},
				"up": {"uv": [0, 0, 2.98369, 0.25], "texture": "#3"},
				"down": {"uv": [0, 0, 2.98369, 0.25], "texture": "#3"}
			}
		},
		{
			"name": "hexadecagon",
			"from": [6.50816, -9, 15.25],
			"to": [9.49184, -7, 15.5],
			"rotation": {"angle": -22.5, "axis": "y", "origin": [8, -8, 8]},
			"faces": {
				"north": {"uv": [0, 0, 2.98369, 2], "texture": "#3"},
				"south": {"uv": [0, 0, 2.98369, 2], "texture": "#3"},
				"up": {"uv": [0, 0, 2.98369, 0.25], "texture": "#3"},
				"down": {"uv": [0, 0, 2.98369, 0.25], "texture": "#3"}
			}
		},
		{
			"name": "hexadecagon",
			"from": [6.50816, -9, 15.25],
			"to": [9.49184, -7, 15.5],
			"rotation": {"angle": 0, "axis": "y", "origin": [8, -8, 8]},
			"faces": {
				"north": {"uv": [0, 0, 2.98369, 2], "texture": "#3"},
				"south": {"uv": [0, 0, 2.98369, 2], "texture": "#3"},
				"up": {"uv": [0, 0, 2.98369, 0.25], "texture": "#3"},
				"down": {"uv": [0, 0, 2.98369, 0.25], "texture": "#3"}
			}
		},
		{
			"name": "hexadecagon",
			"from": [6.50816, -9, 15.25],
			"to": [9.49184, -7, 15.5],
			"rotation": {"angle": 22.5, "axis": "y", "origin": [8, -8, 8]},
			"faces": {
				"north": {"uv": [0, 0, 2.98369, 2], "texture": "#3"},
				"south": {"uv": [0, 0, 2.98369, 2], "texture": "#3"},
				"up": {"uv": [0, 0, 2.98369, 0.25], "texture": "#3"},
				"down": {"uv": [0, 0, 2.98369, 0.25], "texture": "#3"}
			}
		},
		{
			"name": "hexadecagon",
			"from": [6.50816, -9, 15.25],
			"to": [9.49184, -7, 15.5],
			"rotation": {"angle": 45, "axis": "y", "origin": [8, -8, 8]},
			"faces": {
				"north": {"uv": [0, 0, 2.98369, 2], "texture": "#3"},
				"south": {"uv": [0, 0, 2.98369, 2], "texture": "#3"},
				"up": {"uv": [0, 0, 2.98369, 0.25], "texture": "#3"},
				"down": {"uv": [0, 0, 2.98369, 0.25], "texture": "#3"}
			}
		},
		{
			"name": "hexadecagon",
			"from": [0.5, -9, 6.50816],
			"to": [0.75, -7, 9.49184],
			"rotation": {"angle": -22.5, "axis": "y", "origin": [8, -8, 8]},
			"faces": {
				"east": {"uv": [0, 0, 2.98369, 2], "texture": "#3"},
				"west": {"uv": [0, 0, 2.98369, 2], "texture": "#3"},
				"up": {"uv": [0, 0, 0.25, 2.98369], "texture": "#3"},
				"down": {"uv": [0, 0, 0.25, 2.98369], "texture": "#3"}
			}
		},
		{
			"name": "hexadecagon",
			"from": [0.5, -9, 6.50816],
			"to": [0.75, -7, 9.49184],
			"rotation": {"angle": 0, "axis": "y", "origin": [8, -8, 8]},
			"faces": {
				"east": {"uv": [0, 0, 2.98369, 2], "texture": "#3"},
				"up": {"uv": [0, 0, 0.25, 2.98369], "texture": "#3"},
				"down": {"uv": [0, 0, 0.25, 2.98369], "texture": "#3"}
			}
		},
		{
			"name": "hexadecagon",
			"from": [0.5, -9, 6.50816],
			"to": [0.75, -7, 9.49184],
			"rotation": {"angle": 22.5, "axis": "y", "origin": [8, -8, 8]},
			"faces": {
				"east": {"uv": [0, 0, 2.98369, 2], "texture": "#3"},
				"west": {"uv": [0, 0, 2.98369, 2], "texture": "#3"},
				"up": {"uv": [0, 0, 0.25, 2.98369], "texture": "#3"},
				"down": {"uv": [0, 0, 0.25, 2.98369], "texture": "#3"}
			}
		},
		{
			"name": "hexadecagon",
			"from": [15.25, -9, 6.50816],
			"to": [15.5, -7, 9.49184],
			"rotation": {"angle": -22.5, "axis": "y", "origin": [8, -8, 8]},
			"faces": {
				"east": {"uv": [0, 0, 2.98369, 2], "texture": "#3"},
				"west": {"uv": [0, 0, 2.98369, 2], "texture": "#3"},
				"up": {"uv": [0, 0, 0.25, 2.98369], "texture": "#3"},
				"down": {"uv": [0, 0, 0.25, 2.98369], "texture": "#3"}
			}
		},
		{
			"name": "hexadecagon",
			"from": [15.25, -9, 6.50816],
			"to": [15.5, -7, 9.49184],
			"rotation": {"angle": 0, "axis": "y", "origin": [8, -8, 8]},
			"faces": {
				"west": {"uv": [0, 0, 2.98369, 2], "texture": "#3"},
				"up": {"uv": [0, 0, 0.25, 2.98369], "texture": "#3"},
				"down": {"uv": [0, 0, 0.25, 2.98369], "texture": "#3"}
			}
		},
		{
			"name": "hexadecagon",
			"from": [15.25, -9, 6.50816],
			"to": [15.5, -7, 9.49184],
			"rotation": {"angle": 22.5, "axis": "y", "origin": [8, -8, 8]},
			"faces": {
				"east": {"uv": [0, 0, 2.98369, 2], "texture": "#3"},
				"west": {"uv": [0, 0, 2.98369, 2], "texture": "#3"},
				"up": {"uv": [0, 0, 0.25, 2.98369], "texture": "#3"},
				"down": {"uv": [0, 0, 0.25, 2.98369], "texture": "#3"}
			}
		},
		{
			"name": "hexadecagon",
			"from": [6.50816, 4, 0.5],
			"to": [9.49184, 6, 0.75],
			"rotation": {"angle": -45, "axis": "y", "origin": [8, 5, 8]},
			"faces": {
				"north": {"uv": [0, 0, 2.98369, 2], "texture": "#3"},
				"south": {"uv": [0, 0, 2.98369, 2], "texture": "#3"},
				"up": {"uv": [0, 0, 2.98369, 0.25], "texture": "#3"},
				"down": {"uv": [0, 0, 2.98369, 0.25], "texture": "#3"}
			}
		},
		{
			"name": "hexadecagon",
			"from": [6.50816, 4, 0.5],
			"to": [9.49184, 6, 0.75],
			"rotation": {"angle": -22.5, "axis": "y", "origin": [8, 5, 8]},
			"faces": {
				"north": {"uv": [0, 0, 2.98369, 2], "texture": "#3"},
				"south": {"uv": [0, 0, 2.98369, 2], "texture": "#3"},
				"up": {"uv": [0, 0, 2.98369, 0.25], "texture": "#3"},
				"down": {"uv": [0, 0, 2.98369, 0.25], "texture": "#3"}
			}
		},
		{
			"name": "hexadecagon",
			"from": [6.50816, 4, 0.5],
			"to": [9.49184, 6, 0.75],
			"rotation": {"angle": 0, "axis": "y", "origin": [8, 5, 8]},
			"faces": {
				"north": {"uv": [0, 0, 2.98369, 2], "texture": "#3"},
				"south": {"uv": [0, 0, 2.98369, 2], "texture": "#3"},
				"up": {"uv": [0, 0, 2.98369, 0.25], "texture": "#3"},
				"down": {"uv": [0, 0, 2.98369, 0.25], "texture": "#3"}
			}
		},
		{
			"name": "hexadecagon",
			"from": [6.50816, 4, 0.5],
			"to": [9.49184, 6, 0.75],
			"rotation": {"angle": 22.5, "axis": "y", "origin": [8, 5, 8]},
			"faces": {
				"north": {"uv": [0, 0, 2.98369, 2], "texture": "#3"},
				"south": {"uv": [0, 0, 2.98369, 2], "texture": "#3"},
				"up": {"uv": [0, 0, 2.98369, 0.25], "texture": "#3"},
				"down": {"uv": [0, 0, 2.98369, 0.25], "texture": "#3"}
			}
		},
		{
			"name": "hexadecagon",
			"from": [6.50816, 4, 0.5],
			"to": [9.49184, 6, 0.75],
			"rotation": {"angle": 45, "axis": "y", "origin": [8, 5, 8]},
			"faces": {
				"north": {"uv": [0, 0, 2.98369, 2], "texture": "#3"},
				"south": {"uv": [0, 0, 2.98369, 2], "texture": "#3"},
				"up": {"uv": [0, 0, 2.98369, 0.25], "texture": "#3"},
				"down": {"uv": [0, 0, 2.98369, 0.25], "texture": "#3"}
			}
		},
		{
			"name": "hexadecagon",
			"from": [6.50816, 4, 15.25],
			"to": [9.49184, 6, 15.5],
			"rotation": {"angle": -45, "axis": "y", "origin": [8, 5, 8]},
			"faces": {
				"north": {"uv": [0, 0, 2.98369, 2], "texture": "#3"},
				"south": {"uv": [0, 0, 2.98369, 2], "texture": "#3"},
				"up": {"uv": [0, 0, 2.98369, 0.25], "texture": "#3"},
				"down": {"uv": [0, 0, 2.98369, 0.25], "texture": "#3"}
			}
		},
		{
			"name": "hexadecagon",
			"from": [6.50816, 4, 15.25],
			"to": [9.49184, 6, 15.5],
			"rotation": {"angle": -22.5, "axis": "y", "origin": [8, 5, 8]},
			"faces": {
				"north": {"uv": [0, 0, 2.98369, 2], "texture": "#3"},
				"south": {"uv": [0, 0, 2.98369, 2], "texture": "#3"},
				"up": {"uv": [0, 0, 2.98369, 0.25], "texture": "#3"},
				"down": {"uv": [0, 0, 2.98369, 0.25], "texture": "#3"}
			}
		},
		{
			"name": "hexadecagon",
			"from": [6.50816, 4, 15.25],
			"to": [9.49184, 6, 15.5],
			"rotation": {"angle": 0, "axis": "y", "origin": [8, 5, 8]},
			"faces": {
				"north": {"uv": [0, 0, 2.98369, 2], "texture": "#3"},
				"south": {"uv": [0, 0, 2.98369, 2], "texture": "#3"},
				"up": {"uv": [0, 0, 2.98369, 0.25], "texture": "#3"},
				"down": {"uv": [0, 0, 2.98369, 0.25], "texture": "#3"}
			}
		},
		{
			"name": "hexadecagon",
			"from": [6.50816, 4, 15.25],
			"to": [9.49184, 6, 15.5],
			"rotation": {"angle": 22.5, "axis": "y", "origin": [8, 5, 8]},
			"faces": {
				"north": {"uv": [0, 0, 2.98369, 2], "texture": "#3"},
				"south": {"uv": [0, 0, 2.98369, 2], "texture": "#3"},
				"up": {"uv": [0, 0, 2.98369, 0.25], "texture": "#3"},
				"down": {"uv": [0, 0, 2.98369, 0.25], "texture": "#3"}
			}
		},
		{
			"name": "hexadecagon",
			"from": [6.50816, 4, 15.25],
			"to": [9.49184, 6, 15.5],
			"rotation": {"angle": 45, "axis": "y", "origin": [8, 5, 8]},
			"faces": {
				"north": {"uv": [0, 0, 2.98369, 2], "texture": "#3"},
				"south": {"uv": [0, 0, 2.98369, 2], "texture": "#3"},
				"up": {"uv": [0, 0, 2.98369, 0.25], "texture": "#3"},
				"down": {"uv": [0, 0, 2.98369, 0.25], "texture": "#3"}
			}
		},
		{
			"name": "hexadecagon",
			"from": [0.5, 4, 6.50816],
			"to": [0.75, 6, 9.49184],
			"rotation": {"angle": -22.5, "axis": "y", "origin": [8, 5, 8]},
			"faces": {
				"east": {"uv": [0, 0, 2.98369, 2], "texture": "#3"},
				"west": {"uv": [0, 0, 2.98369, 2], "texture": "#3"},
				"up": {"uv": [0, 0, 0.25, 2.98369], "texture": "#3"},
				"down": {"uv": [0, 0, 0.25, 2.98369], "texture": "#3"}
			}
		},
		{
			"name": "hexadecagon",
			"from": [0.5, 4, 6.50816],
			"to": [0.75, 6, 9.49184],
			"rotation": {"angle": 0, "axis": "y", "origin": [8, 5, 8]},
			"faces": {
				"east": {"uv": [0, 0, 2.98369, 2], "texture": "#3"},
				"up": {"uv": [0, 0, 0.25, 2.98369], "texture": "#3"},
				"down": {"uv": [0, 0, 0.25, 2.98369], "texture": "#3"}
			}
		},
		{
			"name": "hexadecagon",
			"from": [0.5, 4, 6.50816],
			"to": [0.75, 6, 9.49184],
			"rotation": {"angle": 22.5, "axis": "y", "origin": [8, 5, 8]},
			"faces": {
				"east": {"uv": [0, 0, 2.98369, 2], "texture": "#3"},
				"west": {"uv": [0, 0, 2.98369, 2], "texture": "#3"},
				"up": {"uv": [0, 0, 0.25, 2.98369], "texture": "#3"},
				"down": {"uv": [0, 0, 0.25, 2.98369], "texture": "#3"}
			}
		},
		{
			"name": "hexadecagon",
			"from": [15.25, 4, 6.50816],
			"to": [15.5, 6, 9.49184],
			"rotation": {"angle": -22.5, "axis": "y", "origin": [8, 5, 8]},
			"faces": {
				"east": {"uv": [0, 0, 2.98369, 2], "texture": "#3"},
				"west": {"uv": [0, 0, 2.98369, 2], "texture": "#3"},
				"up": {"uv": [0, 0, 0.25, 2.98369], "texture": "#3"},
				"down": {"uv": [0, 0, 0.25, 2.98369], "texture": "#3"}
			}
		},
		{
			"name": "hexadecagon",
			"from": [15.25, 4, 6.50816],
			"to": [15.5, 6, 9.49184],
			"rotation": {"angle": 0, "axis": "y", "origin": [8, 5, 8]},
			"faces": {
				"west": {"uv": [0, 0, 2.98369, 2], "texture": "#3"},
				"up": {"uv": [0, 0, 0.25, 2.98369], "texture": "#3"},
				"down": {"uv": [0, 0, 0.25, 2.98369], "texture": "#3"}
			}
		},
		{
			"name": "hexadecagon",
			"from": [15.25, 4, 6.50816],
			"to": [15.5, 6, 9.49184],
			"rotation": {"angle": 22.5, "axis": "y", "origin": [8, 5, 8]},
			"faces": {
				"east": {"uv": [0, 0, 2.98369, 2], "texture": "#3"},
				"west": {"uv": [0, 0, 2.98369, 2], "texture": "#3"},
				"up": {"uv": [0, 0, 0.25, 2.98369], "texture": "#3"},
				"down": {"uv": [0, 0, 0.25, 2.98369], "texture": "#3"}
			}
		},
		{
			"name": "hexadecagon",
			"from": [6.50816, 16, 0.5],
			"to": [9.49184, 18, 0.75],
			"rotation": {"angle": -45, "axis": "y", "origin": [8, 17, 8]},
			"faces": {
				"north": {"uv": [0, 0, 2.98369, 2], "texture": "#3"},
				"south": {"uv": [0, 0, 2.98369, 2], "texture": "#3"},
				"up": {"uv": [0, 0, 2.98369, 0.25], "texture": "#3"},
				"down": {"uv": [0, 0, 2.98369, 0.25], "texture": "#3"}
			}
		},
		{
			"name": "hexadecagon",
			"from": [6.50816, 16, 0.5],
			"to": [9.49184, 18, 0.75],
			"rotation": {"angle": -22.5, "axis": "y", "origin": [8, 17, 8]},
			"faces": {
				"north": {"uv": [0, 0, 2.98369, 2], "texture": "#3"},
				"south": {"uv": [0, 0, 2.98369, 2], "texture": "#3"},
				"up": {"uv": [0, 0, 2.98369, 0.25], "texture": "#3"},
				"down": {"uv": [0, 0, 2.98369, 0.25], "texture": "#3"}
			}
		},
		{
			"name": "hexadecagon",
			"from": [6.50816, 16, 0.5],
			"to": [9.49184, 18, 0.75],
			"rotation": {"angle": 0, "axis": "y", "origin": [8, 17, 8]},
			"faces": {
				"north": {"uv": [0, 0, 2.98369, 2], "texture": "#3"},
				"south": {"uv": [0, 0, 2.98369, 2], "texture": "#3"},
				"up": {"uv": [0, 0, 2.98369, 0.25], "texture": "#3"},
				"down": {"uv": [0, 0, 2.98369, 0.25], "texture": "#3"}
			}
		},
		{
			"name": "hexadecagon",
			"from": [6.50816, 16, 0.5],
			"to": [9.49184, 18, 0.75],
			"rotation": {"angle": 22.5, "axis": "y", "origin": [8, 17, 8]},
			"faces": {
				"north": {"uv": [0, 0, 2.98369, 2], "texture": "#3"},
				"south": {"uv": [0, 0, 2.98369, 2], "texture": "#3"},
				"up": {"uv": [0, 0, 2.98369, 0.25], "texture": "#3"},
				"down": {"uv": [0, 0, 2.98369, 0.25], "texture": "#3"}
			}
		},
		{
			"name": "hexadecagon",
			"from": [6.50816, 16, 0.5],
			"to": [9.49184, 18, 0.75],
			"rotation": {"angle": 45, "axis": "y", "origin": [8, 17, 8]},
			"faces": {
				"north": {"uv": [0, 0, 2.98369, 2], "texture": "#3"},
				"south": {"uv": [0, 0, 2.98369, 2], "texture": "#3"},
				"up": {"uv": [0, 0, 2.98369, 0.25], "texture": "#3"},
				"down": {"uv": [0, 0, 2.98369, 0.25], "texture": "#3"}
			}
		},
		{
			"name": "hexadecagon",
			"from": [6.50816, 16, 15.25],
			"to": [9.49184, 18, 15.5],
			"rotation": {"angle": -45, "axis": "y", "origin": [8, 17, 8]},
			"faces": {
				"north": {"uv": [0, 0, 2.98369, 2], "texture": "#3"},
				"south": {"uv": [0, 0, 2.98369, 2], "texture": "#3"},
				"up": {"uv": [0, 0, 2.98369, 0.25], "texture": "#3"},
				"down": {"uv": [0, 0, 2.98369, 0.25], "texture": "#3"}
			}
		},
		{
			"name": "hexadecagon",
			"from": [6.50816, 16, 15.25],
			"to": [9.49184, 18, 15.5],
			"rotation": {"angle": -22.5, "axis": "y", "origin": [8, 17, 8]},
			"faces": {
				"north": {"uv": [0, 0, 2.98369, 2], "texture": "#3"},
				"south": {"uv": [0, 0, 2.98369, 2], "texture": "#3"},
				"up": {"uv": [0, 0, 2.98369, 0.25], "texture": "#3"},
				"down": {"uv": [0, 0, 2.98369, 0.25], "texture": "#3"}
			}
		},
		{
			"name": "hexadecagon",
			"from": [6.50816, 16, 15.25],
			"to": [9.49184, 18, 15.5],
			"rotation": {"angle": 0, "axis": "y", "origin": [8, 17, 8]},
			"faces": {
				"north": {"uv": [0, 0, 2.98369, 2], "texture": "#3"},
				"south": {"uv": [0, 0, 2.98369, 2], "texture": "#3"},
				"up": {"uv": [0, 0, 2.98369, 0.25], "texture": "#3"},
				"down": {"uv": [0, 0, 2.98369, 0.25], "texture": "#3"}
			}
		},
		{
			"name": "hexadecagon",
			"from": [6.50816, 16, 15.25],
			"to": [9.49184, 18, 15.5],
			"rotation": {"angle": 22.5, "axis": "y", "origin": [8, 17, 8]},
			"faces": {
				"north": {"uv": [0, 0, 2.98369, 2], "texture": "#3"},
				"south": {"uv": [0, 0, 2.98369, 2], "texture": "#3"},
				"up": {"uv": [0, 0, 2.98369, 0.25], "texture": "#3"},
				"down": {"uv": [0, 0, 2.98369, 0.25], "texture": "#3"}
			}
		},
		{
			"name": "hexadecagon",
			"from": [6.50816, 16, 15.25],
			"to": [9.49184, 18, 15.5],
			"rotation": {"angle": 45, "axis": "y", "origin": [8, 17, 8]},
			"faces": {
				"north": {"uv": [0, 0, 2.98369, 2], "texture": "#3"},
				"south": {"uv": [0, 0, 2.98369, 2], "texture": "#3"},
				"up": {"uv": [0, 0, 2.98369, 0.25], "texture": "#3"},
				"down": {"uv": [0, 0, 2.98369, 0.25], "texture": "#3"}
			}
		},
		{
			"name": "hexadecagon",
			"from": [0.5, 16, 6.50816],
			"to": [0.75, 18, 9.49184],
			"rotation": {"angle": -22.5, "axis": "y", "origin": [8, 17, 8]},
			"faces": {
				"east": {"uv": [0, 0, 2.98369, 2], "texture": "#3"},
				"west": {"uv": [0, 0, 2.98369, 2], "texture": "#3"},
				"up": {"uv": [0, 0, 0.25, 2.98369], "texture": "#3"},
				"down": {"uv": [0, 0, 0.25, 2.98369], "texture": "#3"}
			}
		},
		{
			"name": "hexadecagon",
			"from": [0.5, 16, 6.50816],
			"to": [0.75, 18, 9.49184],
			"rotation": {"angle": 0, "axis": "y", "origin": [8, 17, 8]},
			"faces": {
				"east": {"uv": [0, 0, 2.98369, 2], "texture": "#3"},
				"up": {"uv": [0, 0, 0.25, 2.98369], "texture": "#3"},
				"down": {"uv": [0, 0, 0.25, 2.98369], "texture": "#3"}
			}
		},
		{
			"name": "hexadecagon",
			"from": [0.5, 16, 6.50816],
			"to": [0.75, 18, 9.49184],
			"rotation": {"angle": 22.5, "axis": "y", "origin": [8, 17, 8]},
			"faces": {
				"east": {"uv": [0, 0, 2.98369, 2], "texture": "#3"},
				"west": {"uv": [0, 0, 2.98369, 2], "texture": "#3"},
				"up": {"uv": [0, 0, 0.25, 2.98369], "texture": "#3"},
				"down": {"uv": [0, 0, 0.25, 2.98369], "texture": "#3"}
			}
		},
		{
			"name": "hexadecagon",
			"from": [15.25, 16, 6.50816],
			"to": [15.5, 18, 9.49184],
			"rotation": {"angle": -22.5, "axis": "y", "origin": [8, 17, 8]},
			"faces": {
				"east": {"uv": [0, 0, 2.98369, 2], "texture": "#3"},
				"west": {"uv": [0, 0, 2.98369, 2], "texture": "#3"},
				"up": {"uv": [0, 0, 0.25, 2.98369], "texture": "#3"},
				"down": {"uv": [0, 0, 0.25, 2.98369], "texture": "#3"}
			}
		},
		{
			"name": "hexadecagon",
			"from": [15.25, 16, 6.50816],
			"to": [15.5, 18, 9.49184],
			"rotation": {"angle": 0, "axis": "y", "origin": [8, 17, 8]},
			"faces": {
				"west": {"uv": [0, 0, 2.98369, 2], "texture": "#3"},
				"up": {"uv": [0, 0, 0.25, 2.98369], "texture": "#3"},
				"down": {"uv": [0, 0, 0.25, 2.98369], "texture": "#3"}
			}
		},
		{
			"name": "hexadecagon",
			"from": [15.25, 16, 6.50816],
			"to": [15.5, 18, 9.49184],
			"rotation": {"angle": 22.5, "axis": "y", "origin": [8, 17, 8]},
			"faces": {
				"east": {"uv": [0, 0, 2.98369, 2], "texture": "#3"},
				"west": {"uv": [0, 0, 2.98369, 2], "texture": "#3"},
				"up": {"uv": [0, 0, 0.25, 2.98369], "texture": "#3"},
				"down": {"uv": [0, 0, 0.25, 2.98369], "texture": "#3"}
			}
		},
		{
			"name": "hexadecagon",
			"from": [6.50816, 29, 0.5],
			"to": [9.49184, 31, 0.75],
			"rotation": {"angle": -45, "axis": "y", "origin": [8, 30, 8]},
			"faces": {
				"north": {"uv": [0, 0, 2.98369, 2], "texture": "#3"},
				"south": {"uv": [0, 0, 2.98369, 2], "texture": "#3"},
				"up": {"uv": [0, 0, 2.98369, 0.25], "texture": "#3"},
				"down": {"uv": [0, 0, 2.98369, 0.25], "texture": "#3"}
			}
		},
		{
			"name": "hexadecagon",
			"from": [6.50816, 29, 0.5],
			"to": [9.49184, 31, 0.75],
			"rotation": {"angle": -22.5, "axis": "y", "origin": [8, 30, 8]},
			"faces": {
				"north": {"uv": [0, 0, 2.98369, 2], "texture": "#3"},
				"south": {"uv": [0, 0, 2.98369, 2], "texture": "#3"},
				"up": {"uv": [0, 0, 2.98369, 0.25], "texture": "#3"},
				"down": {"uv": [0, 0, 2.98369, 0.25], "texture": "#3"}
			}
		},
		{
			"name": "hexadecagon",
			"from": [6.50816, 29, 0.5],
			"to": [9.49184, 31, 0.75],
			"rotation": {"angle": 0, "axis": "y", "origin": [8, 30, 8]},
			"faces": {
				"north": {"uv": [0, 0, 2.98369, 2], "texture": "#3"},
				"south": {"uv": [0, 0, 2.98369, 2], "texture": "#3"},
				"down": {"uv": [0, 0, 2.98369, 0.25], "texture": "#3"}
			}
		},
		{
			"name": "hexadecagon",
			"from": [6.50816, 29, 0.5],
			"to": [9.49184, 31, 0.75],
			"rotation": {"angle": 22.5, "axis": "y", "origin": [8, 30, 8]},
			"faces": {
				"north": {"uv": [0, 0, 2.98369, 2], "texture": "#3"},
				"south": {"uv": [0, 0, 2.98369, 2], "texture": "#3"},
				"up": {"uv": [0, 0, 2.98369, 0.25], "texture": "#3"},
				"down": {"uv": [0, 0, 2.98369, 0.25], "texture": "#3"}
			}
		},
		{
			"name": "hexadecagon",
			"from": [6.50816, 29, 0.5],
			"to": [9.49184, 31, 0.75],
			"rotation": {"angle": 45, "axis": "y", "origin": [8, 30, 8]},
			"faces": {
				"north": {"uv": [0, 0, 2.98369, 2], "texture": "#3"},
				"south": {"uv": [0, 0, 2.98369, 2], "texture": "#3"},
				"up": {"uv": [0, 0, 2.98369, 0.25], "texture": "#3"},
				"down": {"uv": [0, 0, 2.98369, 0.25], "texture": "#3"}
			}
		},
		{
			"name": "hexadecagon",
			"from": [6.50816, 29, 15.25],
			"to": [9.49184, 31, 15.5],
			"rotation": {"angle": -45, "axis": "y", "origin": [8, 30, 8]},
			"faces": {
				"north": {"uv": [0, 0, 2.98369, 2], "texture": "#3"},
				"south": {"uv": [0, 0, 2.98369, 2], "texture": "#3"},
				"up": {"uv": [0, 0, 2.98369, 0.25], "texture": "#3"},
				"down": {"uv": [0, 0, 2.98369, 0.25], "texture": "#3"}
			}
		},
		{
			"name": "hexadecagon",
			"from": [6.50816, 29, 15.25],
			"to": [9.49184, 31, 15.5],
			"rotation": {"angle": -22.5, "axis": "y", "origin": [8, 30, 8]},
			"faces": {
				"north": {"uv": [0, 0, 2.98369, 2], "texture": "#3"},
				"south": {"uv": [0, 0, 2.98369, 2], "texture": "#3"},
				"up": {"uv": [0, 0, 2.98369, 0.25], "texture": "#3"},
				"down": {"uv": [0, 0, 2.98369, 0.25], "texture": "#3"}
			}
		},
		{
			"name": "hexadecagon",
			"from": [6.50816, 29, 15.25],
			"to": [9.49184, 31, 15.5],
			"rotation": {"angle": 0, "axis": "y", "origin": [8, 30, 8]},
			"faces": {
				"north": {"uv": [0, 0, 2.98369, 2], "texture": "#3"},
				"south": {"uv": [0, 0, 2.98369, 2], "texture": "#3"},
				"down": {"uv": [0, 0, 2.98369, 0.25], "texture": "#3"}
			}
		},
		{
			"name": "hexadecagon",
			"from": [6.50816, 29, 15.25],
			"to": [9.49184, 31, 15.5],
			"rotation": {"angle": 22.5, "axis": "y", "origin": [8, 30, 8]},
			"faces": {
				"north": {"uv": [0, 0, 2.98369, 2], "texture": "#3"},
				"south": {"uv": [0, 0, 2.98369, 2], "texture": "#3"},
				"up": {"uv": [0, 0, 2.98369, 0.25], "texture": "#3"},
				"down": {"uv": [0, 0, 2.98369, 0.25], "texture": "#3"}
			}
		},
		{
			"name": "hexadecagon",
			"from": [6.50816, 29, 15.25],
			"to": [9.49184, 31, 15.5],
			"rotation": {"angle": 45, "axis": "y", "origin": [8, 30, 8]},
			"faces": {
				"north": {"uv": [0, 0, 2.98369, 2], "texture": "#3"},
				"south": {"uv": [0, 0, 2.98369, 2], "texture": "#3"},
				"up": {"uv": [0, 0, 2.98369, 0.25], "texture": "#3"},
				"down": {"uv": [0, 0, 2.98369, 0.25], "texture": "#3"}
			}
		},
		{
			"name": "hexadecagon",
			"from": [0.5, 29, 6.50816],
			"to": [0.75, 31, 9.49184],
			"rotation": {"angle": -22.5, "axis": "y", "origin": [8, 30, 8]},
			"faces": {
				"east": {"uv": [0, 0, 2.98369, 2], "texture": "#3"},
				"west": {"uv": [0, 0, 2.98369, 2], "texture": "#3"},
				"up": {"uv": [0, 0, 0.25, 2.98369], "texture": "#3"},
				"down": {"uv": [0, 0, 0.25, 2.98369], "texture": "#3"}
			}
		},
		{
			"name": "hexadecagon",
			"from": [0.5, 29, 6.50816],
			"to": [0.75, 31, 9.49184],
			"rotation": {"angle": 0, "axis": "y", "origin": [8, 30, 8]},
			"faces": {
				"east": {"uv": [0, 0, 2.98369, 2], "texture": "#3"},
				"down": {"uv": [0, 0, 0.25, 2.98369], "texture": "#3"}
			}
		},
		{
			"name": "hexadecagon",
			"from": [0.5, 29, 6.50816],
			"to": [0.75, 31, 9.49184],
			"rotation": {"angle": 22.5, "axis": "y", "origin": [8, 30, 8]},
			"faces": {
				"east": {"uv": [0, 0, 2.98369, 2], "texture": "#3"},
				"west": {"uv": [0, 0, 2.98369, 2], "texture": "#3"},
				"up": {"uv": [0, 0, 0.25, 2.98369], "texture": "#3"},
				"down": {"uv": [0, 0, 0.25, 2.98369], "texture": "#3"}
			}
		},
		{
			"name": "hexadecagon",
			"from": [15.25, 29, 6.50816],
			"to": [15.5, 31, 9.49184],
			"rotation": {"angle": -22.5, "axis": "y", "origin": [8, 30, 8]},
			"faces": {
				"east": {"uv": [0, 0, 2.98369, 2], "texture": "#3"},
				"west": {"uv": [0, 0, 2.98369, 2], "texture": "#3"},
				"up": {"uv": [0, 0, 0.25, 2.98369], "texture": "#3"},
				"down": {"uv": [0, 0, 0.25, 2.98369], "texture": "#3"}
			}
		},
		{
			"name": "hexadecagon",
			"from": [15.25, 29, 6.50816],
			"to": [15.5, 31, 9.49184],
			"rotation": {"angle": 0, "axis": "y", "origin": [8, 30, 8]},
			"faces": {
				"west": {"uv": [0, 0, 2.98369, 2], "texture": "#3"},
				"down": {"uv": [0, 0, 0.25, 2.98369], "texture": "#3"}
			}
		},
		{
			"name": "hexadecagon",
			"from": [15.25, 29, 6.50816],
			"to": [15.5, 31, 9.49184],
			"rotation": {"angle": 22.5, "axis": "y", "origin": [8, 30, 8]},
			"faces": {
				"east": {"uv": [0, 0, 2.98369, 2], "texture": "#3"},
				"west": {"uv": [0, 0, 2.98369, 2], "texture": "#3"},
				"up": {"uv": [0, 0, 0.25, 2.98369], "texture": "#3"},
				"down": {"uv": [0, 0, 0.25, 2.98369], "texture": "#3"}
			}
		},
		{
			"name": "hexadecagon",
			"from": [6.57231, -15, 0.8225],
			"to": [9.42769, 31, 1.07],
			"rotation": {"angle": -45, "axis": "y", "origin": [8, 0, 8]},
			"faces": {
				"north": {"uv": [0, 0, 1, 1], "texture": "#4"},
				"down": {"uv": [0, 0, 1, 1], "texture": "#4"}
			}
		},
		{
			"name": "hexadecagon",
			"from": [6.57231, -15, 0.8225],
			"to": [9.42769, 31, 1.07],
			"rotation": {"angle": -22.5, "axis": "y", "origin": [8, 0, 8]},
			"faces": {
				"north": {"uv": [0, 0, 1, 1], "texture": "#4"},
				"down": {"uv": [0, 0, 1, 1], "texture": "#4"}
			}
		},
		{
			"name": "hexadecagon",
			"from": [6.57231, -15, 0.8225],
			"to": [9.42769, 31, 1.07],
			"rotation": {"angle": 0, "axis": "y", "origin": [8, 0, 8]},
			"faces": {
				"north": {"uv": [0, 0, 1, 1], "texture": "#4"}
			}
		},
		{
			"name": "hexadecagon",
			"from": [6.57231, -15, 0.8225],
			"to": [9.42769, 31, 1.07],
			"rotation": {"angle": 22.5, "axis": "y", "origin": [8, 0, 8]},
			"faces": {
				"north": {"uv": [0, 0, 1, 1], "texture": "#4"},
				"down": {"uv": [0, 0, 1, 1], "texture": "#4"}
			}
		},
		{
			"name": "hexadecagon",
			"from": [6.57231, -15, 0.8225],
			"to": [9.42769, 31, 1.07],
			"rotation": {"angle": 45, "axis": "y", "origin": [8, 0, 8]},
			"faces": {
				"north": {"uv": [0, 0, 1, 1], "texture": "#4"},
				"down": {"uv": [0, 0, 1, 1], "texture": "#4"}
			}
		},
		{
			"name": "hexadecagon",
			"from": [6.57231, -15, 14.93],
			"to": [9.42769, 31, 15.1775],
			"rotation": {"angle": -45, "axis": "y", "origin": [8, 0, 8]},
			"faces": {
				"south": {"uv": [0, 0, 1, 1], "texture": "#4"},
				"down": {"uv": [0, 0, 1, 1], "texture": "#4"}
			}
		},
		{
			"name": "hexadecagon",
			"from": [6.57231, -15, 14.93],
			"to": [9.42769, 31, 15.1775],
			"rotation": {"angle": -22.5, "axis": "y", "origin": [8, 0, 8]},
			"faces": {
				"south": {"uv": [0, 0, 1, 1], "texture": "#4"},
				"down": {"uv": [0, 0, 1, 1], "texture": "#4"}
			}
		},
		{
			"name": "hexadecagon",
			"from": [6.57231, -15, 14.93],
			"to": [9.42769, 31, 15.1775],
			"rotation": {"angle": 0, "axis": "y", "origin": [8, 0, 8]},
			"faces": {
				"south": {"uv": [0, 0, 1, 1], "texture": "#4"}
			}
		},
		{
			"name": "hexadecagon",
			"from": [6.57231, -15, 14.93],
			"to": [9.42769, 31, 15.1775],
			"rotation": {"angle": 22.5, "axis": "y", "origin": [8, 0, 8]},
			"faces": {
				"south": {"uv": [0, 0, 1, 1], "texture": "#4"},
				"down": {"uv": [0, 0, 1, 1], "texture": "#4"}
			}
		},
		{
			"name": "hexadecagon",
			"from": [6.57231, -15, 14.93],
			"to": [9.42769, 31, 15.1775],
			"rotation": {"angle": 45, "axis": "y", "origin": [8, 0, 8]},
			"faces": {
				"south": {"uv": [0, 0, 1, 1], "texture": "#4"},
				"down": {"uv": [0, 0, 1, 1], "texture": "#4"}
			}
		},
		{
			"name": "hexadecagon",
			"from": [0.8225, -15, 6.57231],
			"to": [1.07, 31, 9.42769],
			"rotation": {"angle": -22.5, "axis": "y", "origin": [8, 0, 8]},
			"faces": {
				"west": {"uv": [0, 0, 1, 1], "texture": "#4"},
				"down": {"uv": [0, 0, 1, 1], "texture": "#4"}
			}
		},
		{
			"name": "hexadecagon",
			"from": [0.8225, -15, 6.57231],
			"to": [1.07, 31, 9.42769],
			"rotation": {"angle": 0, "axis": "y", "origin": [8, 0, 8]},
			"faces": {
				"east": {"uv": [0, 0, 1, 1], "texture": "#4"},
				"west": {"uv": [0, 0, 1, 1], "texture": "#4"}
			}
		},
		{
			"name": "hexadecagon",
			"from": [0.8225, -15, 6.57231],
			"to": [1.07, 31, 9.42769],
			"rotation": {"angle": 22.5, "axis": "y", "origin": [8, 0, 8]},
			"faces": {
				"west": {"uv": [0, 0, 1, 1], "texture": "#4"},
				"down": {"uv": [0, 0, 1, 1], "texture": "#4"}
			}
		},
		{
			"name": "hexadecagon",
			"from": [14.93, -15, 6.57231],
			"to": [15.1775, 31, 9.42769],
			"rotation": {"angle": -22.5, "axis": "y", "origin": [8, 0, 8]},
			"faces": {
				"east": {"uv": [0, 0, 1, 1], "texture": "#4"},
				"down": {"uv": [0, 0, 1, 1], "texture": "#4"}
			}
		},
		{
			"name": "hexadecagon",
			"from": [14.93, -15, 6.57231],
			"to": [15.1775, 31, 9.42769],
			"rotation": {"angle": 0, "axis": "y", "origin": [8, 0, 8]},
			"faces": {
				"east": {"uv": [0, 0, 1, 1], "texture": "#4"},
				"west": {"uv": [0, 0, 1, 1], "texture": "#4"}
			}
		},
		{
			"name": "hexadecagon",
			"from": [14.93, -15, 6.57231],
			"to": [15.1775, 31, 9.42769],
			"rotation": {"angle": 22.5, "axis": "y", "origin": [8, 0, 8]},
			"faces": {
				"east": {"uv": [0, 0, 1, 1], "texture": "#4"},
				"down": {"uv": [0, 0, 1, 1], "texture": "#4"}
			}
		},
		{
			"name": "hexadecagon",
			"from": [6.20979, 10, -1],
			"to": [9.79021, 12, -0.75],
			"rotation": {"angle": -45, "axis": "y", "origin": [8, 11, 8]},
			"faces": {
				"north": {"uv": [0, 0, 3.58042, 2], "texture": "#3"},
				"south": {"uv": [0, 0, 3.58042, 2], "texture": "#3"},
				"up": {"uv": [0, 0, 3.58042, 0.25], "texture": "#3"},
				"down": {"uv": [0, 0, 3.58042, 0.25], "texture": "#3"}
			}
		},
		{
			"name": "hexadecagon",
			"from": [6.20979, 10, -1],
			"to": [9.79021, 12, -0.75],
			"rotation": {"angle": -22.5, "axis": "y", "origin": [8, 11, 8]},
			"faces": {
				"north": {"uv": [0, 0, 3.58042, 2], "texture": "#3"},
				"south": {"uv": [0, 0, 3.58042, 2], "texture": "#3"},
				"up": {"uv": [0, 0, 3.58042, 0.25], "texture": "#3"},
				"down": {"uv": [0, 0, 3.58042, 0.25], "texture": "#3"}
			}
		},
		{
			"name": "hexadecagon",
			"from": [6.20979, 10, -1],
			"to": [9.79021, 12, -0.75],
			"rotation": {"angle": 0, "axis": "y", "origin": [8, 11, 8]},
			"faces": {
				"north": {"uv": [0, 0, 3.58042, 2], "texture": "#3"},
				"south": {"uv": [0, 0, 3.58042, 2], "texture": "#3"},
				"up": {"uv": [0, 0, 3.58042, 0.25], "texture": "#3"},
				"down": {"uv": [0, 0, 3.58042, 0.25], "texture": "#3"}
			}
		},
		{
			"name": "hexadecagon",
			"from": [15.97, 10.125, 4],
			"to": [20.00042, 11.875, 4.25],
			"rotation": {"angle": 0, "axis": "y", "origin": [18.025, 11.125, 13]},
			"faces": {
				"north": {"uv": [0, 0, 3.58042, 2], "texture": "#3"},
				"east": {"uv": [0, 0, 0.25, 2], "texture": "#3"},
				"south": {"uv": [0, 0, 3.58042, 2], "texture": "#3"},
				"up": {"uv": [0, 0, 3.58042, 0.25], "texture": "#3"},
				"down": {"uv": [0, 0, 3.58042, 0.25], "texture": "#3"}
			}
		},
		{
			"name": "hexadecagon",
			"from": [15.97, 10.125, 11.775],
			"to": [20.00042, 11.875, 12.025],
			"rotation": {"angle": 0, "axis": "y", "origin": [18.025, 11.125, 20.775]},
			"faces": {
				"north": {"uv": [0, 0, 3.58042, 2], "texture": "#3"},
				"east": {"uv": [0, 0, 0.25, 2], "texture": "#3"},
				"south": {"uv": [0, 0, 3.58042, 2], "texture": "#3"},
				"up": {"uv": [0, 0, 3.58042, 0.25], "texture": "#3"},
				"down": {"uv": [0, 0, 3.58042, 0.25], "texture": "#3"}
			}
		},
		{
			"name": "hexadecagon",
			"from": [6.20979, 10, -1],
			"to": [9.79021, 12, -0.75],
			"rotation": {"angle": 22.5, "axis": "y", "origin": [8, 11, 8]},
			"faces": {
				"north": {"uv": [0, 0, 3.58042, 2], "texture": "#3"},
				"south": {"uv": [0, 0, 3.58042, 2], "texture": "#3"},
				"up": {"uv": [0, 0, 3.58042, 0.25], "texture": "#3"},
				"down": {"uv": [0, 0, 3.58042, 0.25], "texture": "#3"}
			}
		},
		{
			"name": "hexadecagon",
			"from": [6.20979, 10, -1],
			"to": [9.79021, 12, -0.75],
			"rotation": {"angle": 45, "axis": "y", "origin": [8, 11, 8]},
			"faces": {
				"north": {"uv": [0, 0, 3.58042, 2], "texture": "#3"},
				"south": {"uv": [0, 0, 3.58042, 2], "texture": "#3"},
				"up": {"uv": [0, 0, 3.58042, 0.25], "texture": "#3"},
				"down": {"uv": [0, 0, 3.58042, 0.25], "texture": "#3"}
			}
		},
		{
			"name": "hexadecagon",
			"from": [6.20979, 10, 16.75],
			"to": [9.79021, 12, 17],
			"rotation": {"angle": -45, "axis": "y", "origin": [8, 11, 8]},
			"faces": {
				"north": {"uv": [0, 0, 3.58042, 2], "texture": "#3"},
				"south": {"uv": [0, 0, 3.58042, 2], "texture": "#3"},
				"up": {"uv": [0, 0, 3.58042, 0.25], "texture": "#3"},
				"down": {"uv": [0, 0, 3.58042, 0.25], "texture": "#3"}
			}
		},
		{
			"name": "hexadecagon",
			"from": [6.20979, 10, 16.75],
			"to": [9.79021, 12, 17],
			"rotation": {"angle": -22.5, "axis": "y", "origin": [8, 11, 8]},
			"faces": {
				"north": {"uv": [0, 0, 3.58042, 2], "texture": "#3"},
				"south": {"uv": [0, 0, 3.58042, 2], "texture": "#3"},
				"up": {"uv": [0, 0, 3.58042, 0.25], "texture": "#3"},
				"down": {"uv": [0, 0, 3.58042, 0.25], "texture": "#3"}
			}
		},
		{
			"name": "hexadecagon",
			"from": [6.20979, 10, 16.75],
			"to": [9.79021, 12, 17],
			"rotation": {"angle": 0, "axis": "y", "origin": [8, 11, 8]},
			"faces": {
				"north": {"uv": [0, 0, 3.58042, 2], "texture": "#3"},
				"south": {"uv": [0, 0, 3.58042, 2], "texture": "#3"},
				"up": {"uv": [0, 0, 3.58042, 0.25], "texture": "#3"},
				"down": {"uv": [0, 0, 3.58042, 0.25], "texture": "#3"}
			}
		},
		{
			"name": "hexadecagon",
			"from": [6.20979, 10, 16.75],
			"to": [9.79021, 12, 17],
			"rotation": {"angle": 22.5, "axis": "y", "origin": [8, 11, 8]},
			"faces": {
				"north": {"uv": [0, 0, 3.58042, 2], "texture": "#3"},
				"south": {"uv": [0, 0, 3.58042, 2], "texture": "#3"},
				"up": {"uv": [0, 0, 3.58042, 0.25], "texture": "#3"},
				"down": {"uv": [0, 0, 3.58042, 0.25], "texture": "#3"}
			}
		},
		{
			"name": "hexadecagon",
			"from": [6.20979, 10, 16.75],
			"to": [9.79021, 12, 17],
			"rotation": {"angle": 45, "axis": "y", "origin": [8, 11, 8]},
			"faces": {
				"north": {"uv": [0, 0, 3.58042, 2], "texture": "#3"},
				"south": {"uv": [0, 0, 3.58042, 2], "texture": "#3"},
				"up": {"uv": [0, 0, 3.58042, 0.25], "texture": "#3"},
				"down": {"uv": [0, 0, 3.58042, 0.25], "texture": "#3"}
			}
		},
		{
			"name": "hexadecagon",
			"from": [-1, 10, 6.20979],
			"to": [-0.75, 12, 9.79021],
			"rotation": {"angle": -22.5, "axis": "y", "origin": [8, 11, 8]},
			"faces": {
				"east": {"uv": [0, 0, 3.58042, 2], "texture": "#3"},
				"west": {"uv": [0, 0, 3.58042, 2], "texture": "#3"},
				"up": {"uv": [0, 0, 0.25, 3.58042], "texture": "#3"},
				"down": {"uv": [0, 0, 0.25, 3.58042], "texture": "#3"}
			}
		},
		{
			"name": "hexadecagon",
			"from": [-1, 10, 6.20979],
			"to": [-0.75, 12, 9.79021],
			"rotation": {"angle": 0, "axis": "y", "origin": [8, 11, 8]},
			"faces": {
				"east": {"uv": [0, 0, 3.58042, 2], "texture": "#3"},
				"west": {"uv": [0, 0, 3.58042, 2], "texture": "#3"},
				"up": {"uv": [0, 0, 0.25, 3.58042], "texture": "#3"},
				"down": {"uv": [0, 0, 0.25, 3.58042], "texture": "#3"}
			}
		},
		{
			"name": "hexadecagon",
			"from": [-1, 10, 6.20979],
			"to": [-0.75, 12, 9.79021],
			"rotation": {"angle": 22.5, "axis": "y", "origin": [8, 11, 8]},
			"faces": {
				"east": {"uv": [0, 0, 3.58042, 2], "texture": "#3"},
				"west": {"uv": [0, 0, 3.58042, 2], "texture": "#3"},
				"up": {"uv": [0, 0, 0.25, 3.58042], "texture": "#3"},
				"down": {"uv": [0, 0, 0.25, 3.58042], "texture": "#3"}
			}
		},
		{
			"name": "hexadecagon",
			"from": [16.75, 10, 6.20979],
			"to": [17, 12, 9.79021],
			"rotation": {"angle": -22.5, "axis": "y", "origin": [8, 11, 8]},
			"faces": {
				"east": {"uv": [0, 0, 3.58042, 2], "texture": "#3"},
				"west": {"uv": [0, 0, 3.58042, 2], "texture": "#3"},
				"up": {"uv": [0, 0, 0.25, 3.58042], "texture": "#3"},
				"down": {"uv": [0, 0, 0.25, 3.58042], "texture": "#3"}
			}
		},
		{
			"name": "hexadecagon",
			"from": [16.75, 10, 6.20979],
			"to": [17, 12, 9.79021],
			"rotation": {"angle": 0, "axis": "y", "origin": [8, 11, 8]},
			"faces": {
				"east": {"uv": [0, 0, 3.58042, 2], "texture": "#3"},
				"west": {"uv": [0, 0, 3.58042, 2], "texture": "#3"},
				"up": {"uv": [0, 0, 0.25, 3.58042], "texture": "#3"},
				"down": {"uv": [0, 0, 0.25, 3.58042], "texture": "#3"}
			}
		},
		{
			"name": "hexadecagon",
			"from": [19, 10.125, 4.24729],
			"to": [20, 11.875, 11.77771],
			"rotation": {"angle": 0, "axis": "y", "origin": [11, 11.125, 7.9875]},
			"faces": {
				"east": {"uv": [0, 0, 7.58042, 2], "texture": "#3"},
				"west": {"uv": [0, 0, 3.58042, 2], "texture": "#3"},
				"up": {"uv": [0, 0, 0.25, 3.58042], "texture": "#3"},
				"down": {"uv": [0, 0, 0.25, 3.58042], "texture": "#3"}
			}
		},
		{
			"name": "hexadecagon",
			"from": [16.75, 10, 6.20979],
			"to": [17, 12, 9.79021],
			"rotation": {"angle": 22.5, "axis": "y", "origin": [8, 11, 8]},
			"faces": {
				"east": {"uv": [0, 0, 3.58042, 2], "texture": "#3"},
				"west": {"uv": [0, 0, 3.58042, 2], "texture": "#3"},
				"up": {"uv": [0, 0, 0.25, 3.58042], "texture": "#3"},
				"down": {"uv": [0, 0, 0.25, 3.58042], "texture": "#3"}
			}
		},
		{
			"name": "hexadecagon",
			"from": [-6.10986, 10.125, 4.24729],
			"to": [-3.10986, 11.875, 11.77771],
			"rotation": {"angle": 0, "axis": "y", "origin": [2.89014, 11.125, 7.9875]},
			"faces": {
				"east": {"uv": [3.58042, 0, 0, 2], "texture": "#3"},
				"west": {"uv": [7.58042, 0, 0, 2], "texture": "#3"},
				"up": {"uv": [0.25, 0, 0, 3.58042], "texture": "#3"},
				"down": {"uv": [0.25, 0, 0, 3.58042], "texture": "#3"}
			}
		},
		{
			"name": "hexadecagon",
			"from": [-6.11028, 10.125, 4],
			"to": [-0.07986, 11.875, 4.25],
			"rotation": {"angle": 0, "axis": "y", "origin": [-4.13486, 11.125, 13]},
			"faces": {
				"north": {"uv": [3.58042, 0, 0, 2], "texture": "#3"},
				"south": {"uv": [3.58042, 0, 0, 2], "texture": "#3"},
				"west": {"uv": [0.25, 0, 0, 2], "texture": "#3"},
				"up": {"uv": [3.58042, 0, 0, 0.25], "texture": "#3"},
				"down": {"uv": [3.58042, 0, 0, 0.25], "texture": "#3"}
			}
		},
		{
			"name": "hexadecagon",
			"from": [-6.11028, 10.125, 11.775],
			"to": [-0.07986, 11.875, 12.025],
			"rotation": {"angle": 0, "axis": "y", "origin": [-4.13486, 11.125, 20.775]},
			"faces": {
				"north": {"uv": [3.58042, 0, 0, 2], "texture": "#3"},
				"east": {"uv": [0.25, 0, 0, 2], "texture": "#3"},
				"south": {"uv": [3.58042, 0, 0, 2], "texture": "#3"},
				"west": {"uv": [0.25, 0, 0, 2], "texture": "#3"},
				"up": {"uv": [3.58042, 0, 0, 0.25], "texture": "#3"},
				"down": {"uv": [3.58042, 0, 0, 0.25], "texture": "#3"}
			}
		}
	],
	"display": {
		"thirdperson_righthand": {
			"rotation": [0, 90, 55],
			"translation": [0, 2.5, 2.5],
			"scale": [0.15, 0.15, 0.15]
		},
		"thirdperson_lefthand": {
			"rotation": [0, 90, 55],
			"translation": [0, 2.5, 2.5],
			"scale": [0.15, 0.15, 0.15]
		},
		"firstperson_righthand": {
			"rotation": [0, 90, 25],
			"translation": [0, 1.6, 0.8],
			"scale": [0.15, 0.15, 0.15]
		},
		"firstperson_lefthand": {
			"rotation": [0, 90, 25],
			"translation": [0, 1.6, 0.8],
			"scale": [0.15, 0.15, 0.15]
		},
		"ground": {
			"scale": [0.15, 0.15, 0.15]
		},
		"gui": {
			"rotation": [25, 30, 0],
			"scale": [0.28, 0.28, 0.28]
		},
		"head": {
			"scale": [0.15, 0.15, 0.15]
		},
		"fixed": {
			"rotation": [-90, 0, 0],
			"translation": [0, 0, -47],
			"scale": [2, 2, 2]
		}
	},
	"groups": [0, 1, 2, 3, 4, 5, 6, 7, 8, 9, 10, 11,
		{
			"name": "moving",
			"origin": [12, 7, 12],
			"children": [12, 13, 14, 15]
		},
		{
			"name": "hexadecagon",
			"origin": [8, 8, 8],
			"children": [16, 17, 18, 19, 20, 21, 22, 23, 24, 25, 26, 27, 28, 29, 30, 31]
		},
		{
			"name": "hexadecagon",
			"origin": [8, 8, 8],
			"children": [32, 33, 34, 35, 36, 37, 38, 39, 40, 41, 42, 43, 44, 45, 46, 47]
		},
		{
			"name": "hexadecagon",
			"origin": [8, 8, 8],
			"children": [48, 49, 50, 51, 52, 53, 54, 55, 56, 57, 58, 59, 60, 61, 62, 63]
		},
		{
			"name": "hexadecagon",
			"origin": [8, 8, 8],
			"children": [64, 65, 66, 67, 68, 69, 70, 71, 72, 73, 74, 75, 76, 77, 78, 79]
		},
		{
			"name": "glass",
			"origin": [8, 8, 8],
			"children": [80, 81, 82, 83, 84, 85, 86, 87, 88, 89, 90, 91, 92, 93, 94, 95]
		},
		{
			"name": "hexadecagon",
			"origin": [8, 8, 8],
			"children": [96, 97, 98, 99, 100, 101, 102, 103, 104, 105, 106, 107, 108, 109, 110, 111, 112, 113, 114, 115, 116, 117]
		}
	]
}