{
	"credit": "Made with Blockbench",
	"textures": {
		"0": "minecraft:block/quartz_block_bottom",
		"1": "tardis:item/time_rotor/inner_glass",
		"2": "tardis:item/time_rotor/early",
		"3": "tardis:item/time_rotor/glass",
		"4": "tardis:item/time_rotor/early_top",
		"particle": "minecraft:block/quartz_block_bottom"
	},
	"elements": [
		{
			"from": [-0.05, -0.05, -0.05],
			"to": [16.05, 5.05, 16.05],
			"faces": {
				"north": {"uv": [0, 0, 16, 5], "texture": "#0"},
				"east": {"uv": [0, 0, 16, 5], "texture": "#0"},
				"south": {"uv": [0, 0, 16, 5], "texture": "#0"},
				"west": {"uv": [0, 0, 16, 5], "texture": "#0"},
				"up": {"uv": [0, 0, 16, 16], "texture": "#0"},
				"down": {"uv": [0, 0, 16, 16], "texture": "#0"}
			}
		},
		{
			"name": "hexadecagon",
			"from": [6.4087, 0, 0],
			"to": [9.5913, 18, 0.5],
			"rotation": {"angle": -45, "axis": "y", "origin": [8, 10, 8]},
			"faces": {
				"north": {"uv": [0, 0, 3.1826, 8], "texture": "#3"},
				"south": {"uv": [0, 0, 3.1826, 8], "texture": "#3"}
			}
		},
		{
			"name": "hexadecagon",
			"from": [6.4087, 0, 0],
			"to": [9.5913, 18, 0.5],
			"rotation": {"angle": -22.5, "axis": "y", "origin": [8, 10, 8]},
			"faces": {
				"north": {"uv": [0, 0, 3.1826, 8], "texture": "#3"},
				"south": {"uv": [0, 0, 3.1826, 8], "texture": "#3"}
			}
		},
		{
			"name": "hexadecagon",
			"from": [6.4087, 0, 0],
			"to": [9.5913, 18, 0.5],
			"rotation": {"angle": 0, "axis": "y", "origin": [8, 10, 8]},
			"faces": {
				"north": {"uv": [0, 0, 3.1826, 8], "texture": "#3"},
				"south": {"uv": [0, 0, 3.1826, 13], "texture": "#3"}
			}
		},
		{
			"name": "hexadecagon",
			"from": [6.4087, 0, 0],
			"to": [9.5913, 18, 0.5],
			"rotation": {"angle": 22.5, "axis": "y", "origin": [8, 10, 8]},
			"faces": {
				"north": {"uv": [0, 0, 3.1826, 8], "texture": "#3"},
				"south": {"uv": [0, 0, 3.1826, 8], "texture": "#3"}
			}
		},
		{
			"name": "hexadecagon",
			"from": [6.4087, 0, 0],
			"to": [9.5913, 18, 0.5],
			"rotation": {"angle": 45, "axis": "y", "origin": [8, 10, 8]},
			"faces": {
				"north": {"uv": [0, 0, 3.1826, 8], "texture": "#3"},
				"south": {"uv": [0, 0, 3.1826, 8], "texture": "#3"}
			}
		},
		{
			"name": "hexadecagon",
			"from": [6.4087, 0, 15.5],
			"to": [9.5913, 18, 16],
			"rotation": {"angle": -45, "axis": "y", "origin": [8, 10, 8]},
			"faces": {
				"north": {"uv": [0, 0, 3.1826, 8], "texture": "#3"},
				"south": {"uv": [0, 0, 3.1826, 8], "texture": "#3"}
			}
		},
		{
			"name": "hexadecagon",
			"from": [6.4087, 0, 15.5],
			"to": [9.5913, 18, 16],
			"rotation": {"angle": -22.5, "axis": "y", "origin": [8, 10, 8]},
			"faces": {
				"north": {"uv": [0, 0, 3.1826, 8], "texture": "#3"},
				"south": {"uv": [0, 0, 3.1826, 8], "texture": "#3"}
			}
		},
		{
			"name": "hexadecagon",
			"from": [6.4087, 0, 15.5],
			"to": [9.5913, 18, 16],
			"rotation": {"angle": 0, "axis": "y", "origin": [8, 10, 8]},
			"faces": {
				"north": {"uv": [0, 0, 3.1826, 8], "texture": "#3"},
				"south": {"uv": [0, 0, 3.1826, 8], "texture": "#3"}
			}
		},
		{
			"name": "hexadecagon",
			"from": [6.4087, 0, 15.5],
			"to": [9.5913, 18, 16],
			"rotation": {"angle": 22.5, "axis": "y", "origin": [8, 10, 8]},
			"faces": {
				"north": {"uv": [0, 0, 3.1826, 8], "texture": "#3"},
				"south": {"uv": [0, 0, 3.1826, 8], "texture": "#3"}
			}
		},
		{
			"name": "hexadecagon",
			"from": [6.4087, 0, 15.5],
			"to": [9.5913, 18, 16],
			"rotation": {"angle": 45, "axis": "y", "origin": [8, 10, 8]},
			"faces": {
				"north": {"uv": [0, 0, 3.1826, 8], "texture": "#3"},
				"south": {"uv": [0, 0, 3.1826, 8], "texture": "#3"}
			}
		},
		{
			"name": "hexadecagon",
			"from": [0, 0, 6.4087],
			"to": [0.5, 18, 9.5913],
			"rotation": {"angle": -22.5, "axis": "y", "origin": [8, 10, 8]},
			"faces": {
				"east": {"uv": [0, 0, 3.1826, 8], "texture": "#3"},
				"west": {"uv": [0, 0, 3.1826, 8], "texture": "#3"}
			}
		},
		{
			"name": "hexadecagon",
			"from": [0, 0, 6.4087],
			"to": [0.5, 18, 9.5913],
			"rotation": {"angle": 0, "axis": "y", "origin": [8, 10, 8]},
			"faces": {
				"east": {"uv": [0, 0, 3.1826, 8], "texture": "#3"},
				"west": {"uv": [0, 0, 3.1826, 8], "texture": "#3"}
			}
		},
		{
			"name": "hexadecagon",
			"from": [0, 0, 6.4087],
			"to": [0.5, 18, 9.5913],
			"rotation": {"angle": 22.5, "axis": "y", "origin": [8, 10, 8]},
			"faces": {
				"east": {"uv": [0, 0, 3.1826, 8], "texture": "#3"},
				"west": {"uv": [0, 0, 3.1826, 8], "texture": "#3"}
			}
		},
		{
			"name": "hexadecagon",
			"from": [15.5, 0, 6.4087],
			"to": [16, 18, 9.5913],
			"rotation": {"angle": -22.5, "axis": "y", "origin": [8, 10, 8]},
			"faces": {
				"east": {"uv": [0, 0, 3.1826, 8], "texture": "#3"},
				"west": {"uv": [0, 0, 3.1826, 8], "texture": "#3"}
			}
		},
		{
			"name": "hexadecagon",
			"from": [15.5, 0, 6.4087],
			"to": [16, 18, 9.5913],
			"rotation": {"angle": 0, "axis": "y", "origin": [8, 10, 8]},
			"faces": {
				"east": {"uv": [0, 0, 3.1826, 8], "texture": "#3"},
				"west": {"uv": [0, 0, 3.1826, 8], "texture": "#3"}
			}
		},
		{
			"name": "hexadecagon",
			"from": [15.5, 0, 6.4087],
			"to": [16, 18, 9.5913],
			"rotation": {"angle": 22.5, "axis": "y", "origin": [8, 10, 8]},
			"faces": {
				"east": {"uv": [0, 0, 3.1826, 8], "texture": "#3"},
				"west": {"uv": [0, 0, 3.1826, 8], "texture": "#3"}
			}
		},
		{
			"from": [0, 18, 0],
			"to": [16, 18, 16],
			"rotation": {"angle": 0, "axis": "y", "origin": [8, 26, 8]},
			"faces": {
				"up": {"uv": [0, 0, 16, 16], "texture": "#4"}
			}
		},
		{
			"name": "hexadecagon",
			"from": [6.80653, 12.5, 2],
			"to": [9.19347, 13, 2.5],
			"rotation": {"angle": -45, "axis": "y", "origin": [8, 9, 8]},
			"faces": {
				"north": {"uv": [0, 0, 2.38695, 8], "texture": "#3"},
				"south": {"uv": [0, 0, 2.38695, 8], "texture": "#3"},
				"up": {"uv": [0, 0, 2.38695, 0.5], "texture": "#3"}
			}
		},
		{
			"name": "hexadecagon",
			"from": [6.80653, 12.5, 2],
			"to": [9.19347, 13, 2.5],
			"rotation": {"angle": -22.5, "axis": "y", "origin": [8, 9, 8]},
			"faces": {
				"north": {"uv": [0, 0, 2.38695, 8], "texture": "#3"},
				"south": {"uv": [0, 0, 2.38695, 8], "texture": "#3"},
				"up": {"uv": [0, 0, 2.38695, 0.5], "texture": "#3"}
			}
		},
		{
			"name": "hexadecagon",
			"from": [6.80653, 12.5, 2],
			"to": [9.19347, 13, 2.5],
			"rotation": {"angle": 0, "axis": "y", "origin": [8, 9, 8]},
			"faces": {
				"north": {"uv": [0, 0, 2.38695, 8], "texture": "#3"},
				"south": {"uv": [0, 0, 2.38695, 8], "texture": "#3"},
				"up": {"uv": [0, 0, 2.38695, 0.5], "texture": "#3"}
			}
		},
		{
			"name": "hexadecagon",
			"from": [6.80653, 12.5, 2],
			"to": [9.19347, 13, 2.5],
			"rotation": {"angle": 22.5, "axis": "y", "origin": [8, 9, 8]},
			"faces": {
				"north": {"uv": [0, 0, 2.38695, 8], "texture": "#3"},
				"south": {"uv": [0, 0, 2.38695, 8], "texture": "#3"},
				"up": {"uv": [0, 0, 2.38695, 0.5], "texture": "#3"}
			}
		},
		{
			"name": "hexadecagon",
			"from": [6.80653, 12.5, 2],
			"to": [9.19347, 13, 2.5],
			"rotation": {"angle": 45, "axis": "y", "origin": [8, 9, 8]},
			"faces": {
				"north": {"uv": [0, 0, 2.38695, 8], "texture": "#3"},
				"south": {"uv": [0, 0, 2.38695, 8], "texture": "#3"},
				"up": {"uv": [0, 0, 2.38695, 0.5], "texture": "#3"}
			}
		},
		{
			"name": "hexadecagon",
			"from": [6.80653, 12.5, 13.5],
			"to": [9.19347, 13, 14],
			"rotation": {"angle": -45, "axis": "y", "origin": [8, 9, 8]},
			"faces": {
				"north": {"uv": [0, 0, 2.38695, 8], "texture": "#3"},
				"south": {"uv": [0, 0, 2.38695, 8], "texture": "#3"},
				"up": {"uv": [0, 0, 2.38695, 0.5], "texture": "#3"}
			}
		},
		{
			"name": "hexadecagon",
			"from": [6.80653, 12.5, 13.5],
			"to": [9.19347, 13, 14],
			"rotation": {"angle": -22.5, "axis": "y", "origin": [8, 9, 8]},
			"faces": {
				"north": {"uv": [0, 0, 2.38695, 8], "texture": "#3"},
				"south": {"uv": [0, 0, 2.38695, 8], "texture": "#3"},
				"up": {"uv": [0, 0, 2.38695, 0.5], "texture": "#3"}
			}
		},
		{
			"name": "hexadecagon",
			"from": [6.80653, 12.5, 13.5],
			"to": [9.19347, 13, 14],
			"rotation": {"angle": 0, "axis": "y", "origin": [8, 9, 8]},
			"faces": {
				"north": {"uv": [0, 0, 2.38695, 8], "texture": "#3"},
				"south": {"uv": [0, 0, 2.38695, 8], "texture": "#3"},
				"up": {"uv": [0, 0, 2.38695, 0.5], "texture": "#3"}
			}
		},
		{
			"name": "hexadecagon",
			"from": [6.80653, 12.5, 13.5],
			"to": [9.19347, 13, 14],
			"rotation": {"angle": 22.5, "axis": "y", "origin": [8, 9, 8]},
			"faces": {
				"north": {"uv": [0, 0, 2.38695, 8], "texture": "#3"},
				"south": {"uv": [0, 0, 2.38695, 8], "texture": "#3"},
				"up": {"uv": [0, 0, 2.38695, 0.5], "texture": "#3"}
			}
		},
		{
			"name": "hexadecagon",
			"from": [6.80653, 12.5, 13.5],
			"to": [9.19347, 13, 14],
			"rotation": {"angle": 45, "axis": "y", "origin": [8, 9, 8]},
			"faces": {
				"north": {"uv": [0, 0, 2.38695, 8], "texture": "#3"},
				"south": {"uv": [0, 0, 2.38695, 8], "texture": "#3"},
				"up": {"uv": [0, 0, 2.38695, 0.5], "texture": "#3"}
			}
		},
		{
			"name": "hexadecagon",
			"from": [2, 12.5, 6.80653],
			"to": [2.5, 13, 9.19347],
			"rotation": {"angle": -22.5, "axis": "y", "origin": [8, 9, 8]},
			"faces": {
				"east": {"uv": [0, 0, 2.38695, 8], "texture": "#3"},
				"west": {"uv": [0, 0, 2.38695, 8], "texture": "#3"},
				"up": {"uv": [0, 0, 0.5, 2.38695], "texture": "#3"}
			}
		},
		{
			"name": "hexadecagon",
			"from": [2, 12.5, 6.80653],
			"to": [2.5, 13, 9.19347],
			"rotation": {"angle": 0, "axis": "y", "origin": [8, 9, 8]},
			"faces": {
				"east": {"uv": [0, 0, 2.38695, 8], "texture": "#3"},
				"west": {"uv": [0, 0, 2.38695, 8], "texture": "#3"},
				"up": {"uv": [0, 0, 0.5, 2.38695], "texture": "#3"}
			}
		},
		{
			"name": "hexadecagon",
			"from": [2, 12.5, 6.80653],
			"to": [2.5, 13, 9.19347],
			"rotation": {"angle": 22.5, "axis": "y", "origin": [8, 9, 8]},
			"faces": {
				"east": {"uv": [0, 0, 2.38695, 8], "texture": "#3"},
				"west": {"uv": [0, 0, 2.38695, 8], "texture": "#3"},
				"up": {"uv": [0, 0, 0.5, 2.38695], "texture": "#3"}
			}
		},
		{
			"name": "hexadecagon",
			"from": [13.5, 12.5, 6.80653],
			"to": [14, 13, 9.19347],
			"rotation": {"angle": -22.5, "axis": "y", "origin": [8, 9, 8]},
			"faces": {
				"east": {"uv": [0, 0, 2.38695, 8], "texture": "#3"},
				"west": {"uv": [0, 0, 2.38695, 8], "texture": "#3"},
				"up": {"uv": [0, 0, 0.5, 2.38695], "texture": "#3"}
			}
		},
		{
			"name": "hexadecagon",
			"from": [13.5, 12.5, 6.80653],
			"to": [14, 13, 9.19347],
			"rotation": {"angle": 0, "axis": "y", "origin": [8, 9, 8]},
			"faces": {
				"east": {"uv": [0, 0, 2.38695, 8], "texture": "#3"},
				"west": {"uv": [0, 0, 2.38695, 8], "texture": "#3"},
				"up": {"uv": [0, 0, 0.5, 2.38695], "texture": "#3"}
			}
		},
		{
			"name": "hexadecagon",
			"from": [13.5, 12.5, 6.80653],
			"to": [14, 13, 9.19347],
			"rotation": {"angle": 22.5, "axis": "y", "origin": [8, 9, 8]},
			"faces": {
				"east": {"uv": [0, 0, 2.38695, 8], "texture": "#3"},
				"west": {"uv": [0, 0, 2.38695, 8], "texture": "#3"},
				"up": {"uv": [0, 0, 0.5, 2.38695], "texture": "#3"}
			}
		},
		{
			"name": "hexadecagon",
			"from": [7.5, 1, 2],
			"to": [8.5, 12.5, 2.5],
			"rotation": {"angle": 0, "axis": "y", "origin": [7.69347, 9, 8]},
			"faces": {
				"north": {"uv": [0, 0, 2.38695, 8], "texture": "#3"},
				"east": {"uv": [0, 0, 0.5, 8], "texture": "#3"},
				"south": {"uv": [0, 0, 2.38695, 8], "texture": "#3"},
				"west": {"uv": [0, 0, 0.5, 8], "texture": "#3"}
			}
		},
		{
			"name": "hexadecagon",
			"from": [7.5, 1, 2],
			"to": [8.5, 12.5, 2.5],
			"rotation": {"angle": -45, "axis": "y", "origin": [8, 6.75, 8]},
			"faces": {
				"north": {"uv": [0, 0, 2.38695, 8], "texture": "#3"},
				"east": {"uv": [0, 0, 0.5, 8], "texture": "#3"},
				"south": {"uv": [0, 0, 2.38695, 8], "texture": "#3"},
				"west": {"uv": [0, 0, 0.5, 8], "texture": "#3"}
			}
		},
		{
			"name": "hexadecagon",
			"from": [7.5, 1, 13.5],
			"to": [8.5, 12.5, 14],
			"rotation": {"angle": 0, "axis": "y", "origin": [8.69347, 9, 8]},
			"faces": {
				"north": {"uv": [0, 0, 2.38695, 8], "texture": "#3"},
				"east": {"uv": [0, 0, 0.5, 8], "texture": "#3"},
				"south": {"uv": [0, 0, 2.38695, 8], "texture": "#3"},
				"west": {"uv": [0, 0, 0.5, 8], "texture": "#3"}
			}
		},
		{
			"name": "hexadecagon",
			"from": [7.5, 1, 13.5],
			"to": [8.5, 12.5, 14],
			"rotation": {"angle": -45, "axis": "y", "origin": [8, 6.75, 8]},
			"faces": {
				"north": {"uv": [0, 0, 2.38695, 8], "texture": "#3"},
				"east": {"uv": [0, 0, 0.5, 8], "texture": "#3"},
				"south": {"uv": [0, 0, 2.38695, 8], "texture": "#3"},
				"west": {"uv": [0, 0, 0.5, 8], "texture": "#3"}
			}
		},
		{
			"name": "hexadecagon",
			"from": [2, 1, 7.5],
			"to": [2.5, 12.5, 8.5],
			"rotation": {"angle": 0, "axis": "y", "origin": [8, 9, 8.69347]},
			"faces": {
				"north": {"uv": [0, 0, 0.5, 8], "texture": "#3"},
				"east": {"uv": [0, 0, 2.38695, 8], "texture": "#3"},
				"south": {"uv": [0, 0, 0.5, 8], "texture": "#3"},
				"west": {"uv": [0, 0, 2.38695, 8], "texture": "#3"}
			}
		},
		{
			"name": "hexadecagon",
			"from": [2, 1, 7.5],
			"to": [2.5, 12.5, 8.5],
			"rotation": {"angle": -45, "axis": "y", "origin": [8, 6.75, 8]},
			"faces": {
				"north": {"uv": [0, 0, 0.5, 8], "texture": "#3"},
				"east": {"uv": [0, 0, 2.38695, 8], "texture": "#3"},
				"south": {"uv": [0, 0, 0.5, 8], "texture": "#3"},
				"west": {"uv": [0, 0, 2.38695, 8], "texture": "#3"}
			}
		},
		{
			"name": "hexadecagon",
			"from": [13.5, 1, 7.5],
			"to": [14, 12.5, 8.5],
			"rotation": {"angle": 0, "axis": "y", "origin": [8, 9, 8.69347]},
			"faces": {
				"north": {"uv": [0, 0, 0.5, 8], "texture": "#3"},
				"east": {"uv": [0, 0, 2.38695, 8], "texture": "#3"},
				"south": {"uv": [0, 0, 0.5, 8], "texture": "#3"},
				"west": {"uv": [0, 0, 2.38695, 8], "texture": "#3"}
			}
		},
		{
			"name": "hexadecagon",
			"from": [13.5, 1, 7.5],
			"to": [14, 12.5, 8.5],
			"rotation": {"angle": -45, "axis": "y", "origin": [8, 6.75, 8]},
			"faces": {
				"north": {"uv": [0, 0, 0.5, 8], "texture": "#3"},
				"east": {"uv": [0, 0, 2.38695, 8], "texture": "#3"},
				"south": {"uv": [0, 0, 0.5, 8], "texture": "#3"},
				"west": {"uv": [0, 0, 2.38695, 8], "texture": "#3"}
			}
		},
		{
			"from": [3, 5.1, 3],
			"to": [4, 14.1, 4],
			"rotation": {"angle": -22.5, "axis": "y", "origin": [8, 9.6, 8]},
			"faces": {
				"north": {"uv": [0, 0, 1, 9], "texture": "#2"},
				"east": {"uv": [0, 0, 1, 9], "texture": "#2"},
				"south": {"uv": [0, 0, 1, 9], "texture": "#2"},
				"west": {"uv": [0, 0, 1, 9], "texture": "#2"},
				"up": {"uv": [0, 0, 1, 1], "texture": "#2"},
				"down": {"uv": [0, 0, 1, 1], "texture": "#2"}
			}
		},
		{
			"from": [3, 5.1, 12],
			"to": [4, 14.1, 13],
			"rotation": {"angle": -22.5, "axis": "y", "origin": [8, 9.6, 8]},
			"faces": {
				"north": {"uv": [1, 0, 0, 9], "texture": "#2"},
				"east": {"uv": [1, 0, 0, 9], "texture": "#2"},
				"south": {"uv": [1, 0, 0, 9], "texture": "#2"},
				"west": {"uv": [1, 0, 0, 9], "texture": "#2"},
				"up": {"uv": [0, 1, 1, 0], "texture": "#2"},
				"down": {"uv": [0, 1, 1, 0], "texture": "#2"}
			}
		},
		{
			"from": [12, 5.1, 3],
			"to": [13, 14.1, 4],
			"rotation": {"angle": -22.5, "axis": "y", "origin": [8, 9.6, 8]},
			"faces": {
				"north": {"uv": [1, 0, 0, 9], "texture": "#2"},
				"east": {"uv": [1, 0, 0, 9], "texture": "#2"},
				"south": {"uv": [1, 0, 0, 9], "texture": "#2"},
				"west": {"uv": [1, 0, 0, 9], "texture": "#2"},
				"up": {"uv": [1, 0, 0, 1], "texture": "#2"},
				"down": {"uv": [1, 0, 0, 1], "texture": "#2"}
			}
		},
		{
			"from": [12, 5.1, 12],
			"to": [13, 14.1, 13],
			"rotation": {"angle": -22.5, "axis": "y", "origin": [8, 9.6, 8]},
			"faces": {
				"north": {"uv": [0, 0, 1, 9], "texture": "#2"},
				"east": {"uv": [0, 0, 1, 9], "texture": "#2"},
				"south": {"uv": [0, 0, 1, 9], "texture": "#2"},
				"west": {"uv": [0, 0, 1, 9], "texture": "#2"},
				"up": {"uv": [1, 1, 0, 0], "texture": "#2"},
				"down": {"uv": [1, 1, 0, 0], "texture": "#2"}
			}
		},
		{
			"from": [7.75, 9, 5.5],
			"to": [8.25, 15.5, 10.5],
			"rotation": {"angle": 0, "axis": "y", "origin": [8.25, 11.25, 8]},
			"faces": {
				"north": {"uv": [0, 0, 5, 5], "texture": "#3"},
				"east": {"uv": [0, 0, 5, 5], "texture": "#3"},
				"south": {"uv": [0, 0, 5, 5], "texture": "#3"},
				"west": {"uv": [0, 0, 5, 5], "texture": "#3"},
				"up": {"uv": [2, 2, 7, 7], "texture": "#3"},
				"down": {"uv": [2, 2, 7, 7], "texture": "#3"}
			}
		},
		{
			"from": [7.5, 9.25, 6],
			"to": [8.5, 15.25, 7.5],
			"rotation": {"angle": 0, "axis": "y", "origin": [8.25, 11.25, 8]},
			"faces": {
				"north": {"uv": [0, 0, 5, 5], "texture": "#1"},
				"east": {"uv": [0, 0, 5, 5], "texture": "#1"},
				"south": {"uv": [0, 0, 5, 5], "texture": "#1"},
				"west": {"uv": [0, 0, 5, 5], "texture": "#1"},
				"up": {"uv": [2, 2, 7, 7], "texture": "#1"},
				"down": {"uv": [2, 2, 7, 7], "texture": "#1"}
			}
		},
		{
			"from": [8.5, 16.15, 7.5],
			"to": [10, 17.4, 8.5],
			"rotation": {"angle": 0, "axis": "y", "origin": [8, 18.15, 8.25]},
			"faces": {
				"north": {"uv": [0, 0, 5, 5], "texture": "#1"},
				"east": {"uv": [0, 0, 5, 5], "texture": "#1"},
				"south": {"uv": [0, 0, 5, 5], "texture": "#1"},
				"west": {"uv": [0, 0, 5, 5], "texture": "#1"},
				"up": {"uv": [2, 2, 7, 7], "rotation": 90, "texture": "#1"},
				"down": {"uv": [2, 2, 7, 7], "rotation": 270, "texture": "#1"}
			}
		},
		{
			"from": [7.5, 9.25, 8.5],
			"to": [8.5, 15.25, 10],
			"rotation": {"angle": 0, "axis": "y", "origin": [8.25, 11.25, 8]},
			"faces": {
				"north": {"uv": [5, 0, 0, 5], "texture": "#1"},
				"east": {"uv": [5, 0, 0, 5], "texture": "#1"},
				"south": {"uv": [5, 0, 0, 5], "texture": "#1"},
				"west": {"uv": [5, 0, 0, 5], "texture": "#1"},
				"up": {"uv": [2, 7, 7, 2], "texture": "#1"},
				"down": {"uv": [2, 7, 7, 2], "texture": "#1"}
			}
		},
		{
			"from": [6, 16.15, 7.5],
			"to": [7.5, 17.4, 8.5],
			"rotation": {"angle": 0, "axis": "y", "origin": [8, 18.15, 8.25]},
			"faces": {
				"north": {"uv": [5, 0, 0, 5], "texture": "#1"},
				"east": {"uv": [5, 0, 0, 5], "texture": "#1"},
				"south": {"uv": [5, 0, 0, 5], "texture": "#1"},
				"west": {"uv": [5, 0, 0, 5], "texture": "#1"},
				"up": {"uv": [2, 7, 7, 2], "rotation": 90, "texture": "#1"},
				"down": {"uv": [2, 7, 7, 2], "rotation": 270, "texture": "#1"}
			}
		},
		{
			"from": [5.5, 15.775, 7.75],
			"to": [10.5, 17.775, 8.25],
			"rotation": {"angle": 0, "axis": "y", "origin": [8, 11.025, 7.75]},
			"faces": {
				"north": {"uv": [0, 0, 5, 3], "texture": "#3"},
				"east": {"uv": [0, 0, 1, 3], "texture": "#3"},
				"south": {"uv": [0, 0, 5, 3], "texture": "#3"},
				"west": {"uv": [0, 0, 1, 3], "texture": "#3"},
				"up": {"uv": [2, 2, 7, 3], "texture": "#3"},
				"down": {"uv": [2, 2, 7, 3], "texture": "#3"}
			}
		},
		{
			"from": [8.5, 6.25, 7],
			"to": [10.5, 8.25, 9],
			"rotation": {"angle": 0, "axis": "y", "origin": [8, 10.5, 8]},
			"faces": {
				"north": {"uv": [0, 0, 5, 3], "texture": "#3"},
				"east": {"uv": [0, 0, 1, 3], "texture": "#3"},
				"south": {"uv": [0, 0, 5, 3], "texture": "#3"},
				"west": {"uv": [0, 0, 1, 3], "texture": "#3"},
				"up": {"uv": [2, 2, 7, 3], "texture": "#3"},
				"down": {"uv": [2, 2, 7, 3], "texture": "#3"}
			}
		},
		{
			"from": [5.5, 6.25, 7],
			"to": [7.5, 8.25, 9],
			"rotation": {"angle": 0, "axis": "y", "origin": [8, 10.5, 8]},
			"faces": {
				"north": {"uv": [0, 0, 5, 3], "texture": "#3"},
				"east": {"uv": [0, 0, 1, 3], "texture": "#3"},
				"south": {"uv": [0, 0, 5, 3], "texture": "#3"},
				"west": {"uv": [0, 0, 1, 3], "texture": "#3"},
				"up": {"uv": [2, 2, 7, 3], "texture": "#3"},
				"down": {"uv": [2, 2, 7, 3], "texture": "#3"}
			}
		},
		{
			"from": [7.5, 6.75, 7.5],
			"to": [8.5, 7.5, 8.5],
			"rotation": {"angle": 0, "axis": "y", "origin": [9, 10.5, 8]},
			"faces": {
				"north": {"uv": [0, 0, 1, 0.75], "texture": "#3"},
				"south": {"uv": [0, 0, 1, 0.75], "texture": "#3"},
				"up": {"uv": [2, 2, 3, 3], "texture": "#3"},
				"down": {"uv": [2, 2, 3, 3], "texture": "#3"}
			}
		},
		{
			"from": [5.5, 5.25, 5.5],
			"to": [10.5, 6, 10.5],
			"rotation": {"angle": 0, "axis": "y", "origin": [8, 9.5, 9.5]},
			"faces": {
				"north": {"uv": [0, 0, 5, 3], "texture": "#3"},
				"east": {"uv": [0, 0, 1, 3], "texture": "#3"},
				"south": {"uv": [0, 0, 5, 3], "texture": "#3"},
				"west": {"uv": [0, 0, 1, 3], "texture": "#3"},
				"up": {"uv": [2, 2, 7, 3], "texture": "#3"},
				"down": {"uv": [2, 2, 7, 3], "texture": "#3"}
			}
		},
		{
			"name": "hexadecagon",
			"from": [7.20435, 9, 4],
			"to": [8.79565, 15.5, 4.25],
			"rotation": {"angle": -45, "axis": "y", "origin": [8, 11, 8]},
			"faces": {
				"north": {"uv": [0, 0, 1.5913, 6], "texture": "#3"},
				"south": {"uv": [0, 0, 1.5913, 6], "texture": "#3"},
				"up": {"uv": [0, 0, 1.5913, 0.25], "texture": "#3"},
				"down": {"uv": [0, 0, 1.5913, 0.25], "texture": "#3"}
			}
		},
		{
			"name": "hexadecagon",
			"from": [7.20435, 9, 4],
			"to": [8.79565, 15.5, 4.25],
			"rotation": {"angle": -22.5, "axis": "y", "origin": [8, 11, 8]},
			"faces": {
				"north": {"uv": [0, 0, 1.5913, 6], "texture": "#3"},
				"south": {"uv": [0, 0, 1.5913, 6], "texture": "#3"},
				"up": {"uv": [0, 0, 1.5913, 0.25], "texture": "#3"},
				"down": {"uv": [0, 0, 1.5913, 0.25], "texture": "#3"}
			}
		},
		{
			"name": "hexadecagon",
			"from": [7.20435, 9, 4],
			"to": [8.79565, 15.5, 4.25],
			"rotation": {"angle": 0, "axis": "y", "origin": [8, 11, 8]},
			"faces": {
				"north": {"uv": [0, 0, 1.5913, 6], "texture": "#3"},
				"south": {"uv": [0, 0, 1.5913, 6], "texture": "#3"},
				"up": {"uv": [0, 0, 1.5913, 0.25], "texture": "#3"},
				"down": {"uv": [0, 0, 1.5913, 0.25], "texture": "#3"}
			}
		},
		{
			"name": "hexadecagon",
			"from": [7.20435, 9, 4],
			"to": [8.79565, 15.5, 4.25],
			"rotation": {"angle": 22.5, "axis": "y", "origin": [8, 11, 8]},
			"faces": {
				"north": {"uv": [0, 0, 1.5913, 6], "texture": "#3"},
				"south": {"uv": [0, 0, 1.5913, 6], "texture": "#3"},
				"up": {"uv": [0, 0, 1.5913, 0.25], "texture": "#3"},
				"down": {"uv": [0, 0, 1.5913, 0.25], "texture": "#3"}
			}
		},
		{
			"name": "hexadecagon",
			"from": [7.20435, 9, 4],
			"to": [8.79565, 15.5, 4.25],
			"rotation": {"angle": 45, "axis": "y", "origin": [8, 11, 8]},
			"faces": {
				"north": {"uv": [0, 0, 1.5913, 6], "texture": "#3"},
				"south": {"uv": [0, 0, 1.5913, 6], "texture": "#3"},
				"up": {"uv": [0, 0, 1.5913, 0.25], "texture": "#3"},
				"down": {"uv": [0, 0, 1.5913, 0.25], "texture": "#3"}
			}
		},
		{
			"name": "hexadecagon",
			"from": [7.20435, 9, 11.75],
			"to": [8.79565, 15.5, 12],
			"rotation": {"angle": -45, "axis": "y", "origin": [8, 11, 8]},
			"faces": {
				"north": {"uv": [0, 0, 1.5913, 6], "texture": "#3"},
				"south": {"uv": [0, 0, 1.5913, 6], "texture": "#3"},
				"up": {"uv": [0, 0, 1.5913, 0.25], "texture": "#3"},
				"down": {"uv": [0, 0, 1.5913, 0.25], "texture": "#3"}
			}
		},
		{
			"name": "hexadecagon",
			"from": [7.20435, 9, 11.75],
			"to": [8.79565, 15.5, 12],
			"rotation": {"angle": -22.5, "axis": "y", "origin": [8, 11, 8]},
			"faces": {
				"north": {"uv": [0, 0, 1.5913, 6], "texture": "#3"},
				"south": {"uv": [0, 0, 1.5913, 6], "texture": "#3"},
				"up": {"uv": [0, 0, 1.5913, 0.25], "texture": "#3"},
				"down": {"uv": [0, 0, 1.5913, 0.25], "texture": "#3"}
			}
		},
		{
			"name": "hexadecagon",
			"from": [7.20435, 9, 11.75],
			"to": [8.79565, 15.5, 12],
			"rotation": {"angle": 0, "axis": "y", "origin": [8, 11, 8]},
			"faces": {
				"north": {"uv": [0, 0, 1.5913, 6], "texture": "#3"},
				"south": {"uv": [0, 0, 1.5913, 6], "texture": "#3"},
				"up": {"uv": [0, 0, 1.5913, 0.25], "texture": "#3"},
				"down": {"uv": [0, 0, 1.5913, 0.25], "texture": "#3"}
			}
		},
		{
			"name": "hexadecagon",
			"from": [7.20435, 9, 11.75],
			"to": [8.79565, 15.5, 12],
			"rotation": {"angle": 22.5, "axis": "y", "origin": [8, 11, 8]},
			"faces": {
				"north": {"uv": [0, 0, 1.5913, 6], "texture": "#3"},
				"south": {"uv": [0, 0, 1.5913, 6], "texture": "#3"},
				"up": {"uv": [0, 0, 1.5913, 0.25], "texture": "#3"},
				"down": {"uv": [0, 0, 1.5913, 0.25], "texture": "#3"}
			}
		},
		{
			"name": "hexadecagon",
			"from": [7.20435, 9, 11.75],
			"to": [8.79565, 15.5, 12],
			"rotation": {"angle": 45, "axis": "y", "origin": [8, 11, 8]},
			"faces": {
				"north": {"uv": [0, 0, 1.5913, 6], "texture": "#3"},
				"south": {"uv": [0, 0, 1.5913, 6], "texture": "#3"},
				"up": {"uv": [0, 0, 1.5913, 0.25], "texture": "#3"},
				"down": {"uv": [0, 0, 1.5913, 0.25], "texture": "#3"}
			}
		},
		{
			"name": "hexadecagon",
			"from": [4, 9, 7.20435],
			"to": [4.25, 15.5, 8.79565],
			"rotation": {"angle": -22.5, "axis": "y", "origin": [8, 11, 8]},
			"faces": {
				"east": {"uv": [0, 0, 1.5913, 6], "texture": "#3"},
				"west": {"uv": [0, 0, 1.5913, 6], "texture": "#3"},
				"up": {"uv": [0, 0, 0.25, 1.5913], "texture": "#3"},
				"down": {"uv": [0, 0, 0.25, 1.5913], "texture": "#3"}
			}
		},
		{
			"name": "hexadecagon",
			"from": [4, 9, 7.20435],
			"to": [4.25, 15.5, 8.79565],
			"rotation": {"angle": 0, "axis": "y", "origin": [8, 11, 8]},
			"faces": {
				"east": {"uv": [0, 0, 1.5913, 6], "texture": "#3"},
				"west": {"uv": [0, 0, 1.5913, 6], "texture": "#1"},
				"up": {"uv": [0, 0, 0.25, 1.5913], "texture": "#3"},
				"down": {"uv": [0, 0, 0.25, 1.5913], "texture": "#3"}
			}
		},
		{
			"name": "hexadecagon",
			"from": [4, 9, 7.20435],
			"to": [4.25, 15.5, 8.79565],
			"rotation": {"angle": 22.5, "axis": "y", "origin": [8, 11, 8]},
			"faces": {
				"east": {"uv": [0, 0, 1.5913, 6], "texture": "#3"},
				"west": {"uv": [0, 0, 1.5913, 6], "texture": "#3"},
				"up": {"uv": [0, 0, 0.25, 1.5913], "texture": "#3"},
				"down": {"uv": [0, 0, 0.25, 1.5913], "texture": "#3"}
			}
		},
		{
			"name": "hexadecagon",
			"from": [11.75, 9, 7.20435],
			"to": [12, 15.5, 8.79565],
			"rotation": {"angle": -22.5, "axis": "y", "origin": [8, 11, 8]},
			"faces": {
				"east": {"uv": [0, 0, 1.5913, 6], "texture": "#3"},
				"west": {"uv": [0, 0, 1.5913, 6], "texture": "#3"},
				"up": {"uv": [0, 0, 0.25, 1.5913], "texture": "#3"},
				"down": {"uv": [0, 0, 0.25, 1.5913], "texture": "#3"}
			}
		},
		{
			"name": "hexadecagon",
			"from": [11.75, 9, 7.20435],
			"to": [12, 15.5, 8.79565],
			"rotation": {"angle": 0, "axis": "y", "origin": [8, 11, 8]},
			"faces": {
				"east": {"uv": [0, 0, 1.5913, 6], "texture": "#1"},
				"west": {"uv": [0, 0, 1.5913, 6], "texture": "#3"},
				"up": {"uv": [0, 0, 0.25, 1.5913], "texture": "#3"},
				"down": {"uv": [0, 0, 0.25, 1.5913], "texture": "#3"}
			}
		},
		{
			"name": "hexadecagon",
			"from": [11.75, 9, 7.20435],
			"to": [12, 15.5, 8.79565],
			"rotation": {"angle": 22.5, "axis": "y", "origin": [8, 11, 8]},
			"faces": {
				"east": {"uv": [0, 0, 1.5913, 6], "texture": "#3"},
				"west": {"uv": [0, 0, 1.5913, 6], "texture": "#3"},
				"up": {"uv": [0, 0, 0.25, 1.5913], "texture": "#3"},
				"down": {"uv": [0, 0, 0.25, 1.5913], "texture": "#3"}
			}
		}
	],
	"display": {
		"thirdperson_righthand": {
			"rotation": [75, 45, 0],
			"translation": [0, 2.5, 0],
			"scale": [0.25, 0.25, 0.25]
		},
		"thirdperson_lefthand": {
			"rotation": [75, 45, 0],
			"translation": [0, 2.5, 0],
			"scale": [0.25, 0.25, 0.25]
		},
		"firstperson_righthand": {
			"rotation": [0, 45, 0],
			"translation": [0, 2.25, 0],
			"scale": [0.4, 0.4, 0.4]
		},
		"firstperson_lefthand": {
			"rotation": [0, 225, 0],
			"translation": [0, 2.25, 0],
			"scale": [0.4, 0.4, 0.4]
		},
		"ground": {
			"translation": [0, 3, 0],
			"scale": [0.25, 0.25, 0.25]
		},
		"gui": {
			"rotation": [30, 225, 0],
			"scale": [0.625, 0.625, 0.625]
		},
		"head": {
			"scale": [0.25, 0.25, 0.25]
		},
		"fixed": {
			"rotation": [-90, 0, 0],
			"translation": [0, 0, -15],
			"scale": [2.01, 2.01, 2.01]
		}
	},
	"groups": [0,
		{
			"name": "outer",
			"origin": [8, 8, 8],
			"children": [1, 2, 3, 4, 5, 6, 7, 8, 9, 10, 11, 12, 13, 14, 15, 16, 17]
		},
		{
			"name": "inner",
			"origin": [8, 8, 8],
			"children": [18, 19, 20, 21, 22, 23, 24, 25, 26, 27, 28, 29, 30, 31, 32, 33, 34, 35, 36, 37, 38, 39, 40, 41, 42, 43, 44, 45]
		},
		{
			"name": "group",
			"origin": [8, 8, 8],
			"children": [46, 47, 48, 49, 50, 51, 52, 53, 54, 55,
				{
					"name": "hexadecagon",
					"origin": [8, 8, 8],
					"children": [56, 57, 58, 59, 60, 61, 62, 63, 64, 65, 66, 67, 68, 69, 70, 71]
				}
			]
		}
	]
}