{
	"credit": "Made with Blockbench",
	"textures": {
		"0": "tardis:item/time_rotor/glass",
		"1": "tardis:item/sonic/light_silver",
		"2": "tardis:item/time_rotor/gallifrey1",
		"3": "tardis:item/time_rotor/gallifrey2",
		"4": "tardis:item/time_rotor/gallifrey3",
		"5": "tardis:item/time_rotor/gallifrey4",
		"6": "tardis:item/disk/silver_metal",
		"7": "tardis:item/balloons/orange",
		"particle": "tardis:item/time_rotor/glass"
	},
	"elements": [
		{
			"name": "hexadecagon",
			"from": [-16, 25.5, 3.2261],
			"to": [-12, 31.5, 12.7739],
			"rotation": {"angle": 22.5, "axis": "y", "origin": [8, 16.5, 8]},
			"faces": {
				"east": {"uv": [0, 0, 9.54779, 6], "texture": "#1"},
				"west": {"uv": [3.25, 0, 12.798, 6], "texture": "#4"},
				"up": {"uv": [0, 0, 9.54779, 4], "rotation": 270, "texture": "#1"},
				"down": {"uv": [3.375, 12, 12.92279, 16], "rotation": 90, "texture": "#5"}
			}
		},
		{
			"name": "hexadecagon",
			"from": [-16, 25.5, 3.2261],
			"to": [-12, 31.5, 12.7739],
			"rotation": {"angle": 45, "axis": "y", "origin": [8, 16.5, 8]},
			"faces": {
				"east": {"uv": [0, 0, 9.54779, 6], "texture": "#1"},
				"west": {"uv": [3.25, 6, 12.797, 12], "texture": "#3"},
				"up": {"uv": [0, 0, 9.54779, 4], "rotation": 270, "texture": "#1"},
				"down": {"uv": [3.375, 12, 12.92279, 16], "rotation": 90, "texture": "#5"}
			}
		},
		{
			"name": "hexadecagon",
			"from": [3.2261, 25.5, 28],
			"to": [12.7739, 31.5, 32],
			"rotation": {"angle": -22.5, "axis": "y", "origin": [8, 16.5, 8]},
			"faces": {
				"north": {"uv": [0, 0, 9.54779, 6], "texture": "#1"},
				"south": {"uv": [3.25, 0, 12.798, 6], "texture": "#5"},
				"up": {"uv": [0, 0, 9.54779, 4], "rotation": 180, "texture": "#1"},
				"down": {"uv": [3.375, 12, 12.92279, 16], "rotation": 180, "texture": "#5"}
			}
		},
		{
			"name": "hexadecagon",
			"from": [3.2261, 25.5, 28],
			"to": [12.7739, 31.5, 32],
			"rotation": {"angle": 0, "axis": "y", "origin": [8, 16.5, 8]},
			"faces": {
				"north": {"uv": [0, 0, 9.54779, 6], "texture": "#1"},
				"south": {"uv": [3.25, 5.875, 12.798, 11.875], "texture": "#2"},
				"up": {"uv": [0, 0, 9.54779, 4], "rotation": 180, "texture": "#1"},
				"down": {"uv": [3.375, 12, 12.92279, 16], "rotation": 180, "texture": "#5"}
			}
		},
		{
			"name": "hexadecagon",
			"from": [3.2261, 25.5, 28],
			"to": [12.7739, 31.5, 32],
			"rotation": {"angle": 22.5, "axis": "y", "origin": [8, 16.5, 8]},
			"faces": {
				"north": {"uv": [0, 0, 9.54779, 6], "texture": "#1"},
				"south": {"uv": [3.25, 0, 12.797, 6], "texture": "#4"},
				"up": {"uv": [0, 0, 9.54779, 4], "rotation": 180, "texture": "#1"},
				"down": {"uv": [3.375, 12, 12.92279, 16], "rotation": 180, "texture": "#5"}
			}
		},
		{
			"name": "hexadecagon",
			"from": [28, 25.5, 3.2261],
			"to": [32, 31.5, 12.7739],
			"rotation": {"angle": 22.5, "axis": "y", "origin": [8, 16.5, 8]},
			"faces": {
				"east": {"uv": [3.25, 0, 12.79779, 6], "texture": "#4"},
				"west": {"uv": [0, 0, 9.54779, 6], "texture": "#1"},
				"up": {"uv": [0, 0, 9.54779, 4], "rotation": 270, "texture": "#1"},
				"down": {"uv": [3.375, 12, 12.92279, 16], "rotation": 90, "texture": "#5"}
			}
		},
		{
			"name": "hexadecagon",
			"from": [28, 25.5, 3.2261],
			"to": [32, 31.5, 12.7739],
			"rotation": {"angle": 45, "axis": "y", "origin": [8, 16.5, 8]},
			"faces": {
				"east": {"uv": [3.25, 6, 12.797, 12], "texture": "#3"},
				"west": {"uv": [0, 0, 9.54779, 6], "texture": "#1"},
				"up": {"uv": [0, 0, 9.54779, 4], "rotation": 270, "texture": "#1"},
				"down": {"uv": [3.375, 12, 12.92279, 16], "rotation": 90, "texture": "#5"}
			}
		},
		{
			"name": "hexadecagon",
			"from": [3.2261, 25.5, -16],
			"to": [12.7739, 31.5, -12],
			"rotation": {"angle": -22.5, "axis": "y", "origin": [8, 16.5, 8]},
			"faces": {
				"north": {"uv": [3.25, 0, 12.79779, 6], "texture": "#5"},
				"south": {"uv": [0, 0, 9.54779, 6], "texture": "#1"},
				"up": {"uv": [0, 0, 9.54779, 4], "rotation": 180, "texture": "#1"},
				"down": {"uv": [3.375, 12, 12.92279, 16], "rotation": 180, "texture": "#5"}
			}
		},
		{
			"name": "hexadecagon",
			"from": [3.2261, 25.5, -16],
			"to": [12.7739, 31.5, -12],
			"rotation": {"angle": 0, "axis": "y", "origin": [8, 16.5, 8]},
			"faces": {
				"north": {"uv": [3.25, 6, 12.79779, 12], "texture": "#2"},
				"south": {"uv": [0, 0, 9.54779, 6], "texture": "#1"},
				"up": {"uv": [0, 0, 9.54779, 4], "rotation": 180, "texture": "#1"},
				"down": {"uv": [3.375, 12, 12.92279, 16], "rotation": 180, "texture": "#5"}
			}
		},
		{
			"name": "hexadecagon",
			"from": [3.2261, 25.5, -16],
			"to": [12.7739, 31.5, -12],
			"rotation": {"angle": 22.5, "axis": "y", "origin": [8, 16.5, 8]},
			"faces": {
				"north": {"uv": [3.25, 0, 12.797, 6], "texture": "#4"},
				"south": {"uv": [0, 0, 9.54779, 6], "texture": "#1"},
				"up": {"uv": [0, 0, 9.54779, 4], "rotation": 180, "texture": "#1"},
				"down": {"uv": [3.375, 12, 12.92279, 16], "rotation": 180, "texture": "#5"}
			}
		},
		{
			"name": "hexadecagon",
			"from": [3.2261, 25.5, 28],
			"to": [12.7739, 31.5, 32],
			"rotation": {"angle": 45, "axis": "y", "origin": [8, 16.5, 8]},
			"faces": {
				"north": {"uv": [0, 0, 9.54779, 6], "texture": "#1"},
				"south": {"uv": [3.125, 6, 12.67279, 12], "texture": "#3"},
				"up": {"uv": [0, 0, 4, 9.54779], "rotation": 270, "texture": "#1"},
				"down": {"uv": [3.375, 12, 12.92279, 16], "texture": "#5"}
			}
		},
		{
			"name": "hexadecagon",
			"from": [28, 25.5, 3.2261],
			"to": [32, 31.5, 12.7739],
			"rotation": {"angle": -22.5, "axis": "y", "origin": [8, 16.5, 8]},
			"faces": {
				"east": {"uv": [3.125, 6, 12.67279, 12], "texture": "#5"},
				"west": {"uv": [0, 0, 9.54779, 6], "texture": "#1"},
				"up": {"uv": [0, 0, 4, 9.54779], "rotation": 180, "texture": "#1"},
				"down": {"uv": [3.375, 12, 12.92279, 16], "rotation": 90, "texture": "#5"}
			}
		},
		{
			"name": "hexadecagon",
			"from": [28, 25.5, 3.2261],
			"to": [32, 31.5, 12.7739],
			"rotation": {"angle": 0, "axis": "y", "origin": [8, 16.5, 8]},
			"faces": {
				"east": {"uv": [3.25, 5.875, 12.797, 11.875], "texture": "#2"},
				"west": {"uv": [0, 0, 9.54779, 6], "texture": "#1"},
				"up": {"uv": [0, 0, 4, 9.54779], "rotation": 180, "texture": "#1"},
				"down": {"uv": [3.375, 12, 12.92279, 16], "rotation": 90, "texture": "#5"}
			}
		},
		{
			"name": "hexadecagon",
			"from": [3.2261, 25.5, -16],
			"to": [12.7739, 31.5, -12],
			"rotation": {"angle": 45, "axis": "y", "origin": [8, 16.5, 8]},
			"faces": {
				"north": {"uv": [3.25, 6, 12.79779, 12], "texture": "#3"},
				"south": {"uv": [0, 0, 9.54779, 6], "texture": "#1"},
				"up": {"uv": [0, 0, 4, 9.54779], "rotation": 270, "texture": "#1"},
				"down": {"uv": [3.375, 12, 12.92279, 16], "texture": "#5"}
			}
		},
		{
			"name": "hexadecagon",
			"from": [-16, 25.5, 3.2261],
			"to": [-12, 31.5, 12.7739],
			"rotation": {"angle": -22.5, "axis": "y", "origin": [8, 16.5, 8]},
			"faces": {
				"east": {"uv": [0, 0, 9.54779, 6], "texture": "#1"},
				"west": {"uv": [3.25, 0, 12.797, 6], "texture": "#5"},
				"up": {"uv": [0, 0, 4, 9.54779], "rotation": 180, "texture": "#1"},
				"down": {"uv": [3.375, 12, 12.92279, 16], "rotation": 90, "texture": "#5"}
			}
		},
		{
			"name": "hexadecagon",
			"from": [-16, 25.5, 3.2261],
			"to": [-12, 31.5, 12.7739],
			"rotation": {"angle": 0, "axis": "y", "origin": [8, 16.5, 8]},
			"faces": {
				"east": {"uv": [0, 0, 9.54779, 6], "texture": "#1"},
				"west": {"uv": [3.25, 5.875, 12.797, 11.875], "texture": "#2"},
				"up": {"uv": [0, 0, 4, 9.54779], "rotation": 180, "texture": "#1"},
				"down": {"uv": [3.375, 12, 12.92279, 16], "rotation": 90, "texture": "#5"}
			}
		},
		{
			"name": "hexadecagon",
			"from": [4.02175, 19.5, 24],
			"to": [11.97825, 25.5, 28],
			"rotation": {"angle": -22.5, "axis": "y", "origin": [8, 22.5, 8]},
			"faces": {
				"north": {"uv": [0, 0, 7.95649, 6], "texture": "#1"},
				"south": {"uv": [4, 5.875, 11.956, 11.875], "texture": "#3"},
				"up": {"uv": [0, 0, 7.95649, 4], "rotation": 180, "texture": "#1"},
				"down": {"uv": [4, 12, 11.956, 16], "rotation": 180, "texture": "#5"}
			}
		},
		{
			"name": "hexadecagon",
			"from": [4.02175, 19.5, 24],
			"to": [11.97825, 25.5, 28],
			"rotation": {"angle": 0, "axis": "y", "origin": [8, 22.5, 8]},
			"faces": {
				"north": {"uv": [0, 0, 7.95649, 6], "texture": "#1"},
				"south": {"uv": [4, 0, 11.956, 6], "texture": "#4"},
				"up": {"uv": [0, 0, 7.95649, 4], "rotation": 180, "texture": "#1"},
				"down": {"uv": [4, 12, 11.956, 16], "rotation": 180, "texture": "#5"}
			}
		},
		{
			"name": "hexadecagon",
			"from": [4.02175, 19.5, 24],
			"to": [11.97825, 25.5, 28],
			"rotation": {"angle": 22.5, "axis": "y", "origin": [8, 22.5, 8]},
			"faces": {
				"north": {"uv": [0, 0, 7.95649, 6], "texture": "#1"},
				"south": {"uv": [4, 6, 11.956, 12], "texture": "#4"},
				"up": {"uv": [0, 0, 7.95649, 4], "rotation": 180, "texture": "#1"},
				"down": {"uv": [4, 12, 11.956, 16], "rotation": 180, "texture": "#5"}
			}
		},
		{
			"name": "hexadecagon",
			"from": [24, 19.5, 4.02175],
			"to": [28, 25.5, 11.97825],
			"rotation": {"angle": -45, "axis": "y", "origin": [8, 22.5, 8]},
			"faces": {
				"east": {"uv": [4, 0, 11.956, 6], "texture": "#5"},
				"west": {"uv": [0, 0, 7.95649, 6], "texture": "#1"},
				"up": {"uv": [0, 0, 7.95649, 4], "rotation": 90, "texture": "#1"},
				"down": {"uv": [4, 12, 11.956, 16], "rotation": 270, "texture": "#5"}
			}
		},
		{
			"name": "hexadecagon",
			"from": [24, 19.5, 4.02175],
			"to": [28, 25.5, 11.97825],
			"rotation": {"angle": -22.5, "axis": "y", "origin": [8, 22.5, 8]},
			"faces": {
				"east": {"uv": [3.875, 6, 11.831, 12], "texture": "#5"},
				"west": {"uv": [0, 0, 7.95649, 6], "texture": "#1"},
				"up": {"uv": [0, 0, 7.95649, 4], "rotation": 90, "texture": "#1"},
				"down": {"uv": [4, 12, 11.956, 16], "rotation": 270, "texture": "#5"}
			}
		},
		{
			"name": "hexadecagon",
			"from": [4.02175, 19.5, -12],
			"to": [11.97825, 25.5, -8],
			"rotation": {"angle": -22.5, "axis": "y", "origin": [8, 22.5, 8]},
			"faces": {
				"north": {"uv": [4, 5.875, 11.95649, 11.875], "texture": "#3"},
				"south": {"uv": [0, 0, 7.95649, 6], "texture": "#1"},
				"up": {"uv": [0, 0, 7.95649, 4], "rotation": 180, "texture": "#1"},
				"down": {"uv": [4, 12, 11.956, 16], "rotation": 180, "texture": "#5"}
			}
		},
		{
			"name": "hexadecagon",
			"from": [4.02175, 19.5, -12],
			"to": [11.97825, 25.5, -8],
			"rotation": {"angle": 0, "axis": "y", "origin": [8, 22.5, 8]},
			"faces": {
				"north": {"uv": [4, 0, 11.95649, 6], "texture": "#4"},
				"south": {"uv": [0, 0, 7.95649, 6], "texture": "#1"},
				"up": {"uv": [0, 0, 7.95649, 4], "rotation": 180, "texture": "#1"},
				"down": {"uv": [4, 12, 11.956, 16], "rotation": 180, "texture": "#5"}
			}
		},
		{
			"name": "hexadecagon",
			"from": [4.02175, 19.5, -12],
			"to": [11.97825, 25.5, -8],
			"rotation": {"angle": 22.5, "axis": "y", "origin": [8, 22.5, 8]},
			"faces": {
				"north": {"uv": [3.875, 6, 11.83149, 12], "texture": "#4"},
				"south": {"uv": [0, 0, 7.95649, 6], "texture": "#1"},
				"up": {"uv": [0, 0, 7.95649, 4], "rotation": 180, "texture": "#1"},
				"down": {"uv": [4, 12, 11.956, 16], "rotation": 180, "texture": "#5"}
			}
		},
		{
			"name": "hexadecagon",
			"from": [-12, 19.5, 4.02175],
			"to": [-8, 25.5, 11.97825],
			"rotation": {"angle": -45, "axis": "y", "origin": [8, 22.5, 8]},
			"faces": {
				"east": {"uv": [0, 0, 7.95649, 6], "texture": "#1"},
				"west": {"uv": [4, 0, 11.95649, 6], "texture": "#5"},
				"up": {"uv": [0, 0, 7.95649, 4], "rotation": 90, "texture": "#1"},
				"down": {"uv": [4, 12, 11.956, 16], "rotation": 270, "texture": "#5"}
			}
		},
		{
			"name": "hexadecagon",
			"from": [-12, 19.5, 4.02175],
			"to": [-8, 25.5, 11.97825],
			"rotation": {"angle": -22.5, "axis": "y", "origin": [8, 22.5, 8]},
			"faces": {
				"east": {"uv": [0, 0, 7.95649, 6], "texture": "#1"},
				"west": {"uv": [4, 6, 11.95649, 12], "texture": "#5"},
				"up": {"uv": [0, 0, 7.95649, 4], "rotation": 90, "texture": "#1"},
				"down": {"uv": [4, 12, 11.956, 16], "rotation": 270, "texture": "#5"}
			}
		},
		{
			"name": "hexadecagon",
			"from": [24, 19.5, 4.02175],
			"to": [28, 25.5, 11.97825],
			"rotation": {"angle": 0, "axis": "y", "origin": [8, 22.5, 8]},
			"faces": {
				"east": {"uv": [4, 0, 11.95649, 6], "texture": "#2"},
				"west": {"uv": [0, 0, 7.95649, 6], "texture": "#1"},
				"up": {"uv": [0, 0, 4, 7.95649], "rotation": 180, "texture": "#1"},
				"down": {"uv": [4, 12, 11.95649, 16], "rotation": 90, "texture": "#5"}
			}
		},
		{
			"name": "hexadecagon",
			"from": [24, 19.5, 4.02175],
			"to": [28, 25.5, 11.97825],
			"rotation": {"angle": 22.5, "axis": "y", "origin": [8, 22.5, 8]},
			"faces": {
				"east": {"uv": [3.875, 6, 11.83149, 12], "texture": "#2"},
				"west": {"uv": [0, 0, 7.95649, 6], "texture": "#1"},
				"up": {"uv": [0, 0, 4, 7.95649], "rotation": 180, "texture": "#1"},
				"down": {"uv": [4, 12, 11.95649, 16], "rotation": 90, "texture": "#5"}
			}
		},
		{
			"name": "hexadecagon",
			"from": [4.02175, 19.5, -12],
			"to": [11.97825, 25.5, -8],
			"rotation": {"angle": -45, "axis": "y", "origin": [8, 22.5, 8]},
			"faces": {
				"north": {"uv": [4, 0, 11.95649, 6], "texture": "#3"},
				"south": {"uv": [0, 0, 7.95649, 6], "texture": "#1"},
				"up": {"uv": [0, 0, 4, 7.95649], "rotation": 90, "texture": "#1"},
				"down": {"uv": [4, 12, 11.95649, 16], "texture": "#5"}
			}
		},
		{
			"name": "hexadecagon",
			"from": [-12, 19.5, 4.02175],
			"to": [-8, 25.5, 11.97825],
			"rotation": {"angle": 0, "axis": "y", "origin": [8, 22.5, 8]},
			"faces": {
				"east": {"uv": [0, 0, 7.95649, 6], "texture": "#1"},
				"west": {"uv": [4.125, 0, 12.08149, 6], "texture": "#2"},
				"up": {"uv": [0, 0, 4, 7.95649], "rotation": 180, "texture": "#1"},
				"down": {"uv": [4, 12, 11.95649, 16], "rotation": 90, "texture": "#5"}
			}
		},
		{
			"name": "hexadecagon",
			"from": [-12, 19.5, 4.02175],
			"to": [-8, 25.5, 11.97825],
			"rotation": {"angle": 22.5, "axis": "y", "origin": [8, 22.5, 8]},
			"faces": {
				"east": {"uv": [0, 0, 7.95649, 6], "texture": "#1"},
				"west": {"uv": [4, 5.875, 11.95649, 11.875], "texture": "#2"},
				"up": {"uv": [0, 0, 4, 7.95649], "rotation": 180, "texture": "#1"},
				"down": {"uv": [4, 12, 11.95649, 16], "rotation": 90, "texture": "#5"}
			}
		},
		{
			"name": "hexadecagon",
			"from": [4.02175, 19.5, 24],
			"to": [11.97825, 25.5, 28],
			"rotation": {"angle": -45, "axis": "y", "origin": [8, 22.5, 8]},
			"faces": {
				"north": {"uv": [0, 0, 7.95649, 6], "texture": "#1"},
				"south": {"uv": [4, 0, 11.95649, 6], "texture": "#3"},
				"up": {"uv": [0, 0, 4, 7.95649], "rotation": 90, "texture": "#1"},
				"down": {"uv": [4, 12, 11.95649, 16], "texture": "#5"}
			}
		},
		{
			"name": "hexadecagon",
			"from": [-8, 13.5, 4.8174],
			"to": [-4, 19.5, 11.1826],
			"rotation": {"angle": 22.5, "axis": "y", "origin": [8, 16.5, 8]},
			"faces": {
				"east": {"uv": [0, 0, 6.3652, 6], "texture": "#1"},
				"west": {"uv": [4.75, 6, 11.115, 12], "texture": "#5"},
				"up": {"uv": [0, 0, 6.3652, 4], "rotation": 270, "texture": "#1"},
				"down": {"uv": [4.75, 12, 11.115, 16], "rotation": 90, "texture": "#5"}
			}
		},
		{
			"name": "hexadecagon",
			"from": [-8, 13.5, 4.8174],
			"to": [-4, 19.5, 11.1826],
			"rotation": {"angle": 45, "axis": "y", "origin": [8, 16.5, 8]},
			"faces": {
				"east": {"uv": [0, 0, 6.3652, 6], "texture": "#1"},
				"west": {"uv": [4.875, 0, 11.24, 6], "texture": "#2"},
				"up": {"uv": [0, 0, 6.3652, 4], "rotation": 270, "texture": "#1"},
				"down": {"uv": [4.75, 12, 11.115, 16], "rotation": 90, "texture": "#5"}
			}
		},
		{
			"name": "hexadecagon",
			"from": [4.8174, 13.5, 20],
			"to": [11.1826, 19.5, 24],
			"rotation": {"angle": -22.5, "axis": "y", "origin": [8, 16.5, 8]},
			"faces": {
				"north": {"uv": [0, 0, 6.3652, 6], "texture": "#1"},
				"south": {"uv": [4.75, 5.875, 11.115, 11.875], "texture": "#2"},
				"up": {"uv": [0, 0, 6.3652, 4], "rotation": 180, "texture": "#1"},
				"down": {"uv": [4.75, 12, 11.115, 16], "rotation": 180, "texture": "#5"}
			}
		},
		{
			"name": "hexadecagon",
			"from": [4.8174, 13.5, 20],
			"to": [11.1826, 19.5, 24],
			"rotation": {"angle": 0, "axis": "y", "origin": [8, 16.5, 8]},
			"faces": {
				"north": {"uv": [0, 0, 6.3652, 6], "texture": "#1"},
				"south": {"uv": [4.875, 0, 11.24, 6], "texture": "#3"},
				"up": {"uv": [0, 0, 6.3652, 4], "rotation": 180, "texture": "#1"},
				"down": {"uv": [4.75, 12, 11.115, 16], "rotation": 180, "texture": "#5"}
			}
		},
		{
			"name": "hexadecagon",
			"from": [4.8174, 13.5, 20],
			"to": [11.1826, 19.5, 24],
			"rotation": {"angle": 22.5, "axis": "y", "origin": [8, 16.5, 8]},
			"faces": {
				"north": {"uv": [0, 0, 6.3652, 6], "texture": "#1"},
				"south": {"uv": [4.875, 5.875, 11.24, 11.875], "texture": "#3"},
				"up": {"uv": [0, 0, 6.3652, 4], "rotation": 180, "texture": "#1"},
				"down": {"uv": [4.75, 12, 11.115, 16], "rotation": 180, "texture": "#5"}
			}
		},
		{
			"name": "hexadecagon",
			"from": [20, 13.5, 4.8174],
			"to": [24, 19.5, 11.1826],
			"rotation": {"angle": 22.5, "axis": "y", "origin": [8, 16.5, 8]},
			"faces": {
				"east": {"uv": [4.75, 6, 11.1152, 12], "texture": "#5"},
				"west": {"uv": [0, 0, 6.3652, 6], "texture": "#1"},
				"up": {"uv": [0, 0, 6.3652, 4], "rotation": 270, "texture": "#1"},
				"down": {"uv": [4.75, 12, 11.115, 16], "rotation": 90, "texture": "#5"}
			}
		},
		{
			"name": "hexadecagon",
			"from": [20, 13.5, 4.8174],
			"to": [24, 19.5, 11.1826],
			"rotation": {"angle": 45, "axis": "y", "origin": [8, 16.5, 8]},
			"faces": {
				"east": {"uv": [4.75, 0, 11.1152, 6], "texture": "#2"},
				"west": {"uv": [0, 0, 6.3652, 6], "texture": "#1"},
				"up": {"uv": [0, 0, 6.3652, 4], "rotation": 270, "texture": "#1"},
				"down": {"uv": [4.75, 12, 11.115, 16], "rotation": 90, "texture": "#5"}
			}
		},
		{
			"name": "hexadecagon",
			"from": [4.8174, 13.5, -8],
			"to": [11.1826, 19.5, -4],
			"rotation": {"angle": -22.5, "axis": "y", "origin": [8, 16.5, 8]},
			"faces": {
				"north": {"uv": [4.75, 6, 11.1152, 12], "texture": "#2"},
				"south": {"uv": [0, 0, 6.3652, 6], "texture": "#1"},
				"up": {"uv": [0, 0, 6.3652, 4], "rotation": 180, "texture": "#1"},
				"down": {"uv": [4.75, 12, 11.115, 16], "rotation": 180, "texture": "#5"}
			}
		},
		{
			"name": "hexadecagon",
			"from": [4.8174, 13.5, -8],
			"to": [11.1826, 19.5, -4],
			"rotation": {"angle": 0, "axis": "y", "origin": [8, 16.5, 8]},
			"faces": {
				"north": {"uv": [4.875, 0, 11.2402, 6], "texture": "#3"},
				"south": {"uv": [0, 0, 6.3652, 6], "texture": "#1"},
				"up": {"uv": [0, 0, 6.3652, 4], "rotation": 180, "texture": "#1"},
				"down": {"uv": [4.75, 12, 11.115, 16], "rotation": 180, "texture": "#5"}
			}
		},
		{
			"name": "hexadecagon",
			"from": [4.8174, 13.5, -8],
			"to": [11.1826, 19.5, -4],
			"rotation": {"angle": 22.5, "axis": "y", "origin": [8, 16.5, 8]},
			"faces": {
				"north": {"uv": [4.75, 5.875, 11.1152, 11.875], "texture": "#3"},
				"south": {"uv": [0, 0, 6.3652, 6], "texture": "#1"},
				"up": {"uv": [0, 0, 6.3652, 4], "rotation": 180, "texture": "#1"},
				"down": {"uv": [4.75, 12, 11.115, 16], "rotation": 180, "texture": "#5"}
			}
		},
		{
			"name": "hexadecagon",
			"from": [4.8174, 13.5, 20],
			"to": [11.1826, 19.5, 24],
			"rotation": {"angle": 45, "axis": "y", "origin": [8, 16.5, 8]},
			"faces": {
				"north": {"uv": [0, 0, 6.3652, 6], "texture": "#1"},
				"south": {"uv": [4.75, 0, 11.1152, 6], "texture": "#4"},
				"up": {"uv": [0, 0, 4, 6.3652], "rotation": 270, "texture": "#1"},
				"down": {"uv": [4.75, 12, 11.1152, 16], "texture": "#5"}
			}
		},
		{
			"name": "hexadecagon",
			"from": [20, 13.5, 4.8174],
			"to": [24, 19.5, 11.1826],
			"rotation": {"angle": -22.5, "axis": "y", "origin": [8, 16.5, 8]},
			"faces": {
				"east": {"uv": [4.75, 6, 11.1152, 12], "texture": "#4"},
				"west": {"uv": [0, 0, 6.3652, 6], "texture": "#1"},
				"up": {"uv": [0, 0, 4, 6.3652], "rotation": 180, "texture": "#1"},
				"down": {"uv": [4.75, 12, 11.1152, 16], "rotation": 90, "texture": "#5"}
			}
		},
		{
			"name": "hexadecagon",
			"from": [20, 13.5, 4.8174],
			"to": [24, 19.5, 11.1826],
			"rotation": {"angle": 0, "axis": "y", "origin": [8, 16.5, 8]},
			"faces": {
				"east": {"uv": [4.875, 0, 11.2402, 6], "texture": "#5"},
				"west": {"uv": [0, 0, 6.3652, 6], "texture": "#1"},
				"up": {"uv": [0, 0, 4, 6.3652], "rotation": 180, "texture": "#1"},
				"down": {"uv": [4.75, 12, 11.1152, 16], "rotation": 90, "texture": "#5"}
			}
		},
		{
			"name": "hexadecagon",
			"from": [4.8174, 13.5, -8],
			"to": [11.1826, 19.5, -4],
			"rotation": {"angle": 45, "axis": "y", "origin": [8, 16.5, 8]},
			"faces": {
				"north": {"uv": [4.875, 0, 11.2402, 6], "texture": "#4"},
				"south": {"uv": [0, 0, 6.3652, 6], "texture": "#1"},
				"up": {"uv": [0, 0, 4, 6.3652], "rotation": 270, "texture": "#1"},
				"down": {"uv": [4.75, 12, 11.1152, 16], "texture": "#5"}
			}
		},
		{
			"name": "hexadecagon",
			"from": [-8, 13.5, 4.8174],
			"to": [-4, 19.5, 11.1826],
			"rotation": {"angle": -22.5, "axis": "y", "origin": [8, 16.5, 8]},
			"faces": {
				"east": {"uv": [0, 0, 6.3652, 6], "texture": "#1"},
				"west": {"uv": [4.75, 5.875, 11.1152, 11.875], "texture": "#4"},
				"up": {"uv": [0, 0, 4, 6.3652], "rotation": 180, "texture": "#1"},
				"down": {"uv": [4.75, 12, 11.1152, 16], "rotation": 90, "texture": "#5"}
			}
		},
		{
			"name": "hexadecagon",
			"from": [-8, 13.5, 4.8174],
			"to": [-4, 19.5, 11.1826],
			"rotation": {"angle": 0, "axis": "y", "origin": [8, 16.5, 8]},
			"faces": {
				"east": {"uv": [0, 0, 6.3652, 6], "texture": "#1"},
				"west": {"uv": [4.75, 0, 11.1152, 6], "texture": "#5"},
				"up": {"uv": [0, 0, 4, 6.3652], "rotation": 180, "texture": "#1"},
				"down": {"uv": [4.75, 12, 11.1152, 16], "rotation": 90, "texture": "#5"}
			}
		},
		{
			"name": "hexadecagon",
			"from": [5.61305, 10.5, -4],
			"to": [10.38695, 13.5, 0],
			"rotation": {"angle": -45, "axis": "y", "origin": [8, 10.5, 8]},
			"faces": {
				"north": {"uv": [0, 0, 4.7739, 3], "texture": "#1"},
				"south": {"uv": [0, 0, 4.7739, 3], "texture": "#1"},
				"up": {"uv": [0, 0, 4.7739, 4], "texture": "#1"},
				"down": {"uv": [0, 0, 4.7739, 4], "texture": "#1"}
			}
		},
		{
			"name": "hexadecagon",
			"from": [5.61305, 10.5, -4],
			"to": [10.38695, 13.5, 0],
			"rotation": {"angle": -22.5, "axis": "y", "origin": [8, 10.5, 8]},
			"faces": {
				"north": {"uv": [0, 0, 4.7739, 3], "texture": "#1"},
				"south": {"uv": [0, 0, 4.7739, 3], "texture": "#1"},
				"up": {"uv": [0, 0, 4.7739, 4], "texture": "#1"},
				"down": {"uv": [0, 0, 4.7739, 4], "texture": "#1"}
			}
		},
		{
			"name": "hexadecagon",
			"from": [5.61305, 10.5, -4],
			"to": [10.38695, 13.5, 0],
			"rotation": {"angle": 0, "axis": "y", "origin": [8, 10.5, 8]},
			"faces": {
				"north": {"uv": [0, 0, 4.7739, 3], "texture": "#1"},
				"south": {"uv": [0, 0, 4.7739, 3], "texture": "#1"},
				"up": {"uv": [0, 0, 4.7739, 4], "texture": "#1"},
				"down": {"uv": [0, 0, 4.7739, 4], "texture": "#1"}
			}
		},
		{
			"name": "hexadecagon",
			"from": [5.61305, 10.5, -4],
			"to": [10.38695, 13.5, 0],
			"rotation": {"angle": 22.5, "axis": "y", "origin": [8, 10.5, 8]},
			"faces": {
				"north": {"uv": [0, 0, 4.7739, 3], "texture": "#1"},
				"south": {"uv": [0, 0, 4.7739, 3], "texture": "#1"},
				"up": {"uv": [0, 0, 4.7739, 4], "texture": "#1"},
				"down": {"uv": [0, 0, 4.7739, 4], "texture": "#1"}
			}
		},
		{
			"name": "hexadecagon",
			"from": [5.61305, 10.5, -4],
			"to": [10.38695, 13.5, 0],
			"rotation": {"angle": 45, "axis": "y", "origin": [8, 10.5, 8]},
			"faces": {
				"north": {"uv": [0, 0, 4.7739, 3], "texture": "#1"},
				"south": {"uv": [0, 0, 4.7739, 3], "texture": "#1"},
				"up": {"uv": [0, 0, 4.7739, 4], "texture": "#1"},
				"down": {"uv": [0, 0, 4.7739, 4], "texture": "#1"}
			}
		},
		{
			"name": "hexadecagon",
			"from": [5.61305, 10.5, 16],
			"to": [10.38695, 13.5, 20],
			"rotation": {"angle": -45, "axis": "y", "origin": [8, 10.5, 8]},
			"faces": {
				"north": {"uv": [0, 0, 4.7739, 3], "texture": "#1"},
				"south": {"uv": [0, 0, 4.7739, 3], "texture": "#1"},
				"up": {"uv": [0, 0, 4.7739, 4], "texture": "#1"},
				"down": {"uv": [0, 0, 4.7739, 4], "texture": "#1"}
			}
		},
		{
			"name": "hexadecagon",
			"from": [5.61305, 10.5, 16],
			"to": [10.38695, 13.5, 20],
			"rotation": {"angle": -22.5, "axis": "y", "origin": [8, 10.5, 8]},
			"faces": {
				"north": {"uv": [0, 0, 4.7739, 3], "texture": "#1"},
				"south": {"uv": [0, 0, 4.7739, 3], "texture": "#1"},
				"up": {"uv": [0, 0, 4.7739, 4], "texture": "#1"},
				"down": {"uv": [0, 0, 4.7739, 4], "texture": "#1"}
			}
		},
		{
			"name": "hexadecagon",
			"from": [5.61305, 10.5, 16],
			"to": [10.38695, 13.5, 20],
			"rotation": {"angle": 0, "axis": "y", "origin": [8, 10.5, 8]},
			"faces": {
				"north": {"uv": [0, 0, 4.7739, 3], "texture": "#1"},
				"south": {"uv": [0, 0, 4.7739, 3], "texture": "#1"},
				"up": {"uv": [0, 0, 4.7739, 4], "texture": "#1"},
				"down": {"uv": [0, 0, 4.7739, 4], "texture": "#1"}
			}
		},
		{
			"name": "hexadecagon",
			"from": [5.61305, 10.5, 16],
			"to": [10.38695, 13.5, 20],
			"rotation": {"angle": 22.5, "axis": "y", "origin": [8, 10.5, 8]},
			"faces": {
				"north": {"uv": [0, 0, 4.7739, 3], "texture": "#1"},
				"south": {"uv": [0, 0, 4.7739, 3], "texture": "#1"},
				"up": {"uv": [0, 0, 4.7739, 4], "texture": "#1"},
				"down": {"uv": [0, 0, 4.7739, 4], "texture": "#1"}
			}
		},
		{
			"name": "hexadecagon",
			"from": [5.61305, 10.5, 16],
			"to": [10.38695, 13.5, 20],
			"rotation": {"angle": 45, "axis": "y", "origin": [8, 10.5, 8]},
			"faces": {
				"north": {"uv": [0, 0, 4.7739, 3], "texture": "#1"},
				"south": {"uv": [0, 0, 4.7739, 3], "texture": "#1"},
				"up": {"uv": [0, 0, 4.7739, 4], "texture": "#1"},
				"down": {"uv": [0, 0, 4.7739, 4], "texture": "#1"}
			}
		},
		{
			"name": "hexadecagon",
			"from": [-4, 10.5, 5.61305],
			"to": [0, 13.5, 10.38695],
			"rotation": {"angle": -22.5, "axis": "y", "origin": [8, 10.5, 8]},
			"faces": {
				"east": {"uv": [0, 0, 4.7739, 3], "texture": "#1"},
				"west": {"uv": [0, 0, 4.7739, 3], "texture": "#1"},
				"up": {"uv": [0, 0, 4, 4.7739], "texture": "#1"},
				"down": {"uv": [0, 0, 4, 4.7739], "texture": "#1"}
			}
		},
		{
			"name": "hexadecagon",
			"from": [-4, 10.5, 5.61305],
			"to": [0, 13.5, 10.38695],
			"rotation": {"angle": 0, "axis": "y", "origin": [8, 10.5, 8]},
			"faces": {
				"east": {"uv": [0, 0, 4.7739, 3], "texture": "#1"},
				"west": {"uv": [0, 0, 4.7739, 3], "texture": "#1"},
				"up": {"uv": [0, 0, 4, 4.7739], "texture": "#1"},
				"down": {"uv": [0, 0, 4, 4.7739], "texture": "#1"}
			}
		},
		{
			"name": "hexadecagon",
			"from": [-4, 10.5, 5.61305],
			"to": [0, 13.5, 10.38695],
			"rotation": {"angle": 22.5, "axis": "y", "origin": [8, 10.5, 8]},
			"faces": {
				"east": {"uv": [0, 0, 4.7739, 3], "texture": "#1"},
				"west": {"uv": [0, 0, 4.7739, 3], "texture": "#1"},
				"up": {"uv": [0, 0, 4, 4.7739], "texture": "#1"},
				"down": {"uv": [0, 0, 4, 4.7739], "texture": "#1"}
			}
		},
		{
			"name": "hexadecagon",
			"from": [16, 10.5, 5.61305],
			"to": [20, 13.5, 10.38695],
			"rotation": {"angle": -22.5, "axis": "y", "origin": [8, 10.5, 8]},
			"faces": {
				"east": {"uv": [0, 0, 4.7739, 3], "texture": "#1"},
				"west": {"uv": [0, 0, 4.7739, 3], "texture": "#1"},
				"up": {"uv": [0, 0, 4, 4.7739], "texture": "#1"},
				"down": {"uv": [0, 0, 4, 4.7739], "texture": "#1"}
			}
		},
		{
			"name": "hexadecagon",
			"from": [16, 10.5, 5.61305],
			"to": [20, 13.5, 10.38695],
			"rotation": {"angle": 0, "axis": "y", "origin": [8, 10.5, 8]},
			"faces": {
				"east": {"uv": [0, 0, 4.7739, 3], "texture": "#1"},
				"west": {"uv": [0, 0, 4.7739, 3], "texture": "#1"},
				"up": {"uv": [0, 0, 4, 4.7739], "texture": "#1"},
				"down": {"uv": [0, 0, 4, 4.7739], "texture": "#1"}
			}
		},
		{
			"name": "hexadecagon",
			"from": [16, 10.5, 5.61305],
			"to": [20, 13.5, 10.38695],
			"rotation": {"angle": 22.5, "axis": "y", "origin": [8, 10.5, 8]},
			"faces": {
				"east": {"uv": [0, 0, 4.7739, 3], "texture": "#1"},
				"west": {"uv": [0, 0, 4.7739, 3], "texture": "#1"},
				"up": {"uv": [0, 0, 4, 4.7739], "texture": "#1"},
				"down": {"uv": [0, 0, 4, 4.7739], "texture": "#1"}
			}
		},
		{
			"name": "hexadecagon",
			"from": [6.4087, -15, 0],
			"to": [9.5913, 11, 0.25],
			"rotation": {"angle": -45, "axis": "y", "origin": [8, 2, 8]},
			"faces": {
				"north": {"uv": [0, 0, 3.1826, 16], "texture": "#0"}
			}
		},
		{
			"name": "hexadecagon",
			"from": [6.4087, -15, 0],
			"to": [9.5913, 11, 0.25],
			"rotation": {"angle": -22.5, "axis": "y", "origin": [8, 2, 8]},
			"faces": {
				"north": {"uv": [0, 0, 3.1826, 16], "texture": "#0"}
			}
		},
		{
			"name": "hexadecagon",
			"from": [6.4087, -15, 0],
			"to": [9.5913, 11, 0.25],
			"rotation": {"angle": 0, "axis": "y", "origin": [8, 2, 8]},
			"faces": {
				"north": {"uv": [0, 0, 3.1826, 16], "texture": "#0"}
			}
		},
		{
			"name": "hexadecagon",
			"from": [6.4087, -15, 0],
			"to": [9.5913, 11, 0.25],
			"rotation": {"angle": 22.5, "axis": "y", "origin": [8, 2, 8]},
			"faces": {
				"north": {"uv": [0, 0, 3.1826, 16], "texture": "#0"}
			}
		},
		{
			"name": "hexadecagon",
			"from": [6.4087, -15, 0],
			"to": [9.5913, 11, 0.25],
			"rotation": {"angle": 45, "axis": "y", "origin": [8, 2, 8]},
			"faces": {
				"north": {"uv": [0, 0, 3.1826, 16], "texture": "#0"}
			}
		},
		{
			"name": "hexadecagon",
			"from": [6.4087, -15, 15.75],
			"to": [9.5913, 11, 16],
			"rotation": {"angle": -45, "axis": "y", "origin": [8, 2, 8]},
			"faces": {
				"south": {"uv": [0, 0, 3.1826, 16], "texture": "#0"}
			}
		},
		{
			"name": "hexadecagon",
			"from": [6.4087, -15, 15.75],
			"to": [9.5913, 11, 16],
			"rotation": {"angle": -22.5, "axis": "y", "origin": [8, 2, 8]},
			"faces": {
				"south": {"uv": [0, 0, 3.1826, 16], "texture": "#0"}
			}
		},
		{
			"name": "hexadecagon",
			"from": [6.4087, -15, 15.75],
			"to": [9.5913, 11, 16],
			"rotation": {"angle": 0, "axis": "y", "origin": [8, 2, 8]},
			"faces": {
				"south": {"uv": [0, 0, 3.1826, 16], "texture": "#0"}
			}
		},
		{
			"name": "hexadecagon",
			"from": [6.4087, -15, 15.75],
			"to": [9.5913, 11, 16],
			"rotation": {"angle": 22.5, "axis": "y", "origin": [8, 2, 8]},
			"faces": {
				"south": {"uv": [0, 0, 3.1826, 16], "texture": "#0"}
			}
		},
		{
			"name": "hexadecagon",
			"from": [6.4087, -15, 15.75],
			"to": [9.5913, 11, 16],
			"rotation": {"angle": 45, "axis": "y", "origin": [8, 2, 8]},
			"faces": {
				"south": {"uv": [0, 0, 3.1826, 16], "texture": "#0"}
			}
		},
		{
			"name": "hexadecagon",
			"from": [0, -15, 6.4087],
			"to": [0.25, 11, 9.5913],
			"rotation": {"angle": -22.5, "axis": "y", "origin": [8, 2, 8]},
			"faces": {
				"west": {"uv": [0, 0, 3.1826, 16], "texture": "#0"}
			}
		},
		{
			"name": "hexadecagon",
			"from": [0, -15, 6.4087],
			"to": [0.25, 11, 9.5913],
			"rotation": {"angle": 0, "axis": "y", "origin": [8, 2, 8]},
			"faces": {
				"west": {"uv": [0, 0, 3.1826, 16], "texture": "#0"}
			}
		},
		{
			"name": "hexadecagon",
			"from": [0, -15, 6.4087],
			"to": [0.25, 11, 9.5913],
			"rotation": {"angle": 22.5, "axis": "y", "origin": [8, 2, 8]},
			"faces": {
				"west": {"uv": [0, 0, 3.1826, 16], "texture": "#0"}
			}
		},
		{
			"name": "hexadecagon",
			"from": [15.75, -15, 6.4087],
			"to": [16, 11, 9.5913],
			"rotation": {"angle": -22.5, "axis": "y", "origin": [8, 2, 8]},
			"faces": {
				"east": {"uv": [0, 0, 3.1826, 16], "texture": "#0"}
			}
		},
		{
			"name": "hexadecagon",
			"from": [15.75, -15, 6.4087],
			"to": [16, 11, 9.5913],
			"rotation": {"angle": 0, "axis": "y", "origin": [8, 2, 8]},
			"faces": {
				"east": {"uv": [0, 0, 3.1826, 16], "texture": "#0"}
			}
		},
		{
			"name": "hexadecagon",
			"from": [15.75, -15, 6.4087],
			"to": [16, 11, 9.5913],
			"rotation": {"angle": 22.5, "axis": "y", "origin": [8, 2, 8]},
			"faces": {
				"east": {"uv": [0, 0, 3.1826, 16], "texture": "#0"}
			}
		},
		{
			"from": [0, -16, 0],
			"to": [16, -14.9, 16],
			"rotation": {"angle": 0, "axis": "y", "origin": [8, -8, 8]},
			"faces": {
				"north": {"uv": [0, 0, 16, 1.1], "texture": "#1"},
				"east": {"uv": [0, 0, 16, 1.1], "texture": "#1"},
				"south": {"uv": [0, 0, 16, 1.1], "texture": "#1"},
				"west": {"uv": [0, 0, 16, 1.1], "texture": "#1"},
				"up": {"uv": [0, 0, 16, 16], "texture": "#1"},
				"down": {"uv": [0, 0, 16, 16], "texture": "#1"}
			}
		},
		{
			"name": "hexadecagon",
			"from": [6.625, 5, 2.375],
			"to": [9.125, 12, 4.875],
			"rotation": {"angle": 0, "axis": "y", "origin": [7.26739, 6, 9.375]},
			"faces": {
				"north": {"uv": [0, 0, 2.5, 7], "texture": "#6"},
				"east": {"uv": [0, 0, 2.5, 7], "texture": "#6"},
				"south": {"uv": [0, 0, 2.5, 7], "texture": "#6"},
				"west": {"uv": [0, 0, 2.5, 7], "texture": "#6"},
				"up": {"uv": [0, 0, 2.5, 2.5], "texture": "#6"},
				"down": {"uv": [0, 0, 2.5, 2.5], "texture": "#6"}
			}
		},
		{
			"name": "hexadecagon",
			"from": [6.625, 5, 2.375],
			"to": [9.125, 12, 4.875],
			"rotation": {"angle": 45, "axis": "y", "origin": [8, 8.5, 8]},
			"faces": {
				"north": {"uv": [0, 0, 2.5, 7], "texture": "#6"},
				"east": {"uv": [0, 0, 2.5, 7], "texture": "#6"},
				"south": {"uv": [0, 0, 2.5, 7], "texture": "#6"},
				"west": {"uv": [0, 0, 2.5, 7], "texture": "#6"},
				"up": {"uv": [0, 0, 2.5, 2.5], "texture": "#6"},
				"down": {"uv": [0, 0, 2.5, 2.5], "texture": "#6"}
			}
		},
		{
			"name": "hexadecagon",
			"from": [6.625, 5, 11.375],
			"to": [9.125, 12, 13.875],
			"rotation": {"angle": 0, "axis": "y", "origin": [7.51739, 6, 6.375]},
			"faces": {
				"north": {"uv": [0, 0, 2.5, 7], "texture": "#6"},
				"east": {"uv": [0, 0, 2.5, 7], "texture": "#6"},
				"south": {"uv": [0, 0, 2.5, 7], "texture": "#6"},
				"west": {"uv": [0, 0, 2.5, 7], "texture": "#6"},
				"up": {"uv": [0, 0, 2.5, 2.5], "texture": "#6"},
				"down": {"uv": [0, 0, 2.5, 2.5], "texture": "#6"}
			}
		},
		{
			"name": "hexadecagon",
			"from": [6.625, 5, 11.375],
			"to": [9.125, 12, 13.875],
			"rotation": {"angle": 45, "axis": "y", "origin": [8, 8.5, 8]},
			"faces": {
				"north": {"uv": [0, 0, 2.5, 7], "texture": "#6"},
				"east": {"uv": [0, 0, 2.5, 7], "texture": "#6"},
				"south": {"uv": [0, 0, 2.5, 7], "texture": "#6"},
				"west": {"uv": [0, 0, 2.5, 7], "texture": "#6"},
				"up": {"uv": [0, 0, 2.5, 2.5], "texture": "#6"},
				"down": {"uv": [0, 0, 2.5, 2.5], "texture": "#6"}
			}
		},
		{
			"name": "hexadecagon",
			"from": [2.375, 5, 6.625],
			"to": [4.875, 12, 9.125],
			"rotation": {"angle": 0, "axis": "y", "origin": [9.375, 6, 8.01739]},
			"faces": {
				"north": {"uv": [0, 0, 2.5, 7], "texture": "#6"},
				"east": {"uv": [0, 0, 2.5, 7], "texture": "#6"},
				"south": {"uv": [0, 0, 2.5, 7], "texture": "#6"},
				"west": {"uv": [0, 0, 2.5, 7], "texture": "#6"},
				"up": {"uv": [0, 0, 2.5, 2.5], "texture": "#6"},
				"down": {"uv": [0, 0, 2.5, 2.5], "texture": "#6"}
			}
		},
		{
			"name": "hexadecagon",
			"from": [2.375, 5, 6.625],
			"to": [4.875, 12, 9.125],
			"rotation": {"angle": 45, "axis": "y", "origin": [8, 8.5, 8]},
			"faces": {
				"north": {"uv": [0, 0, 2.5, 7], "texture": "#6"},
				"east": {"uv": [0, 0, 2.5, 7], "texture": "#6"},
				"south": {"uv": [0, 0, 2.5, 7], "texture": "#6"},
				"west": {"uv": [0, 0, 2.5, 7], "texture": "#6"},
				"up": {"uv": [0, 0, 2.5, 2.5], "texture": "#6"},
				"down": {"uv": [0, 0, 2.5, 2.5], "texture": "#6"}
			}
		},
		{
			"name": "hexadecagon",
			"from": [11.375, 5, 6.625],
			"to": [13.875, 12, 9.125],
			"rotation": {"angle": 0, "axis": "y", "origin": [6.375, 6, 8.01739]},
			"faces": {
				"north": {"uv": [0, 0, 2.5, 7], "texture": "#6"},
				"east": {"uv": [0, 0, 2.5, 7], "texture": "#6"},
				"south": {"uv": [0, 0, 2.5, 7], "texture": "#6"},
				"west": {"uv": [0, 0, 2.5, 7], "texture": "#6"},
				"up": {"uv": [0, 0, 2.5, 2.5], "texture": "#6"},
				"down": {"uv": [0, 0, 2.5, 2.5], "texture": "#6"}
			}
		},
		{
			"name": "hexadecagon",
			"from": [11.375, 5, 6.625],
			"to": [13.875, 12, 9.125],
			"rotation": {"angle": 45, "axis": "y", "origin": [8, 8.5, 8]},
			"faces": {
				"north": {"uv": [0, 0, 2.5, 7], "texture": "#6"},
				"east": {"uv": [0, 0, 2.5, 7], "texture": "#6"},
				"south": {"uv": [0, 0, 2.5, 7], "texture": "#6"},
				"west": {"uv": [0, 0, 2.5, 7], "texture": "#6"},
				"up": {"uv": [0, 0, 2.5, 2.5], "texture": "#6"},
				"down": {"uv": [0, 0, 2.5, 2.5], "texture": "#6"}
			}
		},
		{
			"name": "hexadecagon",
			"from": [7.125, -9, 2.875],
			"to": [8.625, 5, 4.375],
			"rotation": {"angle": 0, "axis": "y", "origin": [7.26739, 6, 9.375]},
			"faces": {
				"north": {"uv": [0, 0, 2.5, 16], "texture": "#7"},
				"east": {"uv": [0, 0, 2.5, 16], "texture": "#7"},
				"south": {"uv": [0, 0, 2.5, 16], "texture": "#7"},
				"west": {"uv": [0, 0, 2.5, 16], "texture": "#7"}
			}
		},
		{
			"name": "hexadecagon",
			"from": [7.125, -9, 2.875],
			"to": [8.625, 5, 4.375],
			"rotation": {"angle": 45, "axis": "y", "origin": [8, 8.5, 8]},
			"faces": {
				"north": {"uv": [0, 0, 2.5, 16], "texture": "#7"},
				"east": {"uv": [0, 0, 2.5, 16], "texture": "#7"},
				"south": {"uv": [0, 0, 2.5, 16], "texture": "#7"},
				"west": {"uv": [0, 0, 2.5, 16], "texture": "#7"}
			}
		},
		{
			"name": "hexadecagon",
			"from": [7.125, -9, 11.875],
			"to": [8.625, 5, 13.375],
			"rotation": {"angle": 0, "axis": "y", "origin": [7.51739, 6, 6.375]},
			"faces": {
				"north": {"uv": [0, 0, 2.5, 16], "texture": "#7"},
				"east": {"uv": [0, 0, 2.5, 16], "texture": "#7"},
				"south": {"uv": [0, 0, 2.5, 16], "texture": "#7"},
				"west": {"uv": [0, 0, 2.5, 16], "texture": "#7"}
			}
		},
		{
			"name": "hexadecagon",
			"from": [7.125, -9, 11.875],
			"to": [8.625, 5, 13.375],
			"rotation": {"angle": 45, "axis": "y", "origin": [8, 8.5, 8]},
			"faces": {
				"north": {"uv": [0, 0, 2.5, 16], "texture": "#7"},
				"east": {"uv": [0, 0, 2.5, 16], "texture": "#7"},
				"south": {"uv": [0, 0, 2.5, 16], "texture": "#7"},
				"west": {"uv": [0, 0, 2.5, 16], "texture": "#7"}
			}
		},
		{
			"name": "hexadecagon",
			"from": [2.875, -9, 7.125],
			"to": [4.375, 5, 8.625],
			"rotation": {"angle": 0, "axis": "y", "origin": [9.375, 6, 8.01739]},
			"faces": {
				"north": {"uv": [0, 0, 2.5, 16], "texture": "#7"},
				"east": {"uv": [0, 0, 2.5, 16], "texture": "#7"},
				"south": {"uv": [0, 0, 2.5, 16], "texture": "#7"},
				"west": {"uv": [0, 0, 2.5, 16], "texture": "#7"}
			}
		},
		{
			"name": "hexadecagon",
			"from": [2.875, -9, 7.125],
			"to": [4.375, 5, 8.625],
			"rotation": {"angle": 45, "axis": "y", "origin": [8, 8.5, 8]},
			"faces": {
				"north": {"uv": [0, 0, 2.5, 16], "texture": "#7"},
				"east": {"uv": [0, 0, 2.5, 16], "texture": "#7"},
				"south": {"uv": [0, 0, 2.5, 16], "texture": "#7"},
				"west": {"uv": [0, 0, 2.5, 16], "texture": "#7"}
			}
		},
		{
			"name": "hexadecagon",
			"from": [11.875, -9, 7.125],
			"to": [13.375, 5, 8.625],
			"rotation": {"angle": 0, "axis": "y", "origin": [6.375, 6, 8.01739]},
			"faces": {
				"north": {"uv": [0, 0, 2.5, 16], "texture": "#7"},
				"east": {"uv": [0, 0, 2.5, 16], "texture": "#7"},
				"south": {"uv": [0, 0, 2.5, 16], "texture": "#7"},
				"west": {"uv": [0, 0, 2.5, 16], "texture": "#7"}
			}
		},
		{
			"name": "hexadecagon",
			"from": [11.875, -9, 7.125],
			"to": [13.375, 5, 8.625],
			"rotation": {"angle": 45, "axis": "y", "origin": [8, 8.5, 8]},
			"faces": {
				"north": {"uv": [0, 0, 2.5, 16], "texture": "#7"},
				"east": {"uv": [0, 0, 2.5, 16], "texture": "#7"},
				"south": {"uv": [0, 0, 2.5, 16], "texture": "#7"},
				"west": {"uv": [0, 0, 2.5, 16], "texture": "#7"}
			}
		},
		{
			"name": "hexadecagon",
			"from": [6.625, -15, 2.375],
			"to": [9.125, -9, 4.875],
			"rotation": {"angle": 0, "axis": "y", "origin": [7.26739, -14, 9.375]},
			"faces": {
				"north": {"uv": [0, 0, 2.5, 6], "texture": "#6"},
				"east": {"uv": [0, 0, 2.5, 6], "texture": "#6"},
				"south": {"uv": [0, 0, 2.5, 6], "texture": "#6"},
				"west": {"uv": [0, 0, 2.5, 6], "texture": "#6"},
				"up": {"uv": [0, 0, 2.5, 2.5], "texture": "#6"}
			}
		},
		{
			"name": "hexadecagon",
			"from": [6.625, -15, 2.375],
			"to": [9.125, -9, 4.875],
			"rotation": {"angle": 45, "axis": "y", "origin": [8, -11.5, 8]},
			"faces": {
				"north": {"uv": [0, 0, 2.5, 6], "texture": "#6"},
				"east": {"uv": [0, 0, 2.5, 6], "texture": "#6"},
				"south": {"uv": [0, 0, 2.5, 6], "texture": "#6"},
				"west": {"uv": [0, 0, 2.5, 6], "texture": "#6"},
				"up": {"uv": [0, 0, 2.5, 2.5], "texture": "#6"},
				"down": {"uv": [0, 0, 2.5, 2.5], "texture": "#6"}
			}
		},
		{
			"name": "hexadecagon",
			"from": [6.625, -15, 11.375],
			"to": [9.125, -9, 13.875],
			"rotation": {"angle": 0, "axis": "y", "origin": [7.51739, -14, 6.375]},
			"faces": {
				"north": {"uv": [0, 0, 2.5, 6], "texture": "#6"},
				"east": {"uv": [0, 0, 2.5, 6], "texture": "#6"},
				"south": {"uv": [0, 0, 2.5, 6], "texture": "#6"},
				"west": {"uv": [0, 0, 2.5, 6], "texture": "#6"},
				"up": {"uv": [0, 0, 2.5, 2.5], "texture": "#6"}
			}
		},
		{
			"name": "hexadecagon",
			"from": [6.625, -15, 11.375],
			"to": [9.125, -9, 13.875],
			"rotation": {"angle": 45, "axis": "y", "origin": [8, -11.5, 8]},
			"faces": {
				"north": {"uv": [0, 0, 2.5, 6], "texture": "#6"},
				"east": {"uv": [0, 0, 2.5, 6], "texture": "#6"},
				"south": {"uv": [0, 0, 2.5, 6], "texture": "#6"},
				"west": {"uv": [0, 0, 2.5, 6], "texture": "#6"},
				"up": {"uv": [0, 0, 2.5, 2.5], "texture": "#6"},
				"down": {"uv": [0, 0, 2.5, 2.5], "texture": "#6"}
			}
		},
		{
			"name": "hexadecagon",
			"from": [2.375, -15, 6.625],
			"to": [4.875, -9, 9.125],
			"rotation": {"angle": 0, "axis": "y", "origin": [9.375, -14, 8.01739]},
			"faces": {
				"north": {"uv": [0, 0, 2.5, 6], "texture": "#6"},
				"east": {"uv": [0, 0, 2.5, 6], "texture": "#6"},
				"south": {"uv": [0, 0, 2.5, 6], "texture": "#6"},
				"west": {"uv": [0, 0, 2.5, 6], "texture": "#6"},
				"up": {"uv": [0, 0, 2.5, 2.5], "texture": "#6"}
			}
		},
		{
			"name": "hexadecagon",
			"from": [2.375, -15, 6.625],
			"to": [4.875, -9, 9.125],
			"rotation": {"angle": 45, "axis": "y", "origin": [8, -11.5, 8]},
			"faces": {
				"north": {"uv": [0, 0, 2.5, 6], "texture": "#6"},
				"east": {"uv": [0, 0, 2.5, 6], "texture": "#6"},
				"south": {"uv": [0, 0, 2.5, 6], "texture": "#6"},
				"west": {"uv": [0, 0, 2.5, 6], "texture": "#6"},
				"up": {"uv": [0, 0, 2.5, 2.5], "texture": "#6"},
				"down": {"uv": [0, 0, 2.5, 2.5], "texture": "#6"}
			}
		},
		{
			"name": "hexadecagon",
			"from": [11.375, -15, 6.625],
			"to": [13.875, -9, 9.125],
			"rotation": {"angle": 0, "axis": "y", "origin": [6.375, -14, 8.01739]},
			"faces": {
				"north": {"uv": [0, 0, 2.5, 6], "texture": "#6"},
				"east": {"uv": [0, 0, 2.5, 6], "texture": "#6"},
				"south": {"uv": [0, 0, 2.5, 6], "texture": "#6"},
				"west": {"uv": [0, 0, 2.5, 6], "texture": "#6"},
				"up": {"uv": [0, 0, 2.5, 2.5], "texture": "#6"}
			}
		},
		{
			"name": "hexadecagon",
			"from": [11.375, -15, 6.625],
			"to": [13.875, -9, 9.125],
			"rotation": {"angle": 45, "axis": "y", "origin": [8, -11.5, 8]},
			"faces": {
				"north": {"uv": [0, 0, 2.5, 6], "texture": "#6"},
				"east": {"uv": [0, 0, 2.5, 6], "texture": "#6"},
				"south": {"uv": [0, 0, 2.5, 6], "texture": "#6"},
				"west": {"uv": [0, 0, 2.5, 6], "texture": "#6"},
				"up": {"uv": [0, 0, 2.5, 2.5], "texture": "#6"},
				"down": {"uv": [0, 0, 2.5, 2.5], "texture": "#6"}
			}
		}
	],
	"display": {
		"thirdperson_righthand": {
			"rotation": [75, 45, 0],
			"translation": [0, 2.5, 0],
			"scale": [0.15, 0.15, 0.15]
		},
		"thirdperson_lefthand": {
			"rotation": [75, 45, 0],
			"translation": [0, 2.5, 0],
			"scale": [0.15, 0.15, 0.15]
		},
		"firstperson_righthand": {
			"rotation": [0, 45, 0],
			"translation": [0, 3.5, 0],
			"scale": [0.15, 0.15, 0.15]
		},
		"firstperson_lefthand": {
			"rotation": [0, 45, 0],
			"translation": [0, 3.5, 0],
			"scale": [0.15, 0.15, 0.15]
		},
		"ground": {
			"translation": [0, 3, 0],
			"scale": [0.15, 0.15, 0.15]
		},
		"gui": {
			"rotation": [15, 45, 0],
			"translation": [0, -0.75, 0],
			"scale": [0.25, 0.25, 0.25]
		},
		"head": {
			"scale": [0.25, 0.25, 0.25]
		},
		"fixed": {
			"rotation": [-90, 0, 0],
			"translation": [0, 0, -47],
			"scale": [2, 2, 2]
		}
	},
	"groups": [
		{
			"name": "hexadecagon",
			"origin": [8, 8, 8],
			"children": [0, 1, 2, 3, 4, 5, 6, 7, 8, 9, 10, 11, 12, 13, 14, 15]
		},
		{
			"name": "hexadecagon",
			"origin": [8, 8, 8],
			"children": [16, 17, 18, 19, 20, 21, 22, 23, 24, 25, 26, 27, 28, 29, 30, 31]
		},
		{
			"name": "hexadecagon",
			"origin": [8, 8, 8],
			"children": [32, 33, 34, 35, 36, 37, 38, 39, 40, 41, 42, 43, 44, 45, 46, 47]
		},
		{
			"name": "hexadecagon",
			"origin": [8, 8, 8],
			"children": [48, 49, 50, 51, 52, 53, 54, 55, 56, 57, 58, 59, 60, 61, 62, 63]
		},
		{
			"name": "glass",
			"origin": [8, 8, 8],
			"children": [64, 65, 66, 67, 68, 69, 70, 71, 72, 73, 74, 75, 76, 77, 78, 79]
		}, 80,
		{
			"name": "light_top",
			"origin": [8, 8, 8],
			"children": [81, 82, 83, 84, 85, 86, 87, 88]
		},
		{
			"name": "light_middle",
			"origin": [8, 8, 8],
			"children": [89, 90, 91, 92, 93, 94, 95, 96]
		},
		{
			"name": "light_bottom",
			"origin": [8, 8, 8],
			"children": [97, 98, 99, 100, 101, 102, 103, 104]
		}
	]
}