{
	"credit": "Made with Blockbench",
	"textures": {
		"0": "tardis:item/time_rotor/polished_blackstone_bricks",
		"1": "tardis:block/tardis/hexagon_top_bottom",
		"2": "tardis:item/time_rotor/tennant",
		"particle": "tardis:item/time_rotor/polished_blackstone_bricks"
	},
	"elements": [
		{
			"from": [0, 0, 0],
			"to": [16, 1.5, 16],
			"faces": {
				"north": {"uv": [0, 0, 16, 1.5], "rotation": 180, "texture": "#0"},
				"east": {"uv": [14.5, 0, 16, 16], "rotation": 90, "texture": "#0"},
				"south": {"uv": [0, 12.875, 16, 14.375], "texture": "#0"},
				"west": {"uv": [0, 0, 1.5, 16], "rotation": 270, "texture": "#0"},
				"up": {"uv": [0, 0, 16, 16], "texture": "#0"},
				"down": {"uv": [0, 0, 16, 16], "rotation": 180, "texture": "#0"}
			}
		},
		{
			"from": [1, 1.5, 1],
			"to": [2, 7.5, 15],
			"rotation": {"angle": 0, "axis": "y", "origin": [9, 9.5, 9]},
			"faces": {
				"north": {"uv": [0, 0, 1, 6], "texture": "#1"},
				"east": {"uv": [0, 0, 14, 6], "texture": "#1"},
				"south": {"uv": [0, 0, 1, 6], "texture": "#1"},
				"west": {"uv": [0, 0, 14, 6], "texture": "#1"},
				"up": {"uv": [0, 0, 1, 14], "texture": "#1"}
			}
		},
		{
			"from": [2, 1.5, 1],
			"to": [14, 7.5, 2],
			"rotation": {"angle": 0, "axis": "y", "origin": [8, 9.5, 9]},
			"faces": {
				"north": {"uv": [0, 0, 12, 6], "texture": "#1"},
				"south": {"uv": [0, 0, 12, 6], "texture": "#1"},
				"up": {"uv": [0, 0, 12, 1], "texture": "#1"}
			}
		},
		{
			"from": [2, 1.5, 14],
			"to": [14, 7.5, 15],
			"rotation": {"angle": 0, "axis": "y", "origin": [8, 9.5, 7]},
			"faces": {
				"north": {"uv": [12, 0, 0, 6], "texture": "#1"},
				"south": {"uv": [12, 0, 0, 6], "texture": "#1"},
				"up": {"uv": [12, 0, 0, 1], "texture": "#1"}
			}
		},
		{
			"from": [2, 1.5, 2],
			"to": [14, 2.5, 14],
			"rotation": {"angle": 0, "axis": "y", "origin": [8, 9.5, 6]},
			"faces": {
				"up": {"uv": [12, 0, 0, 12], "texture": "#1"}
			}
		},
		{
			"from": [14, 1.5, 1],
			"to": [15, 7.5, 15],
			"rotation": {"angle": 0, "axis": "y", "origin": [7, 9.5, 9]},
			"faces": {
				"north": {"uv": [1, 0, 0, 6], "texture": "#1"},
				"east": {"uv": [14, 0, 0, 6], "texture": "#1"},
				"south": {"uv": [1, 0, 0, 6], "texture": "#1"},
				"west": {"uv": [14, 0, 0, 6], "texture": "#1"},
				"up": {"uv": [1, 0, 0, 14], "texture": "#1"}
			}
		},
		{
			"from": [2.75, 2.5, 8.5],
			"to": [7.75, 22.5, 13.5],
			"rotation": {"angle": 0, "axis": "y", "origin": [10.75, 10.5, 20.5]},
			"faces": {
				"north": {"uv": [0, 0, 5, 9], "texture": "#2"},
				"east": {"uv": [0, 0, 5, 9], "texture": "#2"},
				"south": {"uv": [0, 0, 5, 9], "texture": "#2"},
				"west": {"uv": [0, 0, 5, 9], "texture": "#2"},
				"up": {"uv": [0, 0, 5, 5], "texture": "#2"}
			}
		},
		{
			"from": [8.5, 2.5, 8.5],
			"to": [13.5, 18.5, 13.5],
			"rotation": {"angle": 0, "axis": "y", "origin": [16.5, 10.5, 20.5]},
			"faces": {
				"north": {"uv": [0, 0, 5, 9], "texture": "#2"},
				"east": {"uv": [0, 0, 5, 9], "texture": "#2"},
				"south": {"uv": [0, 0, 5, 9], "texture": "#2"},
				"west": {"uv": [0, 0, 5, 9], "texture": "#2"},
				"up": {"uv": [0, 0, 5, 5], "texture": "#2"}
			}
		},
		{
			"from": [2.75, 2.5, 2.75],
			"to": [7.75, 10.5, 7.75],
			"rotation": {"angle": 0, "axis": "y", "origin": [10.75, 10.5, 14.75]},
			"faces": {
				"north": {"uv": [0, 0, 5, 9], "texture": "#2"},
				"east": {"uv": [0, 0, 5, 9], "texture": "#2"},
				"south": {"uv": [0, 0, 5, 9], "texture": "#2"},
				"west": {"uv": [0, 0, 5, 9], "texture": "#2"},
				"up": {"uv": [0, 0, 5, 5], "texture": "#2"}
			}
		},
		{
			"from": [8.5, 2.5, 2.75],
			"to": [13.5, 14.5, 7.75],
			"rotation": {"angle": 0, "axis": "y", "origin": [16.5, 10.5, 14.75]},
			"faces": {
				"north": {"uv": [0, 0, 5, 9], "texture": "#2"},
				"east": {"uv": [0, 0, 5, 9], "texture": "#2"},
				"south": {"uv": [0, 0, 5, 9], "texture": "#2"},
				"west": {"uv": [0, 0, 5, 9], "texture": "#2"},
				"up": {"uv": [0, 0, 5, 5], "texture": "#2"}
			}
		}
	],
	"display": {
		"thirdperson_righthand": {
			"rotation": [75, 45, 0],
			"translation": [0, 2.5, 0],
			"scale": [0.375, 0.375, 0.375]
		},
		"thirdperson_lefthand": {
			"rotation": [75, 45, 0],
			"translation": [0, 2.5, 0],
			"scale": [0.375, 0.375, 0.375]
		},
		"firstperson_righthand": {
			"rotation": [0, 45, 0],
			"translation": [0, 3.5, 0],
			"scale": [0.4, 0.4, 0.4]
		},
		"firstperson_lefthand": {
			"rotation": [0, 45, 0],
			"translation": [0, 3.5, 0],
			"scale": [0.4, 0.4, 0.4]
		},
		"ground": {
			"translation": [0, 3, 0],
			"scale": [0.25, 0.25, 0.25]
		},
		"gui": {
			"rotation": [30, 225, 0],
			"translation": [0, -0.75, 0],
			"scale": [0.5, 0.5, 0.5]
		},
		"head": {
			"scale": [0.5, 0.5, 0.5]
		},
		"fixed": {
			"rotation": [-90, 0, 0],
			"translation": [0, 0, -15],
			"scale": [2, 2, 2]
		}
	}
}