{
	"credit": "Made with Blockbench",
	"textures": {
		"0": "tardis:item/chemistry/glue",
		"particle": "tardis:item/chemistry/glue"
	},
	"elements": [
		{
			"from": [7, 0, 5.5],
			"to": [9, 7, 10.5],
			"rotation": {"angle": 0, "axis": "y", "origin": [15, 8, 13.5]},
			"faces": {
				"north": {"uv": [10.625, 4.125, 14, 16], "texture": "#0"},
				"east": {"uv": [1.375, 4.125, 10.625, 16], "texture": "#0"},
				"south": {"uv": [10, 4.125, 13.375, 16], "texture": "#0"},
				"west": {"uv": [1.375, 4.125, 10.5, 16], "texture": "#0"},
				"up": {"uv": [0, 9, 2.875, 16], "texture": "#0"},
				"down": {"uv": [11, 7.625, 14.25, 14.875], "texture": "#0", "cullface": "down"}
			}
		},
		{
			"from": [6.5, 7, 6.5],
			"to": [9.5, 9, 9.5],
			"rotation": {"angle": 0, "axis": "y", "origin": [14.5, 8, 13.5]},
			"faces": {
				"north": {"uv": [0, 0, 3, 2], "texture": "#0"},
				"east": {"uv": [0, 0, 3, 2], "texture": "#0"},
				"south": {"uv": [0, 0, 3, 2], "texture": "#0"},
				"west": {"uv": [0, 0, 3, 2], "texture": "#0"},
				"up": {"uv": [0, 0, 3, 3], "texture": "#0"},
				"down": {"uv": [0, 0, 3, 3], "texture": "#0"}
			}
		},
		{
			"from": [7, 9, 7],
			"to": [9, 10.5, 9],
			"rotation": {"angle": 0, "axis": "y", "origin": [15, 8, 14]},
			"faces": {
				"north": {"uv": [0, 0, 2, 1.5], "texture": "#0"},
				"east": {"uv": [0, 0, 2, 1.5], "texture": "#0"},
				"south": {"uv": [0, 0, 2, 1.5], "texture": "#0"},
				"west": {"uv": [0, 0, 2, 1.5], "texture": "#0"},
				"up": {"uv": [0, 0, 2, 2], "texture": "#0"}
			}
		},
		{
			"from": [7.25, 10.5, 7.25],
			"to": [8.75, 14, 8.75],
			"rotation": {"angle": 0, "axis": "y", "origin": [15.25, 8, 14.25]},
			"faces": {
				"north": {"uv": [0, 0, 1.5, 3.5], "texture": "#0"},
				"east": {"uv": [0, 0, 1.5, 3.5], "texture": "#0"},
				"south": {"uv": [0, 0, 1.5, 3.5], "texture": "#0"},
				"west": {"uv": [0, 0, 1.5, 3.5], "texture": "#0"},
				"up": {"uv": [0, 0, 1.5, 1.5], "texture": "#0"}
			}
		}
	],
	"display": {
		"thirdperson_righthand": {
			"translation": [0, 3, 0.5],
			"scale": [0.4, 0.4, 0.4]
		},
		"thirdperson_lefthand": {
			"translation": [0, 3, 0.5],
			"scale": [0.4, 0.4, 0.4]
		},
		"firstperson_righthand": {
			"rotation": [0, -90, 25],
			"translation": [1.13, 3.2, 1.13],
			"scale": [0.4, 0.4, 0.4]
		},
		"firstperson_lefthand": {
			"rotation": [0, -90, 25],
			"translation": [1.13, 3.2, 1.13],
			"scale": [0.4, 0.4, 0.4]
		},
		"ground": {
			"scale": [0.3, 0.3, 0.3]
		},
		"gui": {
			"rotation": [35, 45, 0],
			"translation": [0, -1, 0],
			"scale": [0.75, 0.75, 0.75]
		},
		"head": {
			"rotation": [0, 180, 0]
		},
		"fixed": {
			"rotation": [0, 90, 0],
			"scale": [0.75, 0.75, 0.75]
		}
	}
}