{
	"credit": "Made with Blockbench",
	"textures": {
		"0": "tardis:item/food/fish_finger",
		"particle": "tardis:item/food/fish_finger"
	},
	"elements": [
		{
			"from": [5.5, 0, 0],
			"to": [10.5, 2, 16],
			"rotation": {"angle": 0, "axis": "y", "origin": [13.5, 8, 8]},
			"faces": {
				"north": {"uv": [11, 12.5, 16, 14.5], "texture": "#0"},
				"east": {"uv": [0, 0, 16, 2], "texture": "#0"},
				"south": {"uv": [7.75, 10.125, 12.75, 12.125], "texture": "#0"},
				"west": {"uv": [0, 5, 16, 7], "texture": "#0"},
				"up": {"uv": [0, 0, 5, 16], "texture": "#0"},
				"down": {"uv": [6, 0, 11, 16], "texture": "#0"}
			}
		}
	],
	"display": {
		"thirdperson_righthand": {
			"rotation": [90, 0, 0],
			"translation": [0, 1.5, 2.75],
			"scale": [0.3, 0.3, 0.3]
		},
		"thirdperson_lefthand": {
			"rotation": [90, 0, 0],
			"translation": [0, 1.5, 2.75],
			"scale": [0.3, 0.3, 0.3]
		},
		"firstperson_righthand": {
			"translation": [0, 3, 0.75],
			"scale": [0.3, 0.3, 0.3]
		},
		"firstperson_lefthand": {
			"translation": [0, 3, 0.75],
			"scale": [0.3, 0.3, 0.3]
		},
		"ground": {
			"translation": [0, 3, 0],
			"scale": [0.3, 0.3, 0.3]
		},
		"gui": {
			"rotation": [90, -45, 26],
			"translation": [-1.25, 2, 0],
			"scale": [0.75, 0.75, 0.75]
		},
		"head": {
			"translation": [0, 8.75, 0],
			"scale": [0.3, 0.3, 0.3]
		},
		"fixed": {
			"rotation": [90, 0, 0],
			"translation": [0, 0, 3.25],
			"scale": [0.5, 0.5, 0.5]
		}
	}
}