{
	"credit": "Made with Blockbench",
	"textures": {
		"0": "tardis:item/tardis/acid_battery",
		"particle": "tardis:item/tardis/acid_battery"
	},
	"elements": [
		{
			"from": [6, 0.5, 6],
			"to": [9, 5, 9],
			"faces": {
				"north": {"uv": [10, 7, 11.247, 14.247], "texture": "#0"},
				"east": {"uv": [5.625, 6.875, 10.498, 15.123], "texture": "#0"},
				"south": {"uv": [6.372, 6.875, 4.625, 14.247], "texture": "#0"},
				"west": {"uv": [4.75, 6.875, 6.122, 13.747], "texture": "#0"},
				"down": {"uv": [4.625, 6.75, 6.122, 8.622], "texture": "#0"}
			}
		},
		{
			"from": [6, 5, 6],
			"to": [9, 7, 9],
			"faces": {
				"north": {"uv": [6.75, 3.5, 9.749, 5.499], "texture": "#0"},
				"east": {"uv": [6.75, 3.5, 9.749, 5.499], "texture": "#0"},
				"south": {"uv": [6.75, 3.5, 9.749, 5.499], "texture": "#0"},
				"west": {"uv": [6.75, 3.5, 9.749, 5.499], "texture": "#0"},
				"up": {"uv": [6.75, 3.5, 9.749, 5.499], "texture": "#0"},
				"down": {"uv": [6.75, 3.5, 9.749, 5.499], "texture": "#0"}
			}
		},
		{
			"from": [6.5, 7, 6.5],
			"to": [8.5, 7.4, 8.5],
			"faces": {
				"north": {"uv": [7, 0.75, 8.249, 1.999], "texture": "#0"},
				"east": {"uv": [7, 0.75, 8.249, 1.999], "texture": "#0"},
				"south": {"uv": [7, 0.75, 8.249, 1.999], "texture": "#0"},
				"west": {"uv": [7, 0.75, 8.249, 1.999], "texture": "#0"},
				"up": {"uv": [7, 0.75, 8.249, 1.999], "texture": "#0"},
				"down": {"uv": [7, 0.75, 8.249, 1.999], "texture": "#0"}
			}
		},
		{
			"from": [7, 7.4, 7],
			"to": [8, 7.8, 8],
			"faces": {
				"north": {"uv": [7, 0.75, 8.249, 1.999], "texture": "#0"},
				"east": {"uv": [7, 0.75, 8.249, 1.999], "texture": "#0"},
				"south": {"uv": [7, 0.75, 8.249, 1.999], "texture": "#0"},
				"west": {"uv": [7, 0.75, 8.249, 1.999], "texture": "#0"},
				"up": {"uv": [7, 0.75, 8.249, 1.999], "texture": "#0"},
				"down": {"uv": [7, 0.75, 8.249, 1.999], "texture": "#0"}
			}
		},
		{
			"from": [6, 7, 6],
			"to": [6.5, 7.5, 9],
			"faces": {
				"north": {"uv": [6.375, 3.375, 9.374, 5.374], "texture": "#0"},
				"east": {"uv": [6.375, 3.375, 9.374, 5.374], "texture": "#0"},
				"south": {"uv": [6.375, 3.375, 9.374, 5.374], "texture": "#0"},
				"west": {"uv": [6.375, 3.375, 9.374, 5.374], "texture": "#0"},
				"up": {"uv": [6.375, 3.375, 9.374, 5.374], "texture": "#0"},
				"down": {"uv": [6.375, 3.375, 9.374, 5.374], "texture": "#0"}
			}
		},
		{
			"from": [6.5, 6.99998, 6],
			"to": [8.5, 7.49998, 6.5],
			"faces": {
				"north": {"uv": [8.25, 3.875, 8.749, 5.874], "rotation": 90, "texture": "#0"},
				"east": {"uv": [8.25, 3.875, 8.749, 5.874], "rotation": 90, "texture": "#0"},
				"south": {"uv": [8.25, 3.875, 8.749, 5.874], "rotation": 90, "texture": "#0"},
				"west": {"uv": [8.25, 3.875, 8.749, 5.874], "rotation": 90, "texture": "#0"},
				"up": {"uv": [8.25, 3.875, 8.749, 5.874], "rotation": 90, "texture": "#0"},
				"down": {"uv": [8.25, 3.875, 8.749, 5.874], "rotation": 90, "texture": "#0"}
			}
		},
		{
			"from": [8.5, 7, 6],
			"to": [9, 7.5, 9],
			"faces": {
				"north": {"uv": [5.75, 3.125, 10.122, 6.124], "texture": "#0"},
				"east": {"uv": [5.75, 3.125, 10.122, 6.124], "texture": "#0"},
				"south": {"uv": [5.75, 3.125, 10.122, 6.124], "texture": "#0"},
				"west": {"uv": [5.75, 3.125, 10.122, 6.124], "texture": "#0"},
				"up": {"uv": [5.75, 3.125, 10.122, 6.124], "texture": "#0"},
				"down": {"uv": [5.75, 3.125, 10.122, 6.124], "texture": "#0"}
			}
		},
		{
			"from": [6.5, 6.99998, 8.5],
			"to": [8.5, 7.49998, 9],
			"faces": {
				"north": {"uv": [6.125, 3.25, 10.248, 5.997], "rotation": 180, "texture": "#0"},
				"east": {"uv": [6.125, 3.25, 10.248, 5.997], "rotation": 180, "texture": "#0"},
				"south": {"uv": [6.125, 3.25, 10.248, 5.997], "rotation": 180, "texture": "#0"},
				"west": {"uv": [6.125, 3.25, 10.248, 5.997], "rotation": 180, "texture": "#0"},
				"up": {"uv": [6.125, 3.25, 10.248, 5.997], "rotation": 180, "texture": "#0"},
				"down": {"uv": [6.125, 3.25, 10.248, 5.997], "rotation": 180, "texture": "#0"}
			}
		},
		{
			"from": [6, 0, 6],
			"to": [6.5, 0.5, 9],
			"faces": {
				"north": {"uv": [6.375, 3.375, 9.374, 5.374], "texture": "#0"},
				"east": {"uv": [6.375, 3.375, 9.374, 5.374], "texture": "#0"},
				"south": {"uv": [6.375, 3.375, 9.374, 5.374], "texture": "#0"},
				"west": {"uv": [6.375, 3.375, 9.374, 5.374], "texture": "#0"},
				"up": {"uv": [6.375, 3.375, 9.374, 5.374], "texture": "#0"},
				"down": {"uv": [6.375, 3.375, 9.374, 5.374], "texture": "#0"}
			}
		},
		{
			"from": [6.5, 0, 6],
			"to": [8.5, 0.5, 6.5],
			"faces": {
				"north": {"uv": [8.25, 3.875, 8.749, 5.874], "rotation": 90, "texture": "#0"},
				"east": {"uv": [8.25, 3.875, 8.749, 5.874], "rotation": 90, "texture": "#0"},
				"south": {"uv": [8.25, 3.875, 8.749, 5.874], "rotation": 90, "texture": "#0"},
				"west": {"uv": [8.25, 3.875, 8.749, 5.874], "rotation": 90, "texture": "#0"},
				"up": {"uv": [8.25, 3.875, 8.749, 5.874], "rotation": 90, "texture": "#0"},
				"down": {"uv": [8.25, 3.875, 8.749, 5.874], "rotation": 90, "texture": "#0"}
			}
		},
		{
			"from": [8.5, 0, 6],
			"to": [9, 0.5, 9],
			"faces": {
				"north": {"uv": [5.75, 3.125, 10.122, 6.124], "texture": "#0"},
				"east": {"uv": [5.75, 3.125, 10.122, 6.124], "texture": "#0"},
				"south": {"uv": [5.75, 3.125, 10.122, 6.124], "texture": "#0"},
				"west": {"uv": [5.75, 3.125, 10.122, 6.124], "texture": "#0"},
				"up": {"uv": [5.75, 3.125, 10.122, 6.124], "texture": "#0"},
				"down": {"uv": [5.75, 3.125, 10.122, 6.124], "texture": "#0"}
			}
		},
		{
			"from": [6.5, 0, 8.5],
			"to": [8.5, 0.5, 9],
			"faces": {
				"north": {"uv": [6.125, 3.25, 10.248, 5.997], "rotation": 180, "texture": "#0"},
				"east": {"uv": [6.125, 3.25, 10.248, 5.997], "rotation": 180, "texture": "#0"},
				"south": {"uv": [6.125, 3.25, 10.248, 5.997], "rotation": 180, "texture": "#0"},
				"west": {"uv": [6.125, 3.25, 10.248, 5.997], "rotation": 180, "texture": "#0"},
				"up": {"uv": [6.125, 3.25, 10.248, 5.997], "rotation": 180, "texture": "#0"},
				"down": {"uv": [6.125, 3.25, 10.248, 5.997], "rotation": 180, "texture": "#0"}
			}
		},
		{
			"from": [6.5, -0.1, 6.5],
			"to": [8.5, 0.3, 8.5],
			"faces": {
				"north": {"uv": [7, 0.75, 8.249, 1.999], "texture": "#0"},
				"east": {"uv": [7, 0.75, 8.249, 1.999], "texture": "#0"},
				"south": {"uv": [7, 0.75, 8.249, 1.999], "texture": "#0"},
				"west": {"uv": [7, 0.75, 8.249, 1.999], "texture": "#0"},
				"up": {"uv": [7, 0.75, 8.249, 1.999], "texture": "#0"},
				"down": {"uv": [7, 0.75, 8.249, 1.999], "texture": "#0"}
			}
		}
	],
	"display": {
		"thirdperson_righthand": {
			"translation": [0, 3, 1.75],
			"scale": [0.55, 0.55, 0.55]
		},
		"thirdperson_lefthand": {
			"translation": [0, 3, 1.75],
			"scale": [0.55, 0.55, 0.55]
		},
		"firstperson_righthand": {
			"rotation": [0, -90, 25],
			"translation": [-1.75, 6.75, 1.25],
			"scale": [0.68, 0.68, 0.68]
		},
		"firstperson_lefthand": {
			"rotation": [0, 90, -25],
			"translation": [-1.75, 6.75, 1.25],
			"scale": [0.68, 0.68, 0.68]
		},
		"ground": {
			"translation": [0, 3, 0],
			"scale": [0.5, 0.5, 0.5]
		},
		"gui": {
			"rotation": [25, -45, 0],
			"translation": [0, 5.25, 0],
			"scale": [1.5, 1.5, 1.5]
		},
		"head": {
			"rotation": [0, 90, 0],
			"translation": [0, 15, -0.5]
		},
		"fixed": {
			"rotation": [0, 90, 0],
			"translation": [0.75, 8.25, -0.75],
			"scale": [2, 2, 2]
		}
	},
	"groups": [0, 1, 2, 3,
		{
			"name": "group",
			"children": [4, 5, 6, 7]
		},
		{
			"name": "group2",
			"children": [8, 9, 10, 11]
		}, 12]
}