{
	"credit": "Made with Blockbench",
	"textures": {
		"0": "tardis:item/tardis/biome_reader",
		"1": "tardis:item/tardis/biome_reader_light",
		"2": "tardis:item/tardis/biome_reader_screen",
		"particle": "tardis:item/tardis/biome_reader"
	},
	"elements": [
		{
			"from": [4.5, 0.2, 2],
			"to": [11.5, 0.8, 4.5],
			"rotation": {"angle": 0, "axis": "y", "origin": [15.5, 8, 8]},
			"faces": {
				"north": {"uv": [0, 0, 7, 2.5], "texture": "#0"},
				"east": {"uv": [2, 10.625, 4.5, 11.225], "texture": "#0"},
				"south": {"uv": [0, 0, 7, 2.5], "texture": "#0"},
				"west": {"uv": [5.75, 6.75, 8.25, 7.35], "texture": "#0"},
				"up": {"uv": [3.875, 5.25, 10.875, 7.75], "texture": "#0"},
				"down": {"uv": [5.625, 13.25, 12.625, 15.75], "texture": "#0"}
			}
		},
		{
			"from": [5, 0, 4.5],
			"to": [11, 1, 14],
			"rotation": {"angle": 0, "axis": "y", "origin": [16, 8, 8]},
			"faces": {
				"north": {"uv": [4.125, 10, 10.125, 11], "texture": "#0"},
				"east": {"uv": [4, 6, 13.5, 7], "texture": "#0"},
				"south": {"uv": [4.625, 5.125, 10.625, 6.125], "texture": "#0"},
				"west": {"uv": [3.5, 9.75, 13, 10.75], "texture": "#0"},
				"up": {"uv": [8.75, 3.125, 14.75, 12.625], "texture": "#0"},
				"down": {"uv": [0, 0, 6, 9.5], "texture": "#0"}
			}
		},
		{
			"from": [5.7, 1, 5],
			"to": [10.3, 1.1, 13.5],
			"rotation": {"angle": 0, "axis": "y", "origin": [16, 8, 8]},
			"faces": {
				"north": {"uv": [4.125, 10, 10.125, 11], "texture": "#0"},
				"east": {"uv": [4, 6, 13.5, 7], "texture": "#0"},
				"south": {"uv": [4.625, 5.125, 10.625, 6.125], "texture": "#0"},
				"west": {"uv": [3.5, 9.75, 13, 10.75], "texture": "#0"},
				"up": {"uv": [5.125, 2.75, 10.849, 13.25], "texture": "#2"},
				"down": {"uv": [0, 0, 6, 9.5], "texture": "#0"}
			}
		},
		{
			"from": [4.5, 0, 14],
			"to": [11.5, 1, 14.5],
			"rotation": {"angle": 0, "axis": "y", "origin": [15.5, 8, 8]},
			"faces": {
				"north": {"uv": [0, 0, 7, 0.5], "texture": "#1"},
				"east": {"uv": [2.5, 3, 3, 4], "texture": "#1"},
				"south": {"uv": [0, 0, 7, 0.5], "texture": "#1"},
				"west": {"uv": [3, 10.875, 3.5, 11.875], "texture": "#1"},
				"up": {"uv": [0.75, 6, 7.75, 6.5], "texture": "#1"},
				"down": {"uv": [1.5, 3.125, 8.5, 3.625], "texture": "#1"}
			}
		},
		{
			"from": [4.5, 0, 15],
			"to": [11.5, 1, 15.5],
			"rotation": {"angle": 0, "axis": "y", "origin": [15.5, 8, 8]},
			"faces": {
				"north": {"uv": [0, 0, 7, 0.5], "texture": "#1"},
				"east": {"uv": [0, 0, 0.5, 1], "texture": "#1"},
				"south": {"uv": [0, 0, 7, 0.5], "texture": "#1"},
				"west": {"uv": [1.625, 4.125, 2.125, 5.125], "texture": "#1"},
				"up": {"uv": [9, 9.5, 16, 10], "texture": "#1"},
				"down": {"uv": [5.625, 10, 12.625, 10.5], "texture": "#1"}
			}
		},
		{
			"from": [4.5, 0.2, 14.5],
			"to": [11.5, 0.8, 15],
			"rotation": {"angle": 0, "axis": "y", "origin": [15.5, 8, 8]},
			"faces": {
				"north": {"uv": [0, 0, 7, 0.5], "texture": "#0"},
				"east": {"uv": [0, 0, 7, 0.5], "texture": "#0"},
				"south": {"uv": [0, 0, 7, 0.5], "texture": "#0"},
				"west": {"uv": [0, 0, 7, 0.5], "texture": "#0"},
				"up": {"uv": [0, 0, 7, 0.5], "texture": "#0"},
				"down": {"uv": [0, 0, 7, 0.5], "texture": "#0"}
			}
		},
		{
			"from": [5, 0.2, 0],
			"to": [6, 0.8, 2],
			"faces": {
				"north": {"uv": [0, 0, 1, 2], "texture": "#0"},
				"east": {"uv": [0, 0, 1, 2], "texture": "#0"},
				"south": {"uv": [0, 0, 1, 2], "texture": "#0"},
				"west": {"uv": [0, 0, 1, 2], "texture": "#0"},
				"up": {"uv": [0, 4.375, 1, 6.375], "texture": "#0"},
				"down": {"uv": [0, 0, 1, 2], "texture": "#0"}
			}
		},
		{
			"from": [10, 0.2, 0],
			"to": [11, 0.8, 2],
			"faces": {
				"north": {"uv": [0, 0, 1, 2], "texture": "#0"},
				"east": {"uv": [0, 0, 1, 2], "texture": "#0"},
				"south": {"uv": [0, 0, 1, 2], "texture": "#0"},
				"west": {"uv": [0, 0, 1, 2], "texture": "#0"},
				"up": {"uv": [0, 0, 1, 2], "texture": "#0"},
				"down": {"uv": [0, 0, 1, 2], "texture": "#0"}
			}
		},
		{
			"from": [6.5, 0, 1.5],
			"to": [9.5, 1, 4.5],
			"rotation": {"angle": 0, "axis": "y", "origin": [14.5, 8, 8]},
			"faces": {
				"north": {"uv": [3.5, 8.25, 6.5, 9.25], "texture": "#1"},
				"east": {"uv": [10, 12.375, 13, 13.375], "texture": "#1"},
				"south": {"uv": [11.625, 6.375, 14.625, 7.375], "texture": "#1"},
				"west": {"uv": [0.875, 10.625, 3.875, 11.625], "texture": "#1"},
				"up": {"uv": [5.75, 8.625, 8.75, 11.625], "texture": "#1"},
				"down": {"uv": [6.625, 4.75, 9.625, 7.75], "texture": "#1"}
			}
		},
		{
			"from": [9, 0.2, 15.5],
			"to": [11, 0.8, 16],
			"rotation": {"angle": 0, "axis": "y", "origin": [14.5, 8, 8]},
			"faces": {
				"north": {"uv": [0, 0, 2, 0.5], "texture": "#0"},
				"east": {"uv": [0, 0, 2, 0.5], "texture": "#0"},
				"south": {"uv": [5.375, 3.25, 7.375, 3.75], "texture": "#0"},
				"west": {"uv": [0, 0, 2, 0.5], "texture": "#0"},
				"up": {"uv": [0, 0, 2, 0.5], "texture": "#0"},
				"down": {"uv": [0, 0, 2, 0.5], "texture": "#0"}
			}
		},
		{
			"from": [5, 0.2, 15.5],
			"to": [7, 0.8, 16],
			"rotation": {"angle": 0, "axis": "y", "origin": [14.5, 8, 8]},
			"faces": {
				"north": {"uv": [0, 0, 2, 0.5], "texture": "#0"},
				"east": {"uv": [0, 0, 2, 0.5], "texture": "#0"},
				"south": {"uv": [4.5, 9, 6.5, 9.5], "texture": "#0"},
				"west": {"uv": [0, 0, 2, 0.5], "texture": "#0"},
				"up": {"uv": [0, 0, 2, 0.5], "texture": "#0"},
				"down": {"uv": [0, 0, 2, 0.5], "texture": "#0"}
			}
		},
		{
			"from": [11, 0.2, 1],
			"to": [11.5, 0.8, 2],
			"rotation": {"angle": 0, "axis": "y", "origin": [14.5, 8, 8]},
			"faces": {
				"north": {"uv": [0, 0, 0.5, 1], "texture": "#0"},
				"east": {"uv": [0, 0, 0.5, 1], "texture": "#0"},
				"south": {"uv": [0, 0, 0.5, 1], "texture": "#0"},
				"west": {"uv": [0, 0, 0.5, 1], "texture": "#0"},
				"up": {"uv": [0, 0, 0.5, 1], "texture": "#0"},
				"down": {"uv": [0, 0, 0.5, 1], "texture": "#0"}
			}
		},
		{
			"from": [4.5, 0.2, 1],
			"to": [5, 0.8, 2],
			"rotation": {"angle": 0, "axis": "y", "origin": [14.5, 8, 8]},
			"faces": {
				"north": {"uv": [0, 0, 0.5, 1], "texture": "#0"},
				"east": {"uv": [0, 0, 0.5, 1], "texture": "#0"},
				"south": {"uv": [0, 0, 0.5, 1], "texture": "#0"},
				"west": {"uv": [0, 0, 0.5, 1], "texture": "#0"},
				"up": {"uv": [3, 1.375, 3.5, 2.375], "texture": "#0"},
				"down": {"uv": [0, 0, 0.5, 1], "texture": "#0"}
			}
		},
		{
			"from": [11, 0, 7],
			"to": [11.75, 1, 7.5],
			"rotation": {"angle": 0, "axis": "y", "origin": [14.5, 8, 8]},
			"faces": {
				"north": {"uv": [2.875, 7, 3.625, 8], "texture": "#1"},
				"east": {"uv": [7.5, 7, 8, 8], "texture": "#1"},
				"south": {"uv": [10.25, 1.25, 11, 2.25], "texture": "#1"},
				"west": {"uv": [5.875, 10.25, 6.375, 11.25], "texture": "#1"},
				"up": {"uv": [1.875, 8, 2.625, 8.5], "texture": "#1"},
				"down": {"uv": [0, 0, 0.75, 0.5], "texture": "#1"}
			}
		},
		{
			"from": [11, 0, 8],
			"to": [11.75, 1, 8.5],
			"rotation": {"angle": 0, "axis": "y", "origin": [14.5, 8, 8]},
			"faces": {
				"north": {"uv": [2.875, 7, 3.625, 8], "texture": "#1"},
				"east": {"uv": [7.5, 7, 8, 8], "texture": "#1"},
				"south": {"uv": [10.25, 1.25, 11, 2.25], "texture": "#1"},
				"west": {"uv": [5.875, 10.25, 6.375, 11.25], "texture": "#1"},
				"up": {"uv": [1.875, 8, 2.625, 8.5], "texture": "#1"},
				"down": {"uv": [0, 0, 0.75, 0.5], "texture": "#1"}
			}
		},
		{
			"from": [11, 0, 9],
			"to": [11.75, 1, 9.5],
			"rotation": {"angle": 0, "axis": "y", "origin": [14.5, 8, 8]},
			"faces": {
				"north": {"uv": [2.875, 7, 3.625, 8], "texture": "#1"},
				"east": {"uv": [7.5, 7, 8, 8], "texture": "#1"},
				"south": {"uv": [10.25, 1.25, 11, 2.25], "texture": "#1"},
				"west": {"uv": [5.875, 10.25, 6.375, 11.25], "texture": "#1"},
				"up": {"uv": [1.875, 8, 2.625, 8.5], "texture": "#1"},
				"down": {"uv": [0, 0, 0.75, 0.5], "texture": "#1"}
			}
		},
		{
			"from": [11, 0, 10],
			"to": [11.75, 1, 10.5],
			"rotation": {"angle": 0, "axis": "y", "origin": [14.5, 8, 8]},
			"faces": {
				"north": {"uv": [2.875, 7, 3.625, 8], "texture": "#1"},
				"east": {"uv": [7.5, 7, 8, 8], "texture": "#1"},
				"south": {"uv": [10.25, 1.25, 11, 2.25], "texture": "#1"},
				"west": {"uv": [5.875, 10.25, 6.375, 11.25], "texture": "#1"},
				"up": {"uv": [1.875, 8, 2.625, 8.5], "texture": "#1"},
				"down": {"uv": [0, 0, 0.75, 0.5], "texture": "#1"}
			}
		},
		{
			"from": [11, 0, 11],
			"to": [11.75, 1, 11.5],
			"rotation": {"angle": 0, "axis": "y", "origin": [14.5, 8, 8]},
			"faces": {
				"north": {"uv": [2.875, 7, 3.625, 8], "texture": "#1"},
				"east": {"uv": [7.5, 7, 8, 8], "texture": "#1"},
				"south": {"uv": [10.25, 1.25, 11, 2.25], "texture": "#1"},
				"west": {"uv": [5.875, 10.25, 6.375, 11.25], "texture": "#1"},
				"up": {"uv": [1.875, 8, 2.625, 8.5], "texture": "#1"},
				"down": {"uv": [0, 0, 0.75, 0.5], "texture": "#1"}
			}
		},
		{
			"from": [11, 0, 12],
			"to": [11.75, 1, 12.5],
			"rotation": {"angle": 0, "axis": "y", "origin": [14.5, 8, 8]},
			"faces": {
				"north": {"uv": [2.875, 7, 3.625, 8], "texture": "#1"},
				"east": {"uv": [7.5, 7, 8, 8], "texture": "#1"},
				"south": {"uv": [10.25, 1.25, 11, 2.25], "texture": "#1"},
				"west": {"uv": [5.875, 10.25, 6.375, 11.25], "texture": "#1"},
				"up": {"uv": [1.875, 8, 2.625, 8.5], "texture": "#1"},
				"down": {"uv": [0, 0, 0.75, 0.5], "texture": "#1"}
			}
		},
		{
			"from": [11, 0, 6],
			"to": [11.75, 1, 6.5],
			"rotation": {"angle": 0, "axis": "y", "origin": [14.5, 8, 8]},
			"faces": {
				"north": {"uv": [2.875, 7, 3.625, 8], "texture": "#1"},
				"east": {"uv": [7.5, 7, 8, 8], "texture": "#1"},
				"south": {"uv": [10.25, 1.25, 11, 2.25], "texture": "#1"},
				"west": {"uv": [5.875, 10.25, 6.375, 11.25], "texture": "#1"},
				"up": {"uv": [1.875, 8, 2.625, 8.5], "texture": "#1"},
				"down": {"uv": [0, 0, 0.75, 0.5], "texture": "#1"}
			}
		},
		{
			"from": [11, 0.25, 5.5],
			"to": [11.5, 0.75, 13],
			"rotation": {"angle": 0, "axis": "y", "origin": [14.5, 8, 8]},
			"faces": {
				"north": {"uv": [0, 0, 0.5, 7.5], "texture": "#0"},
				"east": {"uv": [0, 0, 0.5, 7.5], "texture": "#0"},
				"south": {"uv": [0, 0, 0.5, 7.5], "texture": "#0"},
				"west": {"uv": [0, 0, 0.5, 7.5], "texture": "#0"},
				"up": {"uv": [0, 0, 0.5, 7.5], "texture": "#0"},
				"down": {"uv": [0, 0, 0.5, 7.5], "texture": "#0"}
			}
		},
		{
			"from": [4.25, 0, 7],
			"to": [5, 1, 7.5],
			"rotation": {"angle": 0, "axis": "y", "origin": [1.5, 8, 8]},
			"faces": {
				"north": {"uv": [0, 0, 0.75, 1], "texture": "#1"},
				"east": {"uv": [0, 0, 0.5, 1], "texture": "#1"},
				"south": {"uv": [7, 6.25, 7.75, 7.25], "texture": "#1"},
				"west": {"uv": [0, 0, 0.5, 1], "texture": "#1"},
				"up": {"uv": [0, 0, 0.75, 0.5], "texture": "#1"},
				"down": {"uv": [0, 0, 0.75, 0.5], "texture": "#1"}
			}
		},
		{
			"from": [4.25, 0, 8],
			"to": [5, 1, 8.5],
			"rotation": {"angle": 0, "axis": "y", "origin": [1.5, 8, 8]},
			"faces": {
				"north": {"uv": [0, 0, 0.75, 1], "texture": "#1"},
				"east": {"uv": [0, 0, 0.5, 1], "texture": "#1"},
				"south": {"uv": [7, 6.25, 7.75, 7.25], "texture": "#1"},
				"west": {"uv": [0, 0, 0.5, 1], "texture": "#1"},
				"up": {"uv": [0, 0, 0.75, 0.5], "texture": "#1"},
				"down": {"uv": [0, 0, 0.75, 0.5], "texture": "#1"}
			}
		},
		{
			"from": [4.25, 0, 9],
			"to": [5, 1, 9.5],
			"rotation": {"angle": 0, "axis": "y", "origin": [1.5, 8, 8]},
			"faces": {
				"north": {"uv": [0, 0, 0.75, 1], "texture": "#1"},
				"east": {"uv": [0, 0, 0.5, 1], "texture": "#1"},
				"south": {"uv": [7, 6.25, 7.75, 7.25], "texture": "#1"},
				"west": {"uv": [0, 0, 0.5, 1], "texture": "#1"},
				"up": {"uv": [0, 0, 0.75, 0.5], "texture": "#1"},
				"down": {"uv": [0, 0, 0.75, 0.5], "texture": "#1"}
			}
		},
		{
			"from": [4.25, 0, 10],
			"to": [5, 1, 10.5],
			"rotation": {"angle": 0, "axis": "y", "origin": [1.5, 8, 8]},
			"faces": {
				"north": {"uv": [0, 0, 0.75, 1], "texture": "#1"},
				"east": {"uv": [0, 0, 0.5, 1], "texture": "#1"},
				"south": {"uv": [7, 6.25, 7.75, 7.25], "texture": "#1"},
				"west": {"uv": [0, 0, 0.5, 1], "texture": "#1"},
				"up": {"uv": [0, 0, 0.75, 0.5], "texture": "#1"},
				"down": {"uv": [0, 0, 0.75, 0.5], "texture": "#1"}
			}
		},
		{
			"from": [4.25, 0, 11],
			"to": [5, 1, 11.5],
			"rotation": {"angle": 0, "axis": "y", "origin": [1.5, 8, 8]},
			"faces": {
				"north": {"uv": [0, 0, 0.75, 1], "texture": "#1"},
				"east": {"uv": [0, 0, 0.5, 1], "texture": "#1"},
				"south": {"uv": [7, 6.25, 7.75, 7.25], "texture": "#1"},
				"west": {"uv": [0, 0, 0.5, 1], "texture": "#1"},
				"up": {"uv": [0, 0, 0.75, 0.5], "texture": "#1"},
				"down": {"uv": [0, 0, 0.75, 0.5], "texture": "#1"}
			}
		},
		{
			"from": [4.25, 0, 12],
			"to": [5, 1, 12.5],
			"rotation": {"angle": 0, "axis": "y", "origin": [1.5, 8, 8]},
			"faces": {
				"north": {"uv": [0, 0, 0.75, 1], "texture": "#1"},
				"east": {"uv": [0, 0, 0.5, 1], "texture": "#1"},
				"south": {"uv": [7, 6.25, 7.75, 7.25], "texture": "#1"},
				"west": {"uv": [0, 0, 0.5, 1], "texture": "#1"},
				"up": {"uv": [0, 0, 0.75, 0.5], "texture": "#1"},
				"down": {"uv": [0, 0, 0.75, 0.5], "texture": "#1"}
			}
		},
		{
			"from": [4.25, 0, 6],
			"to": [5, 1, 6.5],
			"rotation": {"angle": 0, "axis": "y", "origin": [1.5, 8, 8]},
			"faces": {
				"north": {"uv": [0, 0, 0.75, 1], "texture": "#1"},
				"east": {"uv": [0, 0, 0.5, 1], "texture": "#1"},
				"south": {"uv": [7, 6.25, 7.75, 7.25], "texture": "#1"},
				"west": {"uv": [0, 0, 0.5, 1], "texture": "#1"},
				"up": {"uv": [0, 0, 0.75, 0.5], "texture": "#1"},
				"down": {"uv": [0, 0, 0.75, 0.5], "texture": "#1"}
			}
		},
		{
			"from": [4.5, 0.25, 5.5],
			"to": [5, 0.75, 13],
			"rotation": {"angle": 0, "axis": "y", "origin": [1.5, 8, 8]},
			"faces": {
				"north": {"uv": [0, 0, 0.5, 7.5], "texture": "#0"},
				"east": {"uv": [0, 0, 0.5, 7.5], "texture": "#0"},
				"south": {"uv": [0, 0, 0.5, 7.5], "texture": "#0"},
				"west": {"uv": [0, 0, 0.5, 7.5], "texture": "#0"},
				"up": {"uv": [0, 0, 0.5, 7.5], "texture": "#0"},
				"down": {"uv": [0, 0, 0.5, 7.5], "texture": "#0"}
			}
		}
	],
	"display": {
		"thirdperson_righthand": {
			"translation": [0, 3, -2.5],
			"scale": [0.55, 0.55, 0.55]
		},
		"thirdperson_lefthand": {
			"translation": [0, 3, -2.5],
			"scale": [0.55, 0.55, 0.55]
		},
		"firstperson_righthand": {
			"rotation": [0, 0, 25],
			"translation": [1.13, 7.2, 1.13],
			"scale": [0.68, 0.68, 0.68]
		},
		"firstperson_lefthand": {
			"rotation": [0, 0, 25],
			"translation": [1.13, 7.2, 1.13],
			"scale": [0.68, 0.68, 0.68]
		},
		"ground": {
			"translation": [0, 3, 0],
			"scale": [0.5, 0.5, 0.5]
		},
		"gui": {
			"rotation": [45, -45, -22],
			"translation": [2, 2.5, 0],
			"scale": [0.95, 0.95, 0.95]
		},
		"head": {
			"translation": [0, 10.75, 0],
			"scale": [0.55, 0.55, 0.55]
		},
		"fixed": {
			"rotation": [90, 0, -180],
			"translation": [0, 0, -7.75]
		}
	},
	"groups": [0, 1, 2, 3, 4, 5, 6, 7, 8, 9, 10, 11, 12,
		{
			"name": "group",
			"origin": [14.5, 8, 8],
			"children": [13, 14, 15, 16, 17, 18, 19, 20]
		},
		{
			"name": "group",
			"origin": [14.5, 8, 8],
			"children": [21, 22, 23, 24, 25, 26, 27, 28]
		}
	]
}