{
	"credit": "Made with Blockbench",
	"textures": {
		"0": "tardis:item/glow_sticks/gray_plastic",
		"1": "tardis:item/disk/black_plastic",
		"2": "block/red_wool",
		"3": "block/lime_wool",
		"4": "block/light_blue_wool",
		"5": "tardis:item/circuit/circuit_ars",
		"particle": "tardis:item/glow_sticks/gray_plastic"
	},
	"elements": [
		{
			"from": [0, 1, 0],
			"to": [16, 1.5, 16],
			"faces": {
				"north": {"uv": [0, 0, 16, 1], "texture": "#0"},
				"east": {"uv": [0, 0, 1, 16], "rotation": 90, "texture": "#0"},
				"south": {"uv": [0, 0, 16, 1], "texture": "#0"},
				"west": {"uv": [0, 0, 1, 16], "rotation": 90, "texture": "#0"},
				"up": {"uv": [0, 0, 16, 16], "texture": "#0"}
			}
		},
		{
			"from": [0, 0.5, 0],
			"to": [16, 1, 16],
			"faces": {
				"north": {"uv": [0, 0, 16, 1], "texture": "#1"},
				"east": {"uv": [0, 0, 1, 16], "rotation": 90, "texture": "#1"},
				"south": {"uv": [0, 0, 16, 1], "texture": "#1"},
				"west": {"uv": [0, 0, 1, 16], "rotation": 90, "texture": "#1"},
				"down": {"uv": [0, 0, 16, 16], "texture": "#1"}
			}
		},
		{
			"from": [0, 0, 2],
			"to": [12, 0.5, 3],
			"faces": {
				"north": {"uv": [0, 0, 12, 0.5], "texture": "#2"},
				"west": {"uv": [0, 0, 1, 0.5], "texture": "#2"},
				"down": {"uv": [0, 0, 12, 1], "texture": "#2"}
			}
		},
		{
			"from": [12, 0, 2],
			"to": [13, 0.5, 7],
			"faces": {
				"north": {"uv": [0, 0, 1, 0.5], "texture": "#2"},
				"east": {"uv": [0, 0, 5, 0.5], "texture": "#2"},
				"down": {"uv": [0, 0, 1, 5], "texture": "#2"}
			}
		},
		{
			"from": [11, 0, 4],
			"to": [12, 0.5, 7],
			"faces": {
				"down": {"uv": [0, 8, 1, 11], "texture": "#3"}
			}
		},
		{
			"from": [0, 0, 3],
			"to": [12, 0.5, 4],
			"faces": {
				"west": {"uv": [0, 8, 1, 8.5], "texture": "#3"},
				"down": {"uv": [0, 8, 12, 9], "texture": "#3"}
			}
		},
		{
			"from": [0, 0, 4],
			"to": [11, 0.5, 5],
			"faces": {
				"south": {"uv": [0, 15, 11, 15.5], "texture": "#4"},
				"west": {"uv": [0, 15, 1, 15.5], "texture": "#4"},
				"down": {"uv": [0, 15, 11, 16], "texture": "#4"}
			}
		},
		{
			"from": [10, 0, 5],
			"to": [11, 0.5, 7],
			"faces": {
				"west": {"uv": [0, 15, 2, 15.5], "texture": "#4"},
				"down": {"uv": [0, 15, 1, 17], "texture": "#4"}
			}
		},
		{
			"from": [2, 0, 7],
			"to": [14, 0.5, 14],
			"faces": {
				"north": {"uv": [1.5, 3.375, 13.5, 3.875], "texture": "#5"},
				"east": {"uv": [1.5, 3.375, 8.5, 3.875], "texture": "#5"},
				"south": {"uv": [1.5, 3.375, 13.5, 3.875], "texture": "#5"},
				"west": {"uv": [1.5, 3.375, 8.5, 3.875], "texture": "#5"},
				"down": {"uv": [1.25, 3.875, 14.75, 12.125], "texture": "#5"}
			}
		}
	],
	"display": {
		"thirdperson_righthand": {
			"rotation": [31.75, 0, 0],
			"translation": [0, 4.5, -1.5],
			"scale": [0.55, 0.55, 0.55]
		},
		"thirdperson_lefthand": {
			"rotation": [31.75, 0, 0],
			"translation": [0, 4.5, -1.5],
			"scale": [0.55, 0.55, 0.55]
		},
		"firstperson_righthand": {
			"rotation": [75.44, -64.39, 67.74],
			"translation": [1.13, 7.45, 0.88],
			"scale": [0.68, 0.68, 0.68]
		},
		"firstperson_lefthand": {
			"rotation": [75.44, -64.39, 67.74],
			"translation": [1.13, 7.45, 0.88],
			"scale": [0.68, 0.68, 0.68]
		},
		"ground": {
			"translation": [0, 2, 0],
			"scale": [0.5, 0.5, 0.5]
		},
		"gui": {
			"rotation": [45, 45, 0],
			"translation": [0, 1.75, 0],
			"scale": [0.65, 0.65, 0.65]
		},
		"head": {
			"rotation": [0, 180, 0],
			"translation": [0, 14.5, 0]
		},
		"fixed": {
			"rotation": [-90, 0, 0],
			"translation": [0, 0, -13],
			"scale": [1.98, 1.98, 1.98]
		}
	}
}