{
	"credit": "Made with Blockbench",
	"textures": {
		"0": "tardis:item/disk/blacker_plastic",
		"1": "tardis:item/disk/black_plastic",
		"2": "tardis:item/disk/silver_metal",
		"3": "tardis:item/tardis/keyboard",
		"particle": "tardis:item/disk/blacker_plastic"
	},
	"elements": [
		{
			"from": [0, 0, 0],
			"to": [16, 1, 16],
			"faces": {
				"north": {"uv": [0, 0, 16, 1], "texture": "#0"},
				"east": {"uv": [0, 0, 16, 1], "texture": "#0"},
				"south": {"uv": [0, 0, 16, 1], "texture": "#0"},
				"west": {"uv": [0, 0, 16, 1], "texture": "#0"},
				"up": {"uv": [0, 0, 16, 16], "texture": "#0"},
				"down": {"uv": [0, 0, 16, 16], "texture": "#0"}
			}
		},
		{
			"from": [1, 1, 1],
			"to": [15, 2, 6],
			"rotation": {"angle": 0, "axis": "y", "origin": [8, 1.5, 3.75]},
			"faces": {
				"north": {"uv": [0, 10, 14, 11], "texture": "#1"},
				"east": {"uv": [0, 8, 5, 9], "texture": "#1"},
				"south": {"uv": [0, 9, 14, 10], "texture": "#1"},
				"west": {"uv": [5, 8, 10, 9], "texture": "#1"},
				"up": {"uv": [0, 0, 11.5, 4.25], "rotation": 180, "texture": "#3"}
			}
		},
		{
			"from": [0, 1, 15],
			"to": [16, 2, 16],
			"faces": {
				"north": {"uv": [0, 13, 16, 14], "rotation": 180, "texture": "#0"},
				"east": {"uv": [1, 12, 2, 13], "rotation": 180, "texture": "#0"},
				"south": {"uv": [0, 14, 16, 15], "rotation": 180, "texture": "#0"},
				"west": {"uv": [0, 12, 1, 13], "rotation": 180, "texture": "#0"},
				"up": {"uv": [0, 15, 16, 16], "rotation": 180, "texture": "#0"}
			}
		},
		{
			"from": [0, 14, 15],
			"to": [16, 16, 16],
			"faces": {
				"north": {"uv": [0, 9, 16, 11], "rotation": 180, "texture": "#0"},
				"east": {"uv": [1, 3, 2, 5], "rotation": 180, "texture": "#0"},
				"south": {"uv": [0, 6, 16, 8], "rotation": 180, "texture": "#0"},
				"west": {"uv": [0, 3, 1, 5], "rotation": 180, "texture": "#0"},
				"up": {"uv": [0, 5, 16, 6], "rotation": 180, "texture": "#0"},
				"down": {"uv": [0, 8, 16, 9], "rotation": 180, "texture": "#0"}
			}
		},
		{
			"from": [0, 2, 15],
			"to": [1, 14, 16],
			"rotation": {"angle": 0, "axis": "y", "origin": [8, 8.5, 15.5]},
			"faces": {
				"north": {"uv": [15, 0, 16, 12], "texture": "#0"},
				"east": {"uv": [12, 0, 13, 12], "texture": "#0"},
				"south": {"uv": [13, 0, 14, 12], "texture": "#0"},
				"west": {"uv": [14, 0, 15, 12], "texture": "#0"}
			}
		},
		{
			"from": [15, 2, 15],
			"to": [16, 14, 16],
			"rotation": {"angle": 0, "axis": "y", "origin": [8, 8.5, 15.5]},
			"faces": {
				"north": {"uv": [1, 0, 2, 12], "texture": "#0"},
				"east": {"uv": [3, 0, 4, 12], "texture": "#0"},
				"south": {"uv": [2, 0, 3, 12], "texture": "#0"},
				"west": {"uv": [4, 0, 5, 12], "texture": "#0"}
			}
		},
		{
			"from": [12.5, 0.5, 10],
			"to": [13.5, 4.5, 11],
			"rotation": {"angle": -45, "axis": "x", "origin": [13, 1.5, 10.5]},
			"faces": {
				"north": {"uv": [1, 0, 2, 4], "texture": "#2"},
				"east": {"uv": [2, 0, 3, 4], "texture": "#2"},
				"south": {"uv": [3, 0, 4, 4], "texture": "#2"},
				"west": {"uv": [4, 0, 5, 4], "texture": "#2"},
				"up": {"uv": [0, 0, 1, 1], "texture": "#2"}
			}
		},
		{
			"from": [11, 1, 8],
			"to": [15, 2, 13],
			"rotation": {"angle": 0, "axis": "y", "origin": [13, 1.96967, 10.44822]},
			"faces": {
				"north": {"uv": [4, 1, 8, 2], "texture": "#1"},
				"east": {"uv": [4, 2, 9, 3], "texture": "#1"},
				"south": {"uv": [4, 3, 8, 4], "texture": "#1"},
				"west": {"uv": [4, 4, 9, 5], "texture": "#1"},
				"up": {"uv": [0, 0, 4, 5], "texture": "#1"}
			}
		},
		{
			"from": [7.5, 0.5, 10],
			"to": [8.5, 4.5, 11],
			"rotation": {"angle": -45, "axis": "x", "origin": [8, 1.5, 10.5]},
			"faces": {
				"north": {"uv": [7, 0, 8, 4], "texture": "#2"},
				"east": {"uv": [8, 0, 9, 4], "texture": "#2"},
				"south": {"uv": [9, 0, 10, 4], "texture": "#2"},
				"west": {"uv": [10, 0, 11, 4], "texture": "#2"},
				"up": {"uv": [6, 0, 7, 1], "texture": "#2"}
			}
		},
		{
			"from": [6, 1, 8],
			"to": [10, 2, 13],
			"rotation": {"angle": 0, "axis": "y", "origin": [8, 1.96967, 10.44822]},
			"faces": {
				"north": {"uv": [4, 7, 8, 8], "texture": "#1"},
				"east": {"uv": [4, 8, 9, 9], "texture": "#1"},
				"south": {"uv": [4, 9, 8, 10], "texture": "#1"},
				"west": {"uv": [4, 10, 9, 11], "texture": "#1"},
				"up": {"uv": [0, 6, 4, 11], "texture": "#1"}
			}
		},
		{
			"from": [2.5, 0.5, 10],
			"to": [3.5, 4.5, 11],
			"rotation": {"angle": 45, "axis": "x", "origin": [3, 1.5, 10.5]},
			"faces": {
				"north": {"uv": [16, 0, 15, 4], "texture": "#2"},
				"east": {"uv": [13, 0, 12, 4], "texture": "#2"},
				"south": {"uv": [14, 0, 13, 4], "texture": "#2"},
				"west": {"uv": [15, 0, 14, 4], "texture": "#2"},
				"up": {"uv": [12, 1, 11, 2], "texture": "#2"}
			}
		},
		{
			"from": [1, 1, 8],
			"to": [5, 2, 13],
			"rotation": {"angle": 0, "axis": "y", "origin": [3, 1.96967, 11.1302]},
			"faces": {
				"north": {"uv": [4, 12, 8, 13], "texture": "#1"},
				"east": {"uv": [4, 13, 9, 14], "texture": "#1"},
				"south": {"uv": [4, 14, 8, 15], "texture": "#1"},
				"west": {"uv": [4, 15, 9, 16], "texture": "#1"},
				"up": {"uv": [0, 11, 4, 16], "texture": "#1"}
			}
		}
	],
	"display": {
		"thirdperson_righthand": {
			"rotation": [30, 0, 0],
			"translation": [0, 2.75, -1.25],
			"scale": [0.375, 0.375, 0.375]
		},
		"thirdperson_lefthand": {
			"rotation": [30, 0, 0],
			"translation": [0, 2.75, -1.25],
			"scale": [0.375, 0.375, 0.375]
		},
		"firstperson_righthand": {
			"rotation": [0, 45, 0],
			"translation": [0, 4, 0],
			"scale": [0.4, 0.4, 0.4]
		},
		"firstperson_lefthand": {
			"rotation": [0, 45, 0],
			"translation": [0, 4, 0],
			"scale": [0.4, 0.4, 0.4]
		},
		"ground": {
			"scale": [0.25, 0.25, 0.25]
		},
		"gui": {
			"rotation": [30, 225, 0],
			"translation": [0.25, 0, 0],
			"scale": [0.6, 0.6, 0.6]
		},
		"head": {
			"rotation": [0, 0, 5],
			"scale": [0.65, 0.65, 0.65]
		},
		"fixed": {
			"rotation": [-90, 0, 0],
			"translation": [0, 0, -16],
			"scale": [2, 2, 2]
		}
	},
	"groups": [
		0,
		1,
		2,
		3,
		4,
		5,
		{
			"name": "switch1",
			"origin": [17, 16, 1.25],
			"color": 0,
			"children": [6, 7]
		},
		{
			"name": "switch2",
			"origin": [13, 3.5, 10.5],
			"color": 0,
			"children": [8, 9]
		},
		{
			"name": "switch3",
			"origin": [13, 3.5, 10.5],
			"color": 0,
			"children": [10, 11]
		}
	]
}