{
	"credit": "Made with Blockbench",
	"textures": {
		"0": "tardis:item/disk/black_plastic",
		"1": "tardis:item/sonic/lipstick",
		"2": "tardis:item/disk/silver",
		"3": "tardis:item/disk/blacker_plastic"
	},
	"elements": [
		{
			"name": "Cube",
			"from": [5, 7.5, 5],
			"to": [11, 8.5, 13],
			"faces": {
				"north": {"uv": [0, 0, 6, 8], "texture": "#3"},
				"east": {"uv": [0, 0, 8, 1], "texture": "#3"},
				"south": {"uv": [0, 0, 6, 1], "texture": "#3"},
				"west": {"uv": [0, 0, 8, 1], "texture": "#3"},
				"up": {"uv": [0, 0, 6, 8], "texture": "#3"},
				"down": {"uv": [7, 4, 13, 12], "texture": "#3"}
			}
		},
		{
			"name": "Cube",
			"from": [6.5, 7.51, 3.6],
			"to": [9.5, 8.49, 5.1],
			"faces": {
				"north": {"uv": [0, 0, 4, 1.5], "texture": "#3"},
				"east": {"uv": [0, 0, 4, 1.5], "texture": "#3"},
				"south": {"uv": [0, 0, 4, 1.5], "texture": "#3"},
				"west": {"uv": [0, 0, 4, 1.5], "texture": "#3"},
				"up": {"uv": [0, 0, 3, 2.5], "texture": "#3"},
				"down": {"uv": [0, 0, 4, 1.5], "texture": "#3"}
			}
		},
		{
			"name": "Cube",
			"from": [10.25, 7.51, 6],
			"to": [12.25, 8.49, 8],
			"rotation": {"angle": 45, "axis": "y", "origin": [8, 8, 8]},
			"faces": {
				"north": {"uv": [0, 0, 2, 2], "texture": "#3"},
				"east": {"uv": [0, 0, 2, 1], "texture": "#3"},
				"south": {"uv": [0, 0, 2, 1], "texture": "#3"},
				"west": {"uv": [0, 0, 2, 1], "texture": "#3"},
				"up": {"uv": [0, 0, 2, 2], "texture": "#3"},
				"down": {"uv": [4, 5, 6, 7], "texture": "#3"}
			}
		},
		{
			"name": "Cube",
			"from": [3.75, 7.51, 6],
			"to": [5.75, 8.49, 8],
			"rotation": {"angle": -45, "axis": "y", "origin": [8, 8, 8]},
			"faces": {
				"north": {"uv": [0, 0, 2, 1], "texture": "#3"},
				"east": {"uv": [0, 0, 2, 1], "texture": "#3"},
				"south": {"uv": [0, 0, 2, 1], "texture": "#3"},
				"west": {"uv": [0, 0, 2, 1], "texture": "#3"},
				"up": {"uv": [0, 0, 2, 2], "texture": "#3"},
				"down": {"uv": [0, 0, 2, 2], "texture": "#3"}
			}
		},
		{
			"name": "Cube",
			"from": [6, 7.4, 3.5],
			"to": [10, 8.6, 4.5],
			"faces": {
				"north": {"uv": [0, 0, 4, 1.2], "texture": "#1"},
				"east": {"uv": [0, 0, 1, 1.2], "texture": "#1"},
				"south": {"uv": [0, 0, 4, 1.2], "texture": "#1"},
				"west": {"uv": [0, 0, 1, 1.2], "texture": "#1"},
				"up": {"uv": [0, 0, 4, 1], "texture": "#1"},
				"down": {"uv": [0, 0, 4, 1], "texture": "#1"}
			}
		},
		{
			"name": "Cube",
			"from": [6.5, 8.6, 3.5],
			"to": [9.5, 8.8, 4.5],
			"faces": {
				"north": {"uv": [0, 0, 3, 0.2], "texture": "#1"},
				"east": {"uv": [0, 0, 1, 0.2], "texture": "#1"},
				"south": {"uv": [0, 0, 3, 0.2], "texture": "#1"},
				"west": {"uv": [0, 0, 1, 0.2], "texture": "#1"},
				"up": {"uv": [0, 0, 3, 1], "texture": "#1"},
				"down": {"uv": [0, 0, 3, 1], "texture": "#1"}
			}
		},
		{
			"name": "Cube",
			"from": [6.5, 7.2, 3.5],
			"to": [9.5, 7.4, 4.5],
			"faces": {
				"north": {"uv": [0, 0.2, 3, 0], "texture": "#1"},
				"east": {"uv": [0, 0.2, 1, 0], "texture": "#1"},
				"south": {"uv": [0, 0.2, 3, 0], "texture": "#1"},
				"west": {"uv": [0, 0.2, 1, 0], "texture": "#1"},
				"up": {"uv": [0, 1, 3, 0], "texture": "#1"},
				"down": {"uv": [0, 1, 3, 0], "texture": "#1"}
			}
		},
		{
			"name": "Cube",
			"from": [6, 8.5, 8],
			"to": [10, 8.7, 12],
			"faces": {
				"north": {"uv": [0, 0, 4, 0.2], "texture": "#0"},
				"east": {"uv": [0, 0, 4, 0.2], "texture": "#0"},
				"south": {"uv": [0, 0, 4, 0.2], "texture": "#0"},
				"west": {"uv": [0, 0, 4, 0.2], "texture": "#0"},
				"up": {"uv": [0, 0, 4, 4], "texture": "#0"},
				"down": {"uv": [0, 0, 4, 4], "texture": "#0"}
			}
		},
		{
			"name": "Cube",
			"from": [7, 8.5, 9],
			"to": [9, 9.2, 11],
			"faces": {
				"north": {"uv": [0, 0, 2, 0.7], "texture": "#2"},
				"east": {"uv": [0, 0, 2, 0.7], "texture": "#2"},
				"south": {"uv": [0, 0, 2, 0.7], "texture": "#2"},
				"west": {"uv": [0, 0, 2, 0.7], "texture": "#2"},
				"up": {"uv": [0, 0, 2, 2], "texture": "#2"},
				"down": {"uv": [0, 0, 2, 2], "texture": "#2"}
			}
		},
		{
			"name": "Cube",
			"from": [7.4, 9.2, 9.5],
			"to": [8.7, 9.4, 10.5],
			"faces": {
				"north": {"uv": [0, 0, 1.3, 0.2], "texture": "#2"},
				"east": {"uv": [0, 0, 1, 0.2], "texture": "#2"},
				"south": {"uv": [0, 0, 1.3, 0.2], "texture": "#2"},
				"west": {"uv": [0, 0, 1, 0.2], "texture": "#2"},
				"up": {"uv": [0, 0, 1.3, 1], "texture": "#2"},
				"down": {"uv": [0, 0, 1.3, 1], "texture": "#2"}
			}
		},
		{
			"name": "Cube",
			"from": [8.7, 8.5, 6.5],
			"to": [10, 8.7, 7.5],
			"faces": {
				"north": {"uv": [0, 0, 1.3, 1], "texture": "#0"},
				"east": {"uv": [0, 0, 1.3, 1], "texture": "#0"},
				"south": {"uv": [0, 0, 1.3, 1], "texture": "#0"},
				"west": {"uv": [0, 0, 1.3, 1], "texture": "#0"},
				"up": {"uv": [0, 0, 1.3, 1], "texture": "#0"},
				"down": {"uv": [0, 0, 1.3, 1], "texture": "#0"}
			}
		},
		{
			"name": "Cube",
			"from": [6, 8.5, 6.5],
			"to": [7.2, 8.7, 7.5],
			"faces": {
				"north": {"uv": [0, 0, 1.2, 1], "texture": "#0"},
				"east": {"uv": [0, 0, 1.2, 1], "texture": "#0"},
				"south": {"uv": [0, 0, 1.2, 1], "texture": "#0"},
				"west": {"uv": [0, 0, 1.2, 1], "texture": "#0"},
				"up": {"uv": [0, 0, 1.2, 1], "texture": "#0"},
				"down": {"uv": [0, 0, 1.2, 1], "texture": "#0"}
			}
		},
		{
			"name": "Cube",
			"from": [7.4, 8.5, 6.5],
			"to": [8.4, 8.7, 7.5],
			"faces": {
				"north": {"uv": [0, 0, 2, 2], "texture": "#0"},
				"east": {"uv": [0, 0, 2, 2], "texture": "#0"},
				"south": {"uv": [0, 0, 2, 2], "texture": "#0"},
				"west": {"uv": [0, 0, 2, 2], "texture": "#0"},
				"up": {"uv": [0, 0, 1, 1], "texture": "#0"},
				"down": {"uv": [0, 0, 2, 2], "texture": "#0"}
			}
		}
	],
	"display": {
		"thirdperson_righthand": {
			"rotation": [39.75, 0, 0],
			"translation": [0, 1.75, -1.75],
			"scale": [0.7, 0.7, 0.7]
		},
		"thirdperson_lefthand": {
			"rotation": [39.75, 0, 0],
			"translation": [0, 1.75, -1.75],
			"scale": [0.7, 0.7, 0.7]
		},
		"firstperson_righthand": {
			"translation": [2.5, 0, 0]
		},
		"firstperson_lefthand": {
			"translation": [2.5, 0, 0]
		},
		"ground": {
			"scale": [0.75, 0.75, 0.75]
		},
		"gui": {
			"rotation": [45, -45, 0],
			"translation": [0.75, 0, 0],
			"scale": [1.4, 1.4, 1.4]
		},
		"fixed": {
			"rotation": [-90, 180, 0]
		}
	}
}