{
	"credit": "Made with Blockbench",
	"textures": {
		"0": "tardis:item/tardis/vortex_manipulator",
		"1": "tardis:item/tardis/vortex_leather",
		"2": "tardis:item/disk/silver",
		"3": "tardis:item/disk/silver_metal",
		"4": "tardis:item/tardis/vortex_leather_dark",
		"particle": "tardis:item/tardis/vortex_manipulator"
	},
	"elements": [
		{
			"from": [6, 0.5, 0],
			"to": [10, 0.75, 12],
			"rotation": {"angle": 0, "axis": "y", "origin": [14, 8, 8]},
			"faces": {
				"north": {"uv": [0, 0, 4, 0.25], "texture": "#4"},
				"east": {"uv": [0, 0, 12, 0.25], "texture": "#4"},
				"south": {"uv": [0, 0, 4, 0.25], "texture": "#4"},
				"west": {"uv": [0, 0, 12, 0.25], "texture": "#4"},
				"up": {"uv": [0, 0, 4, 12], "texture": "#4"},
				"down": {"uv": [0, 0, 4, 12], "texture": "#4"}
			}
		},
		{
			"from": [6, 0.75, 0],
			"to": [10, 15, 0.25],
			"rotation": {"angle": 0, "axis": "y", "origin": [14, 8, 8]},
			"faces": {
				"north": {"uv": [0, 0, 4, 14.25], "texture": "#4"},
				"east": {"uv": [0, 0, 0.25, 14.25], "texture": "#4"},
				"south": {"uv": [0, 0, 4, 14.25], "texture": "#4"},
				"west": {"uv": [0, 0, 0.25, 14.25], "texture": "#4"},
				"up": {"uv": [0, 0, 4, 0.25], "texture": "#4"},
				"down": {"uv": [0, 0, 4, 0.25], "texture": "#4"}
			}
		},
		{
			"from": [2.5, 8.75, 0.25],
			"to": [13.5, 14.75, 0.5],
			"rotation": {"angle": 0, "axis": "y", "origin": [10.5, 8, 8]},
			"faces": {
				"north": {"uv": [0, 0, 11, 6], "texture": "#1"},
				"east": {"uv": [0, 0, 0.25, 6], "texture": "#1"},
				"south": {"uv": [0, 0, 11, 6], "texture": "#1"},
				"west": {"uv": [0, 0, 0.25, 6], "texture": "#1"},
				"up": {"uv": [0, 0, 11, 0.25], "texture": "#1"},
				"down": {"uv": [0, 0, 11, 0.25], "texture": "#1"}
			}
		},
		{
			"from": [2.5, 14.5, 0.5],
			"to": [13.5, 14.75, 15.5],
			"rotation": {"angle": 0, "axis": "y", "origin": [10.75, 8, 8]},
			"faces": {
				"north": {"uv": [0, 0, 11, 0.25], "rotation": 180, "texture": "#1"},
				"east": {"uv": [0, 0, 15, 0.25], "rotation": 180, "texture": "#1"},
				"south": {"uv": [0, 0, 11, 0.25], "rotation": 180, "texture": "#1"},
				"west": {"uv": [0, 0, 15, 0.25], "rotation": 180, "texture": "#1"},
				"up": {"uv": [0, 0, 11, 15], "rotation": 180, "texture": "#1"},
				"down": {"uv": [0, 0, 11, 15], "rotation": 180, "texture": "#1"}
			}
		},
		{
			"from": [2.5, 14.75, 2.5],
			"to": [13.5, 15.25, 13.5],
			"rotation": {"angle": 0, "axis": "y", "origin": [10.75, 8, 8]},
			"faces": {
				"north": {"uv": [0, 0, 11, 0.5], "rotation": 180, "texture": "#1"},
				"east": {"uv": [0, 0, 11, 0.5], "rotation": 180, "texture": "#1"},
				"south": {"uv": [0, 0, 11, 0.5], "rotation": 180, "texture": "#1"},
				"west": {"uv": [0, 0, 11, 0.5], "rotation": 180, "texture": "#1"},
				"up": {"uv": [0, 0, 11, 11], "rotation": 180, "texture": "#1"},
				"down": {"uv": [0, 0, 11, 11], "rotation": 180, "texture": "#1"}
			}
		},
		{
			"from": [3.5, 15.25, 5],
			"to": [12.5, 16.5, 11],
			"rotation": {"angle": 0, "axis": "y", "origin": [11.75, 8, 10.5]},
			"faces": {
				"north": {"uv": [0, 0, 9, 1.25], "rotation": 180, "texture": "#4"},
				"east": {"uv": [0, 0, 6, 1.25], "rotation": 180, "texture": "#4"},
				"south": {"uv": [0, 0, 9, 1.25], "rotation": 180, "texture": "#4"},
				"west": {"uv": [0, 0, 6, 1.25], "rotation": 180, "texture": "#4"},
				"up": {"uv": [0, 0, 16, 10], "rotation": 180, "texture": "#2"},
				"down": {"uv": [0, 0, 9, 6], "rotation": 180, "texture": "#4"}
			}
		},
		{
			"from": [3.5, 16.5, 5],
			"to": [12.5, 16.75, 5.75],
			"rotation": {"angle": 0, "axis": "y", "origin": [11.75, 8, 10.5]},
			"faces": {
				"north": {"uv": [0, 0, 9, 0.25], "rotation": 180, "texture": "#4"},
				"east": {"uv": [0, 0, 0.75, 0.25], "rotation": 180, "texture": "#4"},
				"south": {"uv": [0, 0, 9, 0.25], "rotation": 180, "texture": "#4"},
				"west": {"uv": [0, 0, 0.75, 0.25], "rotation": 180, "texture": "#4"},
				"up": {"uv": [0, 0, 9, 0.75], "rotation": 180, "texture": "#4"},
				"down": {"uv": [0, 0, 9, 0.75], "rotation": 180, "texture": "#4"}
			}
		},
		{
			"from": [3.5, 16.5, 10.25],
			"to": [12.5, 16.75, 11],
			"rotation": {"angle": 0, "axis": "y", "origin": [11.75, 8, 5.5]},
			"faces": {
				"north": {"uv": [0, 0, 9, 0.25], "rotation": 180, "texture": "#4"},
				"east": {"uv": [0, 0, 0.75, 0.25], "rotation": 180, "texture": "#4"},
				"south": {"uv": [0, 0, 9, 0.25], "rotation": 180, "texture": "#4"},
				"west": {"uv": [0, 0, 0.75, 0.25], "rotation": 180, "texture": "#4"},
				"up": {"uv": [0, 0, 9, 0.75], "rotation": 180, "texture": "#4"},
				"down": {"uv": [0, 0, 9, 0.75], "rotation": 180, "texture": "#4"}
			}
		},
		{
			"from": [7.625, 16.5, 5.75],
			"to": [8.375, 16.75, 10.25],
			"rotation": {"angle": 0, "axis": "y", "origin": [10.125, 8, 11.75]},
			"faces": {
				"north": {"uv": [0, 0.75, 0.25, 1.5], "rotation": 270, "texture": "#4"},
				"east": {"uv": [0, 0.75, 0.25, 5.25], "rotation": 270, "texture": "#4"},
				"south": {"uv": [0, 0.75, 0.25, 1.5], "rotation": 270, "texture": "#4"},
				"west": {"uv": [0, 0.75, 0.25, 5.25], "rotation": 270, "texture": "#4"},
				"up": {"uv": [0, 0.75, 4.5, 1.5], "rotation": 270, "texture": "#4"},
				"down": {"uv": [0, 0.75, 4.5, 1.5], "rotation": 270, "texture": "#4"}
			}
		},
		{
			"from": [3, 15.25, 5.5],
			"to": [3.5, 16.75, 10.5],
			"rotation": {"angle": 0, "axis": "y", "origin": [11.75, 8, 11]},
			"faces": {
				"north": {"uv": [0, 0, 0.5, 1.5], "rotation": 180, "texture": "#4"},
				"east": {"uv": [0, 0, 5, 1.5], "rotation": 180, "texture": "#4"},
				"south": {"uv": [0, 0, 0.5, 1.5], "rotation": 180, "texture": "#4"},
				"west": {"uv": [0, 0, 5, 1.5], "rotation": 180, "texture": "#4"},
				"up": {"uv": [0, 0, 0.5, 5], "rotation": 180, "texture": "#4"},
				"down": {"uv": [0, 0, 0.5, 5], "rotation": 180, "texture": "#4"}
			}
		},
		{
			"from": [12.5, 15.25, 5.5],
			"to": [13, 16.75, 10.5],
			"rotation": {"angle": 0, "axis": "y", "origin": [4.25, 8, 11]},
			"faces": {
				"north": {"uv": [0.5, 0, 1, 1.5], "rotation": 180, "texture": "#4"},
				"east": {"uv": [0.5, 0, 5.5, 1.5], "rotation": 180, "texture": "#4"},
				"south": {"uv": [0.5, 0, 1, 1.5], "rotation": 180, "texture": "#4"},
				"west": {"uv": [0.5, 0, 5.5, 1.5], "rotation": 180, "texture": "#4"},
				"up": {"uv": [0.5, 0, 1, 5], "rotation": 180, "texture": "#4"},
				"down": {"uv": [0.5, 0, 1, 5], "rotation": 180, "texture": "#4"}
			}
		},
		{
			"from": [12.55, 15.5, 12.55],
			"to": [12.95, 15.675, 12.95],
			"rotation": {"angle": 0, "axis": "y", "origin": [5.25, 8, 8]},
			"faces": {
				"north": {"uv": [7.666, 10.166, 8.066, 10.341], "rotation": 180, "texture": "#0"},
				"east": {"uv": [7.5, 10.166, 7.9, 10.341], "rotation": 180, "texture": "#0"},
				"south": {"uv": [7.833, 10, 8.233, 10.175], "rotation": 180, "texture": "#0"},
				"west": {"uv": [7.666, 10.166, 8.066, 10.341], "rotation": 180, "texture": "#0"},
				"up": {"uv": [7.666, 10, 8.066, 10.4], "rotation": 180, "texture": "#0"},
				"down": {"uv": [7.666, 10, 8.066, 10.4], "rotation": 180, "texture": "#0"}
			}
		},
		{
			"from": [3.05, 15.5, 12.55],
			"to": [3.45, 15.675, 12.95],
			"rotation": {"angle": 0, "axis": "y", "origin": [10.75, 8, 8]},
			"faces": {
				"north": {"uv": [7.666, 10.166, 8.066, 10.341], "rotation": 180, "texture": "#0"},
				"east": {"uv": [7.5, 10.166, 7.9, 10.341], "rotation": 180, "texture": "#0"},
				"south": {"uv": [7.833, 10, 8.233, 10.175], "rotation": 180, "texture": "#0"},
				"west": {"uv": [7.666, 10.166, 8.066, 10.341], "rotation": 180, "texture": "#0"},
				"up": {"uv": [7.666, 10, 8.066, 10.4], "rotation": 180, "texture": "#0"},
				"down": {"uv": [7.666, 10, 8.066, 10.4], "rotation": 180, "texture": "#0"}
			}
		},
		{
			"from": [2.75, 15.25, 12.25],
			"to": [3.75, 15.5, 13.25],
			"rotation": {"angle": 0, "axis": "y", "origin": [10.75, 8, 8]},
			"faces": {
				"north": {"uv": [6.666, 8.833, 7.666, 9.083], "rotation": 180, "texture": "#0"},
				"east": {"uv": [6.666, 8.833, 7.666, 9.083], "rotation": 180, "texture": "#0"},
				"south": {"uv": [6.666, 8.833, 7.666, 9.083], "rotation": 180, "texture": "#0"},
				"west": {"uv": [6.666, 8.833, 7.666, 9.083], "rotation": 180, "texture": "#0"},
				"up": {"uv": [6.666, 8.833, 7.666, 9.833], "rotation": 180, "texture": "#0"},
				"down": {"uv": [6.666, 8.833, 7.666, 9.833], "rotation": 180, "texture": "#0"}
			}
		},
		{
			"from": [12.25, 15.25, 12.25],
			"to": [13.25, 15.5, 13.25],
			"rotation": {"angle": 0, "axis": "y", "origin": [5.25, 8, 8]},
			"faces": {
				"north": {"uv": [6.666, 8.833, 7.666, 9.083], "rotation": 180, "texture": "#0"},
				"east": {"uv": [6.666, 8.833, 7.666, 9.083], "rotation": 180, "texture": "#0"},
				"south": {"uv": [6.666, 8.833, 7.666, 9.083], "rotation": 180, "texture": "#0"},
				"west": {"uv": [6.666, 8.833, 7.666, 9.083], "rotation": 180, "texture": "#0"},
				"up": {"uv": [6.666, 8.833, 7.666, 9.833], "rotation": 180, "texture": "#0"},
				"down": {"uv": [6.666, 8.833, 7.666, 9.833], "rotation": 180, "texture": "#0"}
			}
		},
		{
			"from": [4.25, 16.5, 9.25],
			"to": [5.25, 16.75, 9.75],
			"rotation": {"angle": 0, "axis": "y", "origin": [5.25, 8, 8]},
			"faces": {
				"north": {"uv": [1, 1, 2, 1.5], "rotation": 180, "texture": "#3"},
				"east": {"uv": [1, 1, 2, 1.5], "rotation": 180, "texture": "#3"},
				"south": {"uv": [1, 1, 2, 1.5], "rotation": 180, "texture": "#3"},
				"west": {"uv": [1, 1, 2, 1.5], "rotation": 180, "texture": "#3"},
				"up": {"uv": [1, 1, 2, 1.5], "rotation": 180, "texture": "#3"},
				"down": {"uv": [1, 1, 2, 1.5], "rotation": 180, "texture": "#3"}
			}
		},
		{
			"from": [4.25, 16.5, 6.25],
			"to": [6.25, 16.6, 8.75],
			"rotation": {"angle": 0, "axis": "y", "origin": [5.25, 8, 8]},
			"faces": {
				"north": {"uv": [1, 1, 3, 1.1], "rotation": 180, "texture": "#1"},
				"east": {"uv": [1, 1, 3.5, 1.1], "rotation": 180, "texture": "#1"},
				"south": {"uv": [1, 1, 3, 1.1], "rotation": 180, "texture": "#1"},
				"west": {"uv": [1, 1, 3.5, 1.1], "rotation": 180, "texture": "#1"},
				"up": {"uv": [6, 11.666, 8, 14.166], "rotation": 180, "texture": "#0"},
				"down": {"uv": [1, 1, 3, 3.5], "rotation": 180, "texture": "#1"}
			}
		},
		{
			"from": [8.75, 16.5, 9.25],
			"to": [9.75, 16.75, 9.75],
			"rotation": {"angle": 0, "axis": "y", "origin": [5.25, 8, 8]},
			"faces": {
				"north": {"uv": [1, 1, 2, 1.5], "rotation": 180, "texture": "#3"},
				"east": {"uv": [1, 1, 2, 1.5], "rotation": 180, "texture": "#3"},
				"south": {"uv": [1, 1, 2, 1.5], "rotation": 180, "texture": "#3"},
				"west": {"uv": [1, 1, 2, 1.5], "rotation": 180, "texture": "#3"},
				"up": {"uv": [1, 1, 2, 1.5], "rotation": 180, "texture": "#3"},
				"down": {"uv": [1, 1, 2, 1.5], "rotation": 180, "texture": "#3"}
			}
		},
		{
			"from": [8.75, 16.5, 6.25],
			"to": [10.25, 16.6, 7.25],
			"rotation": {"angle": 0, "axis": "y", "origin": [5.25, 8, 8]},
			"faces": {
				"north": {"uv": [12.333, 13.833, 13.833, 13.933], "rotation": 180, "texture": "#0"},
				"east": {"uv": [12.333, 13.833, 13.333, 13.933], "rotation": 180, "texture": "#0"},
				"south": {"uv": [12.333, 13.833, 13.833, 13.933], "rotation": 180, "texture": "#0"},
				"west": {"uv": [12.333, 13.833, 13.333, 13.933], "rotation": 180, "texture": "#0"},
				"up": {"uv": [12.333, 13.833, 13.833, 14.833], "rotation": 180, "texture": "#0"},
				"down": {"uv": [12.333, 13.833, 13.833, 14.833], "rotation": 180, "texture": "#0"}
			}
		},
		{
			"from": [9.75, 16.5, 7.5],
			"to": [11.25, 16.6, 9],
			"rotation": {"angle": 0, "axis": "y", "origin": [5.25, 8, 8]},
			"faces": {
				"north": {"uv": [1, 1.5, 2.5, 1.6], "rotation": 180, "texture": "#3"},
				"east": {"uv": [1, 1.5, 2.5, 1.6], "rotation": 180, "texture": "#3"},
				"south": {"uv": [1, 1.5, 2.5, 1.6], "rotation": 180, "texture": "#3"},
				"west": {"uv": [1, 1.5, 2.5, 1.6], "rotation": 180, "texture": "#3"},
				"up": {"uv": [1, 1.5, 2.5, 3], "rotation": 180, "texture": "#3"},
				"down": {"uv": [1, 1.5, 2.5, 3], "rotation": 180, "texture": "#3"}
			}
		},
		{
			"from": [6, 16.5, 9.25],
			"to": [7, 16.75, 9.75],
			"rotation": {"angle": 0, "axis": "y", "origin": [5.25, 8, 8]},
			"faces": {
				"north": {"uv": [1, 1, 2, 1.5], "rotation": 180, "texture": "#3"},
				"east": {"uv": [1, 1, 2, 1.5], "rotation": 180, "texture": "#3"},
				"south": {"uv": [1, 1, 2, 1.5], "rotation": 180, "texture": "#3"},
				"west": {"uv": [1, 1, 2, 1.5], "rotation": 180, "texture": "#3"},
				"up": {"uv": [1, 1, 2, 1.5], "rotation": 180, "texture": "#3"},
				"down": {"uv": [1, 1, 2, 1.5], "rotation": 180, "texture": "#3"}
			}
		},
		{
			"from": [2.5, 8.75, 15.5],
			"to": [13.5, 14.75, 15.75],
			"rotation": {"angle": 0, "axis": "y", "origin": [10.5, 8, 8]},
			"faces": {
				"north": {"uv": [0, 0.25, 11, 6.25], "texture": "#1"},
				"east": {"uv": [0, 0.25, 0.25, 6.25], "texture": "#1"},
				"south": {"uv": [0, 0.25, 11, 6.25], "texture": "#1"},
				"west": {"uv": [0, 0.25, 0.25, 6.25], "texture": "#1"},
				"up": {"uv": [0, 0.25, 11, 0.5], "texture": "#1"},
				"down": {"uv": [0, 0.25, 11, 0.5], "texture": "#1"}
			}
		},
		{
			"from": [3, 7.75, 15.5],
			"to": [13, 8.75, 15.75],
			"rotation": {"angle": 0, "axis": "y", "origin": [11, 8, 8]},
			"faces": {
				"north": {"uv": [0, 0.25, 10, 1.25], "texture": "#1"},
				"east": {"uv": [0, 0.25, 0.25, 1.25], "texture": "#1"},
				"south": {"uv": [0, 0.25, 10, 1.25], "texture": "#1"},
				"west": {"uv": [0, 0.25, 0.25, 1.25], "texture": "#1"},
				"up": {"uv": [0, 0.25, 10, 0.5], "texture": "#1"},
				"down": {"uv": [0, 0.25, 10, 0.5], "texture": "#1"}
			}
		},
		{
			"from": [3, 7.75, 0.25],
			"to": [13, 8.75, 0.5],
			"rotation": {"angle": 0, "axis": "y", "origin": [11, 8, 8]},
			"faces": {
				"north": {"uv": [0, 0.5, 10, 1.5], "texture": "#1"},
				"east": {"uv": [0, 0.5, 0.25, 1.5], "texture": "#1"},
				"south": {"uv": [0, 0.5, 10, 1.5], "texture": "#1"},
				"west": {"uv": [0, 0.5, 0.25, 1.5], "texture": "#1"},
				"up": {"uv": [0, 0.5, 10, 0.75], "texture": "#1"},
				"down": {"uv": [0, 0.5, 10, 0.75], "texture": "#1"}
			}
		},
		{
			"from": [6, 0.5, 15.75],
			"to": [10, 15, 16],
			"rotation": {"angle": 0, "axis": "y", "origin": [14, 8, 8]},
			"faces": {
				"north": {"uv": [0, 0.25, 4, 14.75], "texture": "#4"},
				"east": {"uv": [0, 0.25, 0.25, 14.75], "texture": "#4"},
				"south": {"uv": [0, 0.25, 4, 14.75], "texture": "#4"},
				"west": {"uv": [0, 0.25, 0.25, 14.75], "texture": "#4"},
				"up": {"uv": [0, 0.25, 4, 0.5], "texture": "#4"},
				"down": {"uv": [0, 0.25, 4, 0.5], "texture": "#4"}
			}
		},
		{
			"from": [5.75, 0, 7],
			"to": [10.25, 1, 9],
			"rotation": {"angle": 0, "axis": "y", "origin": [13.75, 8, 8]},
			"faces": {
				"north": {"uv": [11.166, 3, 15.666, 4], "texture": "#0"},
				"east": {"uv": [12.666, 3.333, 14.666, 4.333], "texture": "#0"},
				"south": {"uv": [11.166, 3.666, 15.666, 4.666], "texture": "#0"},
				"west": {"uv": [11.166, 3.833, 13.166, 4.833], "texture": "#0"},
				"up": {"uv": [11, 3, 15.5, 5], "texture": "#0"},
				"down": {"uv": [11.166, 3, 15.666, 5], "texture": "#0"}
			}
		},
		{
			"from": [6, 0.25, 6],
			"to": [10, 0.5, 16],
			"rotation": {"angle": 0, "axis": "y", "origin": [14, 8, 8]},
			"faces": {
				"north": {"uv": [0, 0, 4, 0.25], "texture": "#4"},
				"east": {"uv": [0, 0, 10, 0.25], "texture": "#4"},
				"south": {"uv": [0, 0, 4, 0.25], "texture": "#4"},
				"west": {"uv": [0, 0, 10, 0.25], "texture": "#4"},
				"up": {"uv": [0, 0, 4, 10], "texture": "#4"},
				"down": {"uv": [0, 0, 4, 10], "texture": "#4"}
			}
		},
		{
			"from": [6, 14.75, 0.25],
			"to": [10, 15, 15.75],
			"rotation": {"angle": 0, "axis": "y", "origin": [14, 8, 8]},
			"faces": {
				"north": {"uv": [0, 0, 4, 0.25], "texture": "#4"},
				"east": {"uv": [0, 0, 15.5, 0.25], "texture": "#4"},
				"south": {"uv": [0, 0, 4, 0.25], "texture": "#4"},
				"west": {"uv": [0, 0, 15.5, 0.25], "texture": "#4"},
				"up": {"uv": [0, 0, 4, 15.5], "texture": "#4"},
				"down": {"uv": [0, 0, 4, 15.5], "texture": "#4"}
			}
		},
		{
			"from": [6.5, 0.25, 5],
			"to": [9.5, 0.5, 6],
			"rotation": {"angle": 0, "axis": "y", "origin": [14.5, 8, 8]},
			"faces": {
				"north": {"uv": [0, 0, 3, 0.25], "texture": "#1"},
				"east": {"uv": [0, 0, 1, 0.25], "texture": "#1"},
				"south": {"uv": [0, 0, 3, 0.25], "texture": "#1"},
				"west": {"uv": [0, 0, 1, 0.25], "texture": "#1"},
				"up": {"uv": [0, 0, 3, 1], "texture": "#1"},
				"down": {"uv": [0, 0, 3, 1], "texture": "#1"}
			}
		}
	],
	"display": {
		"thirdperson_righthand": {
			"rotation": [0, -90, 0],
			"translation": [0, -1.9, 2],
			"scale": [0.3, 0.29, 0.27]
		},
		"thirdperson_lefthand": {
			"rotation": [0, -90, 0],
			"translation": [0, -1.9, 2],
			"scale": [0.3, 0.29, 0.27]
		},
		"firstperson_righthand": {
			"rotation": [65, -45, 45],
			"translation": [2.25, 1.25, 0],
			"scale": [0.4, 0.4, 0.4]
		},
		"firstperson_lefthand": {
			"rotation": [65, -45, 45],
			"translation": [2.25, 1.25, 0],
			"scale": [0.4, 0.4, 0.4]
		},
		"ground": {
			"scale": [0.25, 0.25, 0.25]
		},
		"gui": {
			"rotation": [30, 125, 0],
			"translation": [0, -0.25, 0],
			"scale": [0.7, 0.7, 0.7]
		},
		"head": {
			"scale": [0.7, 0.7, 0.7]
		},
		"fixed": {
			"rotation": [-90, 0, 0],
			"translation": [0, 0, 3],
			"scale": [0.75, 0.75, 0.75]
		}
	}
}