{
	"credit": "Made with Blockbench",
	"textures": {
		"0": "tardis:item/disk/black_plastic",
		"1": "tardis:item/disk/silver",
		"2": "tardis:item/sonic/red_glass",
		"3": "tardis:item/sonic/gold",
		"particle": "tardis:item/disk/black_plastic"
	},
	"elements": [
		{
			"from": [10, 0, 7.5],
			"to": [11, 4, 8.5],
			"rotation": {"angle": 0, "axis": "y", "origin": [15.5, 15.5, 15.5]},
			"faces": {
				"north": {"uv": [0, 0, 1, 4], "texture": "#0"},
				"east": {"uv": [6, 2, 7, 6], "texture": "#0"},
				"south": {"uv": [12, 4, 13, 8], "texture": "#0"},
				"west": {"uv": [4, 8, 5, 12], "texture": "#0"},
				"up": {"uv": [6, 5, 7, 6], "texture": "#0"},
				"down": {"uv": [6, 10, 7, 11], "texture": "#0"}
			}
		},
		{
			"from": [5, 0, 7.5],
			"to": [6, 4, 8.5],
			"rotation": {"angle": 0, "axis": "y", "origin": [6.5, 2, 9.5]},
			"faces": {
				"north": {"uv": [0, 0, 1, 4], "texture": "#0"},
				"east": {"uv": [6, 2, 7, 6], "texture": "#0"},
				"south": {"uv": [12, 4, 13, 8], "texture": "#0"},
				"west": {"uv": [4, 8, 5, 12], "texture": "#0"},
				"up": {"uv": [6, 5, 7, 6], "texture": "#0"},
				"down": {"uv": [6, 10, 7, 11], "texture": "#0"}
			}
		},
		{
			"from": [7.5, 0, 5],
			"to": [8.5, 4, 6],
			"rotation": {"angle": 0, "axis": "y", "origin": [8, 2, 5]},
			"faces": {
				"north": {"uv": [2, 0, 3, 4], "texture": "#0"},
				"east": {"uv": [2, 0, 3, 4], "texture": "#0"},
				"south": {"uv": [2, 0, 3, 4], "texture": "#0"},
				"west": {"uv": [2, 0, 3, 4], "texture": "#0"},
				"up": {"uv": [7, 9, 8, 10], "texture": "#0"},
				"down": {"uv": [5, 7, 6, 8], "texture": "#0"}
			}
		},
		{
			"from": [7.5, 0, 10],
			"to": [8.5, 4, 11],
			"rotation": {"angle": 0, "axis": "y", "origin": [6.5, 2, 9.5]},
			"faces": {
				"north": {"uv": [2, 0, 3, 4], "texture": "#0"},
				"east": {"uv": [6, 2, 7, 6], "texture": "#0"},
				"south": {"uv": [12, 4, 13, 8], "texture": "#0"},
				"west": {"uv": [4, 8, 5, 12], "texture": "#0"},
				"up": {"uv": [6, 5, 7, 6], "texture": "#0"},
				"down": {"uv": [6, 10, 7, 11], "texture": "#0"}
			}
		},
		{
			"from": [6, 4, 6],
			"to": [10, 6, 10],
			"rotation": {"angle": 0, "axis": "y", "origin": [14, 10.5, 14]},
			"faces": {
				"north": {"uv": [7, 8, 11, 10], "texture": "#0"},
				"east": {"uv": [0, 7, 4, 9], "texture": "#0"},
				"south": {"uv": [3, 6, 7, 8], "texture": "#0"},
				"west": {"uv": [7, 2, 11, 4], "texture": "#0"},
				"up": {"uv": [8, 9, 12, 13], "texture": "#0"},
				"down": {"uv": [0, 0, 4, 4], "texture": "#0"}
			}
		},
		{
			"from": [7, 4, 10],
			"to": [9, 5, 11],
			"rotation": {"angle": 0, "axis": "y", "origin": [8, 4.5, 8]},
			"faces": {
				"north": {"uv": [0, 0, 2, 1], "texture": "#3"},
				"east": {"uv": [0, 0, 1, 1], "texture": "#3"},
				"south": {"uv": [0, 0, 2, 1], "texture": "#3"},
				"west": {"uv": [0, 0, 1, 1], "texture": "#3"},
				"up": {"uv": [0, 0, 2, 1], "texture": "#3"},
				"down": {"uv": [0, 0, 2, 1], "texture": "#3"}
			}
		},
		{
			"from": [5, 4, 7],
			"to": [6, 5, 9],
			"rotation": {"angle": 0, "axis": "y", "origin": [8, 4.5, 8]},
			"faces": {
				"north": {"uv": [0, 0, 1, 1], "texture": "#3"},
				"east": {"uv": [0, 0, 2, 1], "texture": "#3"},
				"south": {"uv": [0, 0, 1, 1], "texture": "#3"},
				"west": {"uv": [0, 0, 2, 1], "texture": "#3"},
				"up": {"uv": [0, 0, 1, 2], "texture": "#3"},
				"down": {"uv": [0, 0, 1, 2], "texture": "#3"}
			}
		},
		{
			"from": [7, 4, 5],
			"to": [9, 5, 6],
			"rotation": {"angle": 0, "axis": "y", "origin": [8, 4.5, 8]},
			"faces": {
				"north": {"uv": [2, 0, 4, 1], "texture": "#3"},
				"east": {"uv": [2, 0, 3, 1], "texture": "#3"},
				"south": {"uv": [2, 0, 4, 1], "texture": "#3"},
				"west": {"uv": [2, 0, 3, 1], "texture": "#3"},
				"up": {"uv": [2, 0, 4, 1], "texture": "#3"},
				"down": {"uv": [2, 0, 4, 1], "texture": "#3"}
			}
		},
		{
			"from": [10, 4, 7],
			"to": [11, 5, 9],
			"rotation": {"angle": 0, "axis": "y", "origin": [8, 4.5, 8]},
			"faces": {
				"north": {"uv": [1, 0, 2, 1], "texture": "#3"},
				"east": {"uv": [1, 0, 3, 1], "texture": "#3"},
				"south": {"uv": [1, 0, 2, 1], "texture": "#3"},
				"west": {"uv": [1, 0, 3, 1], "texture": "#3"},
				"up": {"uv": [1, 0, 2, 2], "texture": "#3"},
				"down": {"uv": [1, 0, 2, 2], "texture": "#3"}
			}
		},
		{
			"from": [7.5, 5.5, 7.5],
			"to": [8.5, 8.5, 8.5],
			"rotation": {"angle": 0, "axis": "y", "origin": [15.5, 15.5, 15.5]},
			"faces": {
				"north": {"uv": [8, 4, 9, 7], "texture": "#2"},
				"east": {"uv": [8, 4, 9, 7], "texture": "#2"},
				"south": {"uv": [8, 4, 9, 7], "texture": "#2"},
				"west": {"uv": [8, 4, 9, 7], "texture": "#2"},
				"up": {"uv": [8, 4, 9, 5], "texture": "#2"},
				"down": {"uv": [8, 4, 9, 5], "texture": "#2"}
			}
		},
		{
			"from": [7.5, 10, 7.5],
			"to": [8.5, 11, 8.5],
			"rotation": {"angle": 0, "axis": "y", "origin": [15.5, 15.5, 15.5]},
			"faces": {
				"north": {"uv": [8, 7, 9, 8], "texture": "#2"},
				"east": {"uv": [8, 7, 9, 8], "texture": "#2"},
				"south": {"uv": [8, 7, 9, 8], "texture": "#2"},
				"west": {"uv": [8, 7, 9, 8], "texture": "#2"},
				"up": {"uv": [8, 7, 9, 8], "texture": "#2"},
				"down": {"uv": [8, 7, 9, 8], "texture": "#2"}
			}
		},
		{
			"from": [7, 8, 7],
			"to": [9, 10, 9],
			"rotation": {"angle": 0, "axis": "y", "origin": [15, 15, 15]},
			"faces": {
				"north": {"uv": [5, 7, 7, 9], "texture": "#1"},
				"east": {"uv": [10, 7, 12, 9], "texture": "#1"},
				"south": {"uv": [5, 2, 7, 4], "texture": "#1"},
				"west": {"uv": [1, 8, 3, 10], "texture": "#1"},
				"up": {"uv": [11, 12, 13, 14], "texture": "#1"},
				"down": {"uv": [2, 13, 4, 15], "texture": "#1"}
			}
		}
	],
	"display": {
		"thirdperson_righthand": {
			"rotation": [-33.25, -90, 55],
			"translation": [0, -1.75, -3.75],
			"scale": [0.92, 0.92, 0.92]
		},
		"thirdperson_lefthand": {
			"rotation": [-33.25, -90, 55],
			"translation": [0, -1.75, -3.75],
			"scale": [0.92, 0.92, 0.92]
		},
		"firstperson_righthand": {
			"rotation": [0, -90, 25],
			"translation": [1.13, 4, 1.13],
			"scale": [0.68, 0.68, 0.68]
		},
		"firstperson_lefthand": {
			"rotation": [0, 90, -25],
			"translation": [1.13, 4, 1.13],
			"scale": [0.68, 0.68, 0.68]
		},
		"ground": {
			"translation": [0, 3, 0],
			"scale": [0.7, 0.7, 0.7]
		},
		"gui": {
			"rotation": [0, 20, -45],
			"translation": [2.75, 3.25, 0],
			"scale": [1.25, 1.25, 1.25]
		},
		"head": {
			"translation": [0, 12.5, 0]
		},
		"fixed": {
			"translation": [0, 2.5, 0]
		}
	}
}