{
	"credit": "Made with Blockbench",
	"textures": {
		"0": "tardis:item/monster/dalek/orange/mid_bottom",
		"1": "tardis:item/monster/sea_devil/sea_devil_head_3",
		"2": "tardis:item/monster/sea_devil/sea_devil_skin",
		"particle": "tardis:item/monster/dalek/orange/mid_bottom"
	},
	"elements": [
		{
			"from": [7, 0, 7],
			"to": [9, 6, 9],
			"rotation": {"angle": 0, "axis": "y", "origin": [7, 0, 7]},
			"faces": {
				"north": {"uv": [0, 10, 2, 16], "texture": "#2"},
				"east": {"uv": [2, 10, 4, 16], "texture": "#2"},
				"south": {"uv": [4, 10, 6, 16], "texture": "#2"},
				"west": {"uv": [6, 10, 8, 16], "texture": "#2"},
				"up": {"uv": [8, 14, 10, 16], "texture": "#2"},
				"down": {"uv": [8, 12, 10, 14], "texture": "#2"}
			}
		},
		{
			"from": [7.5, 6, 6],
			"to": [8.5, 23, 9],
			"rotation": {"angle": 0, "axis": "y", "origin": [7, 0, 7]},
			"faces": {
				"north": {"uv": [0, 0, 1, 16], "texture": "#0"},
				"east": {"uv": [6, 0, 9, 16], "texture": "#0"},
				"south": {"uv": [1, 0, 2, 16], "texture": "#0"},
				"west": {"uv": [3, 0, 6, 16], "texture": "#0"},
				"up": {"uv": [2, 3, 3, 6], "texture": "#0"},
				"down": {"uv": [2, 0, 3, 3], "texture": "#0"}
			}
		},
		{
			"from": [7.75, 21, 5],
			"to": [8.25, 25.5, 6.5],
			"rotation": {"angle": 0, "axis": "y", "origin": [6.75, 0, 7]},
			"faces": {
				"north": {"uv": [1, 11.5, 1.5, 16], "texture": "#1"},
				"east": {"uv": [2, 11.5, 5, 16], "texture": "#1"},
				"south": {"uv": [1.5, 11.5, 2, 16], "texture": "#1"},
				"west": {"uv": [5, 11.5, 8, 16], "texture": "#1"},
				"up": {"uv": [0, 11.5, 0.5, 14.5], "texture": "#1"},
				"down": {"uv": [0.5, 11.5, 1, 14.5], "texture": "#1"}
			}
		},
		{
			"from": [7.75, 22, 6.5],
			"to": [8.25, 24.5, 7.5],
			"rotation": {"angle": 0, "axis": "y", "origin": [6.75, 0, 7]},
			"faces": {
				"east": {"uv": [4.75, 12.375, 5.75, 14.875], "texture": "#1"},
				"south": {"uv": [10.375, 13.5, 10.875, 16], "texture": "#1"},
				"west": {"uv": [7.875, 12.5, 8.875, 15], "texture": "#1"},
				"up": {"uv": [8.875, 13.5, 9.375, 14.5], "texture": "#1"}
			}
		},
		{
			"from": [7.75, 15.75, 5],
			"to": [8.25, 19.75, 8],
			"rotation": {"angle": 0, "axis": "y", "origin": [6.75, 0, 7]},
			"faces": {
				"north": {"uv": [1, 12, 1.5, 16], "texture": "#1"},
				"east": {"uv": [2, 12, 5, 16], "texture": "#1"},
				"west": {"uv": [5, 12, 8, 16], "texture": "#1"},
				"up": {"uv": [0, 12, 0.5, 15], "texture": "#1"},
				"down": {"uv": [0.5, 12, 1, 15], "texture": "#1"}
			}
		},
		{
			"from": [7.75, 11.5, 5],
			"to": [8.25, 14.5, 8],
			"rotation": {"angle": 0, "axis": "y", "origin": [6.75, 0, 7]},
			"faces": {
				"north": {"uv": [1, 10.625, 1.5, 13.625], "texture": "#1"},
				"east": {"uv": [2, 10.625, 5, 13.625], "texture": "#1"},
				"west": {"uv": [5, 10.625, 8, 13.625], "texture": "#1"},
				"up": {"uv": [0, 10.625, 0.5, 13.625], "texture": "#1"},
				"down": {"uv": [0.5, 10.625, 1, 13.625], "texture": "#1"}
			}
		},
		{
			"from": [7.75, 8.25, 5],
			"to": [8.25, 10.25, 8],
			"rotation": {"angle": 0, "axis": "y", "origin": [6.75, 0, 7]},
			"faces": {
				"north": {"uv": [1, 13, 1.5, 15], "texture": "#1"},
				"east": {"uv": [2, 13, 5, 15], "texture": "#1"},
				"west": {"uv": [5, 13, 8, 15], "texture": "#1"},
				"up": {"uv": [0, 13, 0.5, 16], "texture": "#1"},
				"down": {"uv": [0.5, 13, 1, 16], "texture": "#1"}
			}
		}
	],
	"display": {
		"thirdperson_righthand": {
			"translation": [0, 1.5, 0],
			"scale": [0.7, 0.7, 0.7]
		},
		"thirdperson_lefthand": {
			"translation": [0, 1.5, 0],
			"scale": [0.7, 0.7, 0.7]
		},
		"firstperson_righthand": {
			"rotation": [0, 0, -5],
			"scale": [0.6, 0.6, 0.6]
		},
		"firstperson_lefthand": {
			"rotation": [0, 0, -5],
			"scale": [0.6, 0.6, 0.6]
		},
		"ground": {
			"rotation": [-35, 0, 0],
			"scale": [0.5, 0.5, 0.5]
		},
		"gui": {
			"rotation": [90, -135, 90],
			"translation": [-3, -2, 0],
			"scale": [0.7, 0.7, 0.7]
		},
		"fixed": {
			"rotation": [-90, 45, 90],
			"translation": [2.75, -1.75, 0],
			"scale": [0.75, 0.75, 0.75]
		}
	}
}