{
	"credit": "Made with Blockbench",
	"parent": "tardis:item/planets/bucket",
	"textures": {
		"0": "tardis:item/planets/rust",
		"1": "tardis:item/planets/rust_bucket_2",
		"2": "tardis:item/planets/rust_bucket_1",
		"particle": "tardis:item/planets/rust_bucket_1"
	},
	"elements": [
		{
			"name": "Base",
			"from": [4, 0, 4],
			"to": [12, 1, 12],
			"faces": {
				"north": {"uv": [0, 0, 8, 1], "texture": "#1"},
				"east": {"uv": [0, 0, 8, 1], "texture": "#1"},
				"south": {"uv": [0, 0, 8, 1], "texture": "#1"},
				"west": {"uv": [0, 0, 8, 1], "texture": "#1"},
				"up": {"uv": [0, 0, 8, 8], "texture": "#1"},
				"down": {"uv": [8, 5.125, 16, 13.125], "texture": "#1"}
			}
		},
		{
			"name": "Back",
			"from": [3, 0, 3],
			"to": [12, 10, 4],
			"faces": {
				"north": {"uv": [1.75, 3.5, 10.75, 13.5], "texture": "#2"},
				"east": {"uv": [0, 0, 1, 10], "texture": "#1"},
				"south": {"uv": [0, 0, 9, 10], "texture": "#1"},
				"west": {"uv": [0, 0, 1, 10], "texture": "#1"},
				"up": {"uv": [2, 4.625, 11, 5.625], "texture": "#2"},
				"down": {"uv": [2.875, 12.875, 11.875, 13.875], "texture": "#1"}
			}
		},
		{
			"name": "Left",
			"from": [3, 0, 4],
			"to": [4, 10, 13],
			"faces": {
				"north": {"uv": [0, 0, 1, 10], "texture": "#1"},
				"east": {"uv": [0, 0, 9, 10], "texture": "#1"},
				"south": {"uv": [0, 0, 1, 10], "texture": "#1"},
				"west": {"uv": [3.125, 0, 12.125, 10], "texture": "#1"},
				"up": {"uv": [14.125, 4.875, 15.125, 13.875], "texture": "#1"},
				"down": {"uv": [0.125, 0.75, 1.125, 9.75], "texture": "#1"}
			}
		},
		{
			"name": "Right",
			"from": [12, 0, 3],
			"to": [13, 10, 12],
			"faces": {
				"north": {"uv": [0, 0, 1, 10], "texture": "#2"},
				"east": {"uv": [3.125, 1.25, 12.125, 11.25], "texture": "#2"},
				"south": {"uv": [0, 0, 1, 10], "texture": "#1"},
				"west": {"uv": [0, 0, 9, 10], "texture": "#1"},
				"up": {"uv": [7.75, 6.375, 8.75, 15.375], "texture": "#1"},
				"down": {"uv": [0, 0, 1, 9], "texture": "#1"}
			}
		},
		{
			"name": "Front",
			"from": [4, 0, 12],
			"to": [13, 10, 13],
			"faces": {
				"north": {"uv": [0, 0, 9, 10], "texture": "#1"},
				"east": {"uv": [0, 0, 1, 10], "texture": "#1"},
				"south": {"uv": [3.125, 4.125, 12.125, 14.125], "texture": "#1"},
				"west": {"uv": [0, 0, 1, 10], "texture": "#1"},
				"up": {"uv": [3.375, 13.25, 12.375, 14.25], "texture": "#1"},
				"down": {"uv": [7, 14.875, 16, 15.875], "texture": "#1"}
			}
		},
		{
			"name": "Liquid",
			"from": [4, 7, 4],
			"to": [12, 8, 12],
			"faces": {
				"north": {"uv": [0, 0, 8, 1], "texture": "#0"},
				"east": {"uv": [0, 0, 8, 1], "texture": "#1"},
				"south": {"uv": [0, 0, 8, 1], "texture": "#1"},
				"west": {"uv": [0, 0, 8, 1], "texture": "#1"},
				"up": {"uv": [0, 0, 8, 8], "texture": "#0"},
				"down": {"uv": [0, 0, 8, 8], "texture": "#1"}
			}
		}
	]
}