{
	"credit": "Made with Blockbench",
	"textures": {
		"0": "tardis:block/pandorica",
		"particle": "tardis:block/pandorica"
	},
	"elements": [
		{
			"from": [-16, -16, -16],
			"to": [32, 32, 32],
			"rotation": {"angle": 0, "axis": "y", "origin": [0.25, 8, 0.5]},
			"faces": {
				"north": {"uv": [0, 0, 16, 16], "texture": "#0"},
				"east": {"uv": [0, 0, 16, 16], "texture": "#0"},
				"south": {"uv": [0, 0, 16, 16], "texture": "#0"},
				"west": {"uv": [0, 0, 16, 16], "texture": "#0"},
				"up": {"uv": [0, 0, 16, 16], "texture": "#0"},
				"down": {"uv": [0, 0, 16, 16], "texture": "#0"}
			}
		}
	],
	"display": {
		"thirdperson_righthand": {
			"rotation": [75, 45, 0],
			"translation": [0, 2.5, 0],
			"scale": [0.1, 0.1, 0.1]
		},
		"thirdperson_lefthand": {
			"rotation": [75, 45, 0],
			"translation": [0, 2.5, 0],
			"scale": [0.1, 0.1, 0.1]
		},
		"firstperson_righthand": {
			"rotation": [0, 45, 0],
			"scale": [0.1, 0.1, 0.1]
		},
		"firstperson_lefthand": {
			"rotation": [0, 45, 0],
			"scale": [0.1, 0.1, 0.1]
		},
		"ground": {
			"translation": [0, 3, 0],
			"scale": [0.1, 0.1, 0.1]
		},
		"gui": {
			"rotation": [30, 225, 0],
			"scale": [0.2, 0.2, 0.2]
		},
		"head": {
			"translation": [0, 0.75, 0],
			"scale": [0.3, 0.3, 0.3]
		},
		"fixed": {
			"translation": [0, 0.25, 0],
			"scale": [0.25, 0.25, 0.25]
		}
	}
}