{
	"credit": "Made with Blockbench",
	"textures": {
		"0": "tardis:item/disk/silver_metal"
	},
	"elements": [
		{
			"name": "Cube",
			"from": [7.5, 2, 8.5],
			"to": [8.5, 4, 9.5],
			"faces": {
				"north": {"uv": [0, 0, 2, 1], "rotation": 90, "texture": "#0"},
				"east": {"uv": [11, 11, 13, 12], "rotation": 270, "texture": "#0"},
				"south": {"uv": [9, 12, 11, 13], "rotation": 270, "texture": "#0"},
				"west": {"uv": [11, 12, 13, 13], "rotation": 90, "texture": "#0"},
				"up": {"uv": [0, 0, 1, 1], "texture": "#0"},
				"down": {"uv": [13, 12, 14, 13], "rotation": 180, "texture": "#0"}
			}
		},
		{
			"name": "Cube",
			"from": [7.5, 1, 9.5],
			"to": [8.5, 4, 11.5],
			"faces": {
				"north": {"uv": [8, 8, 11, 9], "rotation": 90, "texture": "#0"},
				"east": {"uv": [11, 11, 14, 13], "rotation": 270, "texture": "#0"},
				"south": {"uv": [10, 8, 13, 9], "rotation": 270, "texture": "#0"},
				"west": {"uv": [11, 12, 14, 14], "rotation": 90, "texture": "#0"},
				"up": {"uv": [13, 11, 14, 13], "texture": "#0"},
				"down": {"uv": [10, 11, 11, 13], "rotation": 180, "texture": "#0"}
			}
		},
		{
			"name": "Cube",
			"from": [7.5, 0, 7.5],
			"to": [8.5, 1, 10.5],
			"faces": {
				"north": {"uv": [11, 12, 12, 13], "rotation": 90, "texture": "#0"},
				"east": {"uv": [11, 7, 12, 10], "rotation": 270, "texture": "#0"},
				"south": {"uv": [12, 11, 13, 12], "rotation": 270, "texture": "#0"},
				"west": {"uv": [10, 12, 11, 15], "rotation": 90, "texture": "#0"},
				"up": {"uv": [10, 7, 11, 10], "texture": "#0"},
				"down": {"uv": [11, 11, 12, 14], "rotation": 180, "texture": "#0"}
			}
		},
		{
			"name": "Cube",
			"from": [7.5, 1, 6.5],
			"to": [8.5, 4, 8.5],
			"faces": {
				"north": {"uv": [11, 11, 14, 12], "rotation": 90, "texture": "#0"},
				"east": {"uv": [6, 1, 9, 3], "rotation": 270, "texture": "#0"},
				"south": {"uv": [12, 8, 15, 9], "rotation": 270, "texture": "#0"},
				"west": {"uv": [10, 12, 13, 14], "rotation": 90, "texture": "#0"},
				"up": {"uv": [12, 11, 13, 13], "texture": "#0"},
				"down": {"uv": [12, 11, 13, 13], "rotation": 180, "texture": "#0"}
			}
		},
		{
			"name": "Cube",
			"from": [7.5, 4, 8.5],
			"to": [8.5, 12, 10.5],
			"faces": {
				"north": {"uv": [7, 8, 15, 9], "rotation": 90, "texture": "#0"},
				"east": {"uv": [7, 12, 15, 14], "rotation": 270, "texture": "#0"},
				"south": {"uv": [6, 8, 14, 9], "rotation": 270, "texture": "#0"},
				"west": {"uv": [7, 11, 15, 13], "rotation": 270, "texture": "#0"},
				"up": {"uv": [8, 7, 9, 9], "texture": "#0"},
				"down": {"uv": [6, 7, 7, 9], "rotation": 180, "texture": "#0"}
			}
		},
		{
			"name": "Cube",
			"from": [7.5, 4, 7.5],
			"to": [8.5, 7, 8.5],
			"faces": {
				"north": {"uv": [9, 7, 12, 8], "rotation": 90, "texture": "#0"},
				"east": {"uv": [9, 12, 12, 13], "rotation": 270, "texture": "#0"},
				"south": {"uv": [0, 0, 3, 1], "rotation": 270, "texture": "#0"},
				"west": {"uv": [9, 12, 12, 13], "rotation": 90, "texture": "#0"},
				"up": {"uv": [12, 12, 13, 13], "texture": "#0"},
				"down": {"uv": [0, 0, 1, 1], "rotation": 180, "texture": "#0"}
			}
		},
		{
			"name": "Cube",
			"from": [7.5, 9, 7.5],
			"to": [8.5, 10, 8.5],
			"faces": {
				"north": {"uv": [11, 8, 12, 9], "rotation": 90, "texture": "#0"},
				"east": {"uv": [12, 8, 13, 9], "rotation": 270, "texture": "#0"},
				"south": {"uv": [6, 7, 7, 8], "rotation": 270, "texture": "#0"},
				"west": {"uv": [7, 8, 8, 9], "rotation": 90, "texture": "#0"},
				"up": {"uv": [6, 7, 7, 8], "texture": "#0"},
				"down": {"uv": [5, 5, 6, 6], "rotation": 180, "texture": "#0"}
			}
		},
		{
			"name": "Cube",
			"from": [7.5, 11, 7.5],
			"to": [8.5, 12, 8.5],
			"faces": {
				"north": {"uv": [11, 12, 12, 13], "rotation": 90, "texture": "#0"},
				"east": {"uv": [11, 11, 12, 12], "rotation": 270, "texture": "#0"},
				"south": {"uv": [8, 8, 9, 9], "rotation": 270, "texture": "#0"},
				"west": {"uv": [8, 11, 9, 12], "rotation": 90, "texture": "#0"},
				"up": {"uv": [11, 11, 12, 12], "texture": "#0"},
				"down": {"uv": [11, 12, 12, 13], "rotation": 180, "texture": "#0"}
			}
		},
		{
			"name": "Cube",
			"from": [7.5, 12, 8.5],
			"to": [8.5, 13, 9.5],
			"faces": {
				"north": {"uv": [8, 5, 9, 6], "rotation": 90, "texture": "#0"},
				"east": {"uv": [7, 2, 8, 3], "rotation": 270, "texture": "#0"},
				"south": {"uv": [5, 4, 6, 5], "rotation": 270, "texture": "#0"},
				"west": {"uv": [9, 7, 10, 8], "rotation": 90, "texture": "#0"},
				"up": {"uv": [4, 5, 5, 6], "texture": "#0"},
				"down": {"uv": [5, 5, 6, 6], "rotation": 180, "texture": "#0"}
			}
		}
	],
	"display": {
		"thirdperson_righthand": {
			"translation": [0, 3, 1],
			"scale": [0.55, 0.55, 0.55]
		},
		"thirdperson_lefthand": {
			"translation": [0, 3, 1],
			"scale": [0.55, 0.55, 0.55]
		},
		"firstperson_righthand": {
			"rotation": [-66.5, -10, -10],
			"translation": [-1, 3.5, 2],
			"scale": [0.5, 0.5, 0.5]
		},
		"firstperson_lefthand": {
			"rotation": [-66.5, -10, -10],
			"translation": [-1, 3.5, 2],
			"scale": [0.5, 0.5, 0.5]
		},
		"ground": {
			"translation": [0, 3, 0],
			"scale": [0.5, 0.5, 0.5]
		},
		"gui": {
			"rotation": [0, 52, 0],
			"translation": [-0.5, 1, 0]
		},
		"head": {
			"rotation": [0, 180, 0],
			"translation": [0, 13, 1.25]
		},
		"fixed": {
			"rotation": [0, 90, 0],
			"translation": [0, 1.5, 0]
		}
	},
	"groups": [
		{
			"name": "group",
			"origin": [8, 8, 8],
			"children": [0, 1, 2, 3, 4, 5, 6, 7, 8]
		}
	]
}