{
	"credit": "Made with Blockbench",
	"gui_light": "front",
	"elements": [
		{
			"from": [6.36009, 0.2, 3.38446],
			"to": [11.36009, 1.2, 4.38446],
			"rotation": {"angle": -45, "axis": "y", "origin": [7.96732, 0.7, 7.69945]},
			"faces": {
				"north": {"uv": [4.125, 13.875, 9.125, 14.875], "rotation": 180, "texture": "#1"},
				"east": {"uv": [0, 0, 1, 1], "texture": "#0"},
				"west": {"uv": [0, 0, 1, 1], "texture": "#0"},
				"up": {"uv": [4.125, 13.875, 9.125, 14.875], "texture": "#1"},
				"down": {"uv": [4.125, 13.875, 9.125, 14.875], "texture": "#1"}
			}
		},
		{
			"from": [6.28231, 0.2, 11.09221],
			"to": [12.28231, 1.2, 12.09221],
			"rotation": {"angle": 45, "axis": "y", "origin": [7.96732, 0.7, 7.69945]},
			"faces": {
				"east": {"uv": [6.25, 6.875, 7.25, 7.875], "texture": "#1"},
				"south": {"uv": [6.875, 13.375, 12.875, 14.375], "texture": "#1"},
				"west": {"uv": [0, 0, 1, 1], "texture": "#0"},
				"up": {"uv": [6.875, 13.5, 12.875, 14.5], "texture": "#1"},
				"down": {"uv": [6.875, 13.875, 12.875, 14.875], "texture": "#1"}
			}
		},
		{
			"from": [6.05778, 0.2, 3.50944],
			"to": [9.87778, 1.2, 11.99944],
			"rotation": {"angle": 0, "axis": "x", "origin": [7.96732, 0.7, 7.69945]},
			"faces": {
				"north": {"uv": [6, 9, 10, 10], "texture": "#1"},
				"east": {"uv": [0, 0, 8.49, 1], "texture": "#0"},
				"south": {"uv": [8, 4, 12, 5], "texture": "#1"},
				"west": {"uv": [0, 0, 8.49, 1], "texture": "#0"}
			}
		},
		{
			"from": [4.5752, 0.2, 3.3851],
			"to": [9.5752, 1.2, 4.3851],
			"rotation": {"angle": 45, "axis": "y", "origin": [7.96732, 0.7, 7.69945]},
			"faces": {
				"north": {"uv": [6.375, 13.375, 11.375, 14.375], "texture": "#1"},
				"east": {"uv": [0, 0, 1, 1], "texture": "#0"},
				"west": {"uv": [0, 0, 1, 1], "texture": "#0"},
				"up": {"uv": [6.75, 13.5, 11.75, 14.5], "texture": "#1"},
				"down": {"uv": [6.75, 13.5, 11.75, 14.5], "texture": "#1"}
			}
		},
		{
			"from": [3.65298, 0.2, 11.09157],
			"to": [9.65298, 1.2, 12.09157],
			"rotation": {"angle": -45, "axis": "y", "origin": [7.96732, 0.7, 7.69945]},
			"faces": {
				"east": {"uv": [0, 0, 1, 1], "texture": "#0"},
				"south": {"uv": [3, 13.625, 9, 14.625], "texture": "#1"},
				"west": {"uv": [9.625, 8.375, 10.625, 9.375], "texture": "#1"},
				"up": {"uv": [3, 13.25, 9, 14.25], "texture": "#1"},
				"down": {"uv": [3, 13.125, 9, 14.125], "texture": "#1"}
			}
		},
		{
			"from": [4.65009, 0.2, 6.59446],
			"to": [9.45009, 1.2, 11.09446],
			"rotation": {"angle": -45, "axis": "y", "origin": [7.96732, 0.7, 7.69945]},
			"faces": {
				"up": {"uv": [0, 0, 14, 14], "texture": "#0"},
				"down": {"uv": [0, 0, 14, 14], "texture": "#0"}
			}
		},
		{
			"from": [6.48231, 0.2, 6.59221],
			"to": [11.28231, 1.2, 11.09221],
			"rotation": {"angle": 45, "axis": "y", "origin": [7.96732, 0.7, 7.69945]},
			"faces": {
				"east": {"uv": [0, 0, 4.5, 1], "texture": "#0"},
				"up": {"uv": [0, 0, 14, 14], "texture": "#0"},
				"down": {"uv": [0, 0, 14, 14], "texture": "#0"}
			}
		},
		{
			"from": [6.05778, 0, 3.50944],
			"to": [9.87778, 0.2, 11.99944],
			"rotation": {"angle": 0, "axis": "x", "origin": [7.96732, 0.7, 7.69945]},
			"faces": {
				"north": {"uv": [6, 9.5, 9.82, 9.7], "texture": "#1"},
				"east": {"uv": [8, 3, 8.2, 11.49], "rotation": 90, "texture": "#1"},
				"south": {"uv": [8, 4.5, 11.82, 4.7], "texture": "#1"},
				"west": {"uv": [5, 2, 5.2, 10.49], "rotation": 90, "texture": "#1"},
				"down": {"uv": [10.5, 1.5, 14.32, 9.99], "texture": "#1", "cullface": "down"}
			}
		},
		{
			"from": [6.05778, 1.2, 3.50944],
			"to": [9.87778, 1.4, 11.99944],
			"rotation": {"angle": 0, "axis": "x", "origin": [7.96732, 0.7, 7.69945]},
			"faces": {
				"north": {"uv": [6, 8.8, 9.82, 9], "texture": "#1"},
				"east": {"uv": [6, 2, 6.2, 10.49], "rotation": 90, "texture": "#1"},
				"south": {"uv": [8, 3.75, 11.82, 3.95], "texture": "#1"},
				"west": {"uv": [9, 3, 9.2, 11.49], "rotation": 90, "texture": "#1"},
				"up": {"uv": [1.375, 1.375, 5.195, 9.865], "texture": "#1"}
			}
		}
	],
	"display": {
		"thirdperson_righthand": {
			"rotation": [45, -90, 0],
			"translation": [0, 3, 2],
			"scale": [0.4, 0.4, 0.4]
		},
		"thirdperson_lefthand": {
			"rotation": [45, 90, 0],
			"translation": [0, 3, 2],
			"scale": [0.4, 0.4, 0.4]
		},
		"firstperson_righthand": {
			"rotation": [0, -90, -25],
			"translation": [2.5, 4, 0],
			"scale": [0.6, 0.6, 0.6]
		},
		"firstperson_lefthand": {
			"rotation": [0, 90, 25],
			"translation": [2.5, 4, 0],
			"scale": [0.6, 0.6, 0.6]
		},
		"ground": {
		   "translation": [0, 4, 0],
			"scale": [0.5, 0.5, 0.5]
		},
		"gui": {
			"rotation": [90, -90, 0]
		},
		"head": {
			"scale": [0.5, 0.5, 0.5]
		},
		"fixed": {
			"rotation": [0, 90, -90],
			"translation": [0, 0, -8]
		}
	},
	"groups": [
		{
			"name": "group",
			"origin": [8, 8, 8],
			"children": [0, 1, 2, 3, 4, 5, 6, 7, 8]
		}
	]
}