{
	"credit": "Made with Blockbench",
	"elements": [
		{
			"from": [11, 0.5, 7.5],
			"to": [13, 5.5, 8],
			"rotation": {"angle": 0, "axis": "y", "origin": [8, 8, 9]},
			"faces": {
				"north": {"uv": [0, 0.5, 2, 5.5], "texture": "#0"},
				"east": {"uv": [0, 0, 0.5, 5], "texture": "#0"},
				"south": {"uv": [0, 0.5, 2, 5.5], "texture": "#0"},
				"west": {"uv": [0, 0, 0.5, 5], "texture": "#0"},
				"up": {"uv": [0.25, 0, 2.25, 0.5], "texture": "#0"},
				"down": {"uv": [0.25, 0, 2.25, 0.5], "texture": "#0"}
			}
		},
		{
			"from": [13, 0, 7.5],
			"to": [15, 6, 8],
			"rotation": {"angle": 0, "axis": "y", "origin": [8, 8, 9]},
			"faces": {
				"north": {"uv": [0, 0, 2, 6], "texture": "#0"},
				"east": {"uv": [0, 0, 0.5, 6], "texture": "#0"},
				"south": {"uv": [0, 0, 2, 6], "texture": "#0"},
				"west": {"uv": [0, 0, 0.5, 6], "texture": "#0"},
				"up": {"uv": [0.125, 0, 2.125, 0.5], "texture": "#0"},
				"down": {"uv": [0.25, 0, 2.25, 0.5], "texture": "#0"}
			}
		},
		{
			"from": [3, 0.5, 7.5],
			"to": [5, 5.5, 8],
			"rotation": {"angle": 0, "axis": "y", "origin": [8, 8, 6]},
			"faces": {
				"north": {"uv": [0, 0.5, 2, 5.5], "texture": "#0"},
				"east": {"uv": [0, 0, 0.5, 5], "texture": "#0"},
				"south": {"uv": [0, 0.5, 2, 5.5], "texture": "#0"},
				"west": {"uv": [0, 0, 0.5, 5], "texture": "#0"},
				"up": {"uv": [0, 0, 2, 0.5], "rotation": 180, "texture": "#0"},
				"down": {"uv": [0, 0, 2, 0.5], "rotation": 180, "texture": "#0"}
			}
		},
		{
			"from": [1, 0, 7.5],
			"to": [3, 6, 8],
			"rotation": {"angle": 0, "axis": "y", "origin": [8, 8, 6]},
			"faces": {
				"north": {"uv": [0, 0, 2, 6], "texture": "#0"},
				"east": {"uv": [0, 0, 0.5, 6], "texture": "#0"},
				"south": {"uv": [0, 0, 2, 6], "texture": "#0"},
				"west": {"uv": [0, 0, 0.5, 6], "texture": "#0"},
				"up": {"uv": [0, 0, 2, 0.5], "rotation": 180, "texture": "#0"},
				"down": {"uv": [0, 0, 2, 0.5], "rotation": 180, "texture": "#0"}
			}
		},
		{
			"from": [15, 0.25, 7.5],
			"to": [15.5, 5.75, 8],
			"rotation": {"angle": 0, "axis": "y", "origin": [8, 8, 9]},
			"faces": {
				"north": {"uv": [0, 0.25, 0.5, 5.75], "texture": "#0"},
				"east": {"uv": [0, 0.25, 0.5, 5.75], "texture": "#0"},
				"south": {"uv": [0, 0.25, 0.5, 5.75], "texture": "#0"},
				"west": {"uv": [0, 0, 0.5, 5.5], "texture": "#0"},
				"up": {"uv": [0, 0, 0.5, 0.5], "texture": "#0"},
				"down": {"uv": [0, 0, 0.5, 0.5], "texture": "#0"}
			}
		},
		{
			"from": [0.5, 0.25, 7.5],
			"to": [1, 5.75, 8],
			"rotation": {"angle": 0, "axis": "y", "origin": [8, 8, 6]},
			"faces": {
				"north": {"uv": [0, 0.25, 0.5, 5.75], "texture": "#0"},
				"east": {"uv": [0, 0, 0.5, 5.5], "texture": "#0"},
				"south": {"uv": [0, 0.25, 0.5, 5.75], "texture": "#0"},
				"west": {"uv": [0, 0.25, 0.5, 5.75], "texture": "#0"},
				"up": {"uv": [0, 0, 0.5, 0.5], "rotation": 180, "texture": "#0"},
				"down": {"uv": [0, 0, 0.5, 0.5], "rotation": 180, "texture": "#0"}
			}
		},
		{
			"from": [10.5, 1, 7.5],
			"to": [11, 5, 8],
			"rotation": {"angle": 0, "axis": "y", "origin": [8, 8, 9]},
			"faces": {
				"north": {"uv": [2.625, 1, 3.375, 5], "texture": "#0"},
				"east": {"uv": [0, 0, 0.5, 4], "texture": "#0"},
				"south": {"uv": [1, 1, 1.5, 5], "texture": "#0"},
				"west": {"uv": [0, 0, 0.5, 4], "texture": "#0"},
				"up": {"uv": [0.5, 0, 1, 0.5], "texture": "#0"},
				"down": {"uv": [0, 0, 0.5, 0.5], "texture": "#0"}
			}
		},
		{
			"from": [5, 1, 7.5],
			"to": [5.5, 5, 8],
			"rotation": {"angle": 0, "axis": "y", "origin": [8, 8, 6]},
			"faces": {
				"north": {"uv": [1.375, 1, 1.875, 5], "texture": "#0"},
				"east": {"uv": [0, 0, 0.5, 4], "texture": "#0"},
				"south": {"uv": [0.5, 1, 1, 5], "texture": "#0"},
				"west": {"uv": [0, 0, 0.5, 4], "texture": "#0"},
				"up": {"uv": [0, 0, 0.5, 0.5], "rotation": 180, "texture": "#0"},
				"down": {"uv": [0, 0, 0.5, 0.5], "rotation": 180, "texture": "#0"}
			}
		},
		{
			"from": [5.5, 1.5, 7.5],
			"to": [10.5, 4.5, 8],
			"rotation": {"angle": 0, "axis": "y", "origin": [8, 8, 6]},
			"faces": {
				"north": {"uv": [0, 1.5, 5, 4.5], "texture": "#0"},
				"east": {"uv": [0, 0, 0.5, 3], "texture": "#0"},
				"south": {"uv": [0, 1.5, 5, 4.5], "texture": "#0"},
				"west": {"uv": [0, 0, 0.5, 3], "texture": "#0"},
				"up": {"uv": [0, 0, 4, 0.5], "rotation": 180, "texture": "#0"},
				"down": {"uv": [0, 0, 4, 0.5], "rotation": 180, "texture": "#0"}
			}
		},
		{
			"from": [6.5, 1, 7.5],
			"to": [9.5, 1.5, 8],
			"rotation": {"angle": 0, "axis": "y", "origin": [8, 8, 6]},
			"faces": {
				"north": {"uv": [1, 0, 4, 0.5], "texture": "#0"},
				"east": {"uv": [0, 0, 0.5, 0.5], "texture": "#0"},
				"south": {"uv": [1, 0, 4, 0.5], "texture": "#0"},
				"west": {"uv": [0, 0, 0.5, 0.5], "texture": "#0"},
				"up": {"uv": [0, 0, 3, 0.5], "rotation": 180, "texture": "#0"},
				"down": {"uv": [1, 0, 4, 0.5], "rotation": 180, "texture": "#0"}
			}
		},
		{
			"from": [6.5, 4.5, 7.5],
			"to": [9.5, 5, 8],
			"rotation": {"angle": 0, "axis": "y", "origin": [8, 8, 6]},
			"faces": {
				"north": {"uv": [1, 0, 4, 0.5], "texture": "#0"},
				"east": {"uv": [0, 0, 0.5, 0.5], "texture": "#0"},
				"south": {"uv": [1, 1.5, 4, 2], "texture": "#0"},
				"west": {"uv": [0, 0, 0.5, 0.5], "texture": "#0"},
				"up": {"uv": [1, 0, 4, 0.5], "rotation": 180, "texture": "#0"},
				"down": {"uv": [0, 0, 3, 0.5], "rotation": 180, "texture": "#0"}
			}
		}
	],
	"display": {
		"thirdperson_righthand": {
			"rotation": [-9.5, 0, 0],
			"translation": [0, 3.5, 0.25],
			"scale": [0.55, 0.55, 0.55]
		},
		"thirdperson_lefthand": {
			"rotation": [-9.5, 0, 0],
			"translation": [0, 3.5, 0.25],
			"scale": [0.55, 0.55, 0.55]
		},
		"firstperson_righthand": {
			"rotation": [0, -90, 25],
			"translation": [0, 5, 0],
			"scale": [0.68, 0.68, 0.68]
		},
		"firstperson_lefthand": {
			"rotation": [0, -90, 25],
			"translation": [0, 5, 0],
			"scale": [0.68, 0.68, 0.68]
		},
		"ground": {
			"translation": [0, 3, 0],
			"scale": [0.5, 0.5, 0.5]
		},
		"gui": {
			"translation": [0, 0.5, 0]
		},
		"head": {
			"rotation": [0, 180, 0],
			"translation": [0, -5, -4.5],
			"scale": [0.75, 0.75, 0.75]
		},
		"fixed": {
			"rotation": [0, 180, 0],
			"translation": [0, 0, -0.75]
		}
	}
}